Time	Channel A
(s)	(mV)

0.00000000	74.94463000
0.00020000	74.94463000
0.00040000	74.94463000
0.00060000	74.94463000
0.00080000	74.94463000
0.00100000	74.94463000
0.00120000	74.94463000
0.00140000	74.94463000
0.00160000	74.94463000
0.00180000	74.94463000
0.00200000	74.94463000
0.00220000	74.94463000
0.00240000	74.94463000
0.00260000	74.94463000
0.00280000	74.94463000
0.00300000	74.94463000
0.00320000	74.94463000
0.00340000	74.94463000
0.00360000	74.94463000
0.00380000	74.94463000
0.00400000	74.94463000
0.00420000	74.94463000
0.00440000	74.94463000
0.00460000	74.94463000
0.00480000	74.94463000
0.00500000	74.94463000
0.00520000	74.94463000
0.00540000	74.94463000
0.00560000	74.94463000
0.00580000	74.94463000
0.00600000	74.94463000
0.00620000	74.94463000
0.00640000	74.94463000
0.00660000	74.94463000
0.00680000	74.94463000
0.00700000	74.94463000
0.00720000	74.94463000
0.00740000	74.94463000
0.00760000	74.94463000
0.00780000	74.94463000
0.00800000	74.94463000
0.00820000	74.94463000
0.00840000	74.94463000
0.00860000	74.94463000
0.00880000	74.94463000
0.00900000	74.94463000
0.00920000	74.94463000
0.00940000	74.94463000
0.00960000	74.94463000
0.00980000	74.94463000
0.01000000	74.94463000
0.01020000	74.94463000
0.01040000	74.94463000
0.01060000	74.94463000
0.01080000	74.94463000
0.01100000	74.94463000
0.01120000	74.94463000
0.01140000	74.94463000
0.01160000	74.94463000
0.01180000	74.94463000
0.01200000	74.94463000
0.01220000	74.94463000
0.01240000	74.94463000
0.01260000	73.06840000
0.01280000	73.06840000
0.01300000	73.06840000
0.01320000	73.06840000
0.01340000	74.94463000
0.01360000	73.06840000
0.01380000	73.06840000
0.01400000	73.06840000
0.01420000	73.06840000
0.01440000	74.94463000
0.01460000	74.94463000
0.01480000	74.94463000
0.01500000	74.94463000
0.01520000	74.94463000
0.01540000	74.94463000
0.01560000	74.94463000
0.01580000	74.94463000
0.01600000	74.94463000
0.01620000	74.94463000
0.01640000	74.94463000
0.01660000	74.94463000
0.01680000	74.94463000
0.01700000	74.94463000
0.01720000	74.94463000
0.01740000	74.94463000
0.01760000	74.94463000
0.01780000	74.94463000
0.01800000	74.94463000
0.01820000	74.94463000
0.01840000	74.94463000
0.01860000	74.94463000
0.01880000	74.94463000
0.01900000	74.94463000
0.01920000	76.82086000
0.01940000	76.82086000
0.01960000	76.82086000
0.01980000	76.82086000
0.02000000	76.82086000
0.02020000	76.82086000
0.02040000	76.82086000
0.02060000	76.82086000
0.02080000	76.82086000
0.02100000	76.82086000
0.02120000	76.82086000
0.02140000	76.82086000
0.02160000	76.82086000
0.02180000	76.82086000
0.02200000	76.82086000
0.02220000	76.82086000
0.02240000	76.82086000
0.02260000	76.82086000
0.02280000	76.82086000
0.02300000	76.82086000
0.02320000	74.94463000
0.02340000	74.94463000
0.02360000	74.94463000
0.02380000	74.94463000
0.02400000	74.94463000
0.02420000	74.94463000
0.02440000	74.94463000
0.02460000	74.94463000
0.02480000	74.94463000
0.02500000	74.94463000
0.02520000	74.94463000
0.02540000	74.94463000
0.02560000	74.94463000
0.02580000	74.94463000
0.02600000	74.94463000
0.02620000	74.94463000
0.02640000	74.94463000
0.02660000	74.94463000
0.02680000	74.94463000
0.02700000	74.94463000
0.02720000	74.94463000
0.02740000	74.94463000
0.02760000	74.94463000
0.02780000	74.94463000
0.02800000	74.94463000
0.02820000	74.94463000
0.02840000	74.94463000
0.02860000	74.94463000
0.02880000	74.94463000
0.02900000	74.94463000
0.02920000	74.94463000
0.02940000	74.94463000
0.02960000	74.94463000
0.02980000	74.94463000
0.03000000	74.94463000
0.03020000	74.94463000
0.03040000	74.94463000
0.03060000	74.94463000
0.03080000	74.94463000
0.03100000	74.94463000
0.03120000	74.94463000
0.03140000	74.94463000
0.03160000	74.94463000
0.03180000	74.94463000
0.03200000	74.94463000
0.03220000	74.94463000
0.03240000	74.94463000
0.03260000	74.94463000
0.03280000	73.06840000
0.03300000	74.94463000
0.03320000	73.06840000
0.03340000	73.06840000
0.03360000	73.06840000
0.03380000	73.06840000
0.03400000	73.06840000
0.03420000	74.94463000
0.03440000	74.94463000
0.03460000	74.94463000
0.03480000	73.06840000
0.03500000	74.94463000
0.03520000	74.94463000
0.03540000	74.94463000
0.03560000	74.94463000
0.03580000	74.94463000
0.03600000	73.06840000
0.03620000	74.94463000
0.03640000	73.06840000
0.03660000	73.06840000
0.03680000	73.06840000
0.03700000	73.06840000
0.03720000	73.06840000
0.03740000	73.06840000
0.03760000	73.06840000
0.03780000	73.06840000
0.03800000	73.06840000
0.03820000	74.94463000
0.03840000	74.94463000
0.03860000	74.94463000
0.03880000	74.94463000
0.03900000	74.94463000
0.03920000	74.94463000
0.03940000	74.94463000
0.03960000	74.94463000
0.03980000	74.94463000
0.04000000	74.94463000
0.04020000	74.94463000
0.04040000	74.94463000
0.04060000	74.94463000
0.04080000	74.94463000
0.04100000	74.94463000
0.04120000	74.94463000
0.04140000	74.94463000
0.04160000	74.94463000
0.04180000	74.94463000
0.04200000	74.94463000
0.04220000	73.06840000
0.04240000	73.06840000
0.04260000	73.06840000
0.04280000	73.06840000
0.04300000	73.06840000
0.04320000	73.06840000
0.04340000	73.06840000
0.04360000	73.06840000
0.04380000	73.06840000
0.04400000	73.06840000
0.04420000	73.06840000
0.04440000	73.06840000
0.04460000	73.06840000
0.04480000	73.06840000
0.04500000	73.06840000
0.04520000	73.06840000
0.04540000	73.06840000
0.04560000	73.06840000
0.04580000	73.06840000
0.04600000	73.06840000
0.04620000	73.06840000
0.04640000	73.06840000
0.04660000	73.06840000
0.04680000	73.06840000
0.04700000	73.06840000
0.04720000	73.06840000
0.04740000	73.06840000
0.04760000	73.06840000
0.04780000	73.06840000
0.04800000	73.06840000
0.04820000	73.06840000
0.04840000	73.06840000
0.04860000	73.06840000
0.04880000	73.06840000
0.04900000	73.06840000
0.04920000	71.19833000
0.04940000	73.06840000
0.04960000	73.06840000
0.04980000	73.06840000
0.05000000	73.06840000
0.05020000	73.06840000
0.05040000	73.06840000
0.05060000	73.06840000
0.05080000	73.06840000
0.05100000	73.06840000
0.05120000	73.06840000
0.05140000	73.06840000
0.05160000	73.06840000
0.05180000	73.06840000
0.05200000	73.06840000
0.05220000	73.06840000
0.05240000	73.06840000
0.05260000	73.06840000
0.05280000	73.06840000
0.05300000	73.06840000
0.05320000	73.06840000
0.05340000	73.06840000
0.05360000	73.06840000
0.05380000	73.06840000
0.05400000	73.06840000
0.05420000	74.94463000
0.05440000	74.94463000
0.05460000	74.94463000
0.05480000	74.94463000
0.05500000	74.94463000
0.05520000	74.94463000
0.05540000	74.94463000
0.05560000	74.94463000
0.05580000	74.94463000
0.05600000	74.94463000
0.05620000	74.94463000
0.05640000	74.94463000
0.05660000	74.94463000
0.05680000	74.94463000
0.05700000	74.94463000
0.05720000	74.94463000
0.05740000	74.94463000
0.05760000	74.94463000
0.05780000	74.94463000
0.05800000	74.94463000
0.05820000	74.94463000
0.05840000	74.94463000
0.05860000	74.94463000
0.05880000	74.94463000
0.05900000	74.94463000
0.05920000	74.94463000
0.05940000	74.94463000
0.05960000	74.94463000
0.05980000	74.94463000
0.06000000	74.94463000
0.06020000	74.94463000
0.06040000	74.94463000
0.06060000	74.94463000
0.06080000	74.94463000
0.06100000	74.94463000
0.06120000	74.94463000
0.06140000	74.94463000
0.06160000	74.94463000
0.06180000	74.94463000
0.06200000	74.94463000
0.06220000	74.94463000
0.06240000	74.94463000
0.06260000	74.94463000
0.06280000	73.06840000
0.06300000	73.06840000
0.06320000	73.06840000
0.06340000	73.06840000
0.06360000	73.06840000
0.06380000	73.06840000
0.06400000	73.06840000
0.06420000	73.06840000
0.06440000	73.06840000
0.06460000	73.06840000
0.06480000	73.06840000
0.06500000	71.19833000
0.06520000	71.19833000
0.06540000	71.19833000
0.06560000	71.19833000
0.06580000	71.19833000
0.06600000	71.19833000
0.06620000	71.19833000
0.06640000	71.19833000
0.06660000	71.19833000
0.06680000	71.19833000
0.06700000	71.19833000
0.06720000	71.19833000
0.06740000	71.19833000
0.06760000	71.19833000
0.06780000	71.19833000
0.06800000	71.19833000
0.06820000	71.19833000
0.06840000	71.19833000
0.06860000	71.19833000
0.06880000	71.19833000
0.06900000	71.19833000
0.06920000	71.19833000
0.06940000	71.19833000
0.06960000	71.19833000
0.06980000	71.19833000
0.07000000	71.19833000
0.07020000	71.19833000
0.07040000	73.06840000
0.07060000	71.19833000
0.07080000	71.19833000
0.07100000	73.06840000
0.07120000	73.06840000
0.07140000	73.06840000
0.07160000	73.06840000
0.07180000	73.06840000
0.07200000	73.06840000
0.07220000	73.06840000
0.07240000	73.06840000
0.07260000	73.06840000
0.07280000	73.06840000
0.07300000	73.06840000
0.07320000	73.06840000
0.07340000	73.06840000
0.07360000	73.06840000
0.07380000	73.06840000
0.07400000	73.06840000
0.07420000	73.06840000
0.07440000	73.06840000
0.07460000	73.06840000
0.07480000	73.06840000
0.07500000	73.06840000
0.07520000	73.06840000
0.07540000	73.06840000
0.07560000	73.06840000
0.07580000	73.06840000
0.07600000	73.06840000
0.07620000	73.06840000
0.07640000	73.06840000
0.07660000	73.06840000
0.07680000	73.06840000
0.07700000	73.06840000
0.07720000	73.06840000
0.07740000	73.06840000
0.07760000	73.06840000
0.07780000	71.19833000
0.07800000	71.19833000
0.07820000	71.19833000
0.07840000	71.19833000
0.07860000	71.19833000
0.07880000	71.19833000
0.07900000	71.19833000
0.07920000	71.19833000
0.07940000	71.19833000
0.07960000	71.19833000
0.07980000	71.19833000
0.08000000	71.19833000
0.08020000	71.19833000
0.08040000	71.19833000
0.08060000	71.19833000
0.08080000	71.19833000
0.08100000	71.19833000
0.08120000	71.19833000
0.08140000	71.19833000
0.08160000	71.19833000
0.08180000	71.19833000
0.08200000	71.19833000
0.08220000	71.19833000
0.08240000	71.19833000
0.08260000	71.19833000
0.08280000	71.19833000
0.08300000	71.19833000
0.08320000	71.19833000
0.08340000	71.19833000
0.08360000	71.19833000
0.08380000	71.19833000
0.08400000	71.19833000
0.08420000	71.19833000
0.08440000	71.19833000
0.08460000	71.19833000
0.08480000	71.19833000
0.08500000	71.19833000
0.08520000	71.19833000
0.08540000	71.19833000
0.08560000	71.19833000
0.08580000	71.19833000
0.08600000	71.19833000
0.08620000	71.19833000
0.08640000	71.19833000
0.08660000	71.19833000
0.08680000	71.19833000
0.08700000	71.19833000
0.08720000	71.19833000
0.08740000	71.19833000
0.08760000	71.19833000
0.08780000	71.19833000
0.08800000	71.19833000
0.08820000	71.19833000
0.08840000	71.19833000
0.08860000	71.19833000
0.08880000	71.19833000
0.08900000	71.19833000
0.08920000	71.19833000
0.08940000	71.19833000
0.08960000	71.19833000
0.08980000	73.06840000
0.09000000	73.06840000
0.09020000	73.06840000
0.09040000	73.06840000
0.09060000	73.06840000
0.09080000	73.06840000
0.09100000	73.06840000
0.09120000	73.06840000
0.09140000	73.06840000
0.09160000	73.06840000
0.09180000	73.06840000
0.09200000	73.06840000
0.09220000	73.06840000
0.09240000	73.06840000
0.09260000	73.06840000
0.09280000	73.06840000
0.09300000	74.94463000
0.09320000	73.06840000
0.09340000	73.06840000
0.09360000	73.06840000
0.09380000	73.06840000
0.09400000	73.06840000
0.09420000	73.06840000
0.09440000	73.06840000
0.09460000	73.06840000
0.09480000	73.06840000
0.09500000	73.06840000
0.09520000	73.06840000
0.09540000	73.06840000
0.09560000	73.06840000
0.09580000	73.06840000
0.09600000	73.06840000
0.09620000	73.06840000
0.09640000	73.06840000
0.09660000	73.06840000
0.09680000	73.06840000
0.09700000	73.06840000
0.09720000	73.06840000
0.09740000	71.19833000
0.09760000	71.19833000
0.09780000	71.19833000
0.09800000	71.19833000
0.09820000	71.19833000
0.09840000	71.19833000
0.09860000	71.19833000
0.09880000	71.19833000
0.09900000	71.19833000
0.09920000	71.19833000
0.09940000	71.19833000
0.09960000	71.19833000
0.09980000	71.19833000
0.10000000	71.19833000
0.10020000	71.19833000
0.10040000	71.19833000
0.10060000	71.19833000
0.10080000	71.19833000
0.10100000	71.19833000
0.10120000	71.19833000
0.10140000	71.19833000
0.10160000	71.19833000
0.10180000	71.19833000
0.10200000	71.19833000
0.10220000	71.19833000
0.10240000	71.19833000
0.10260000	71.19833000
0.10280000	71.19833000
0.10300000	71.19833000
0.10320000	71.19833000
0.10340000	71.19833000
0.10360000	71.19833000
0.10380000	71.19833000
0.10400000	71.19833000
0.10420000	71.19833000
0.10440000	71.19833000
0.10460000	71.19833000
0.10480000	71.19833000
0.10500000	71.19833000
0.10520000	71.19833000
0.10540000	71.19833000
0.10560000	71.19833000
0.10580000	71.19833000
0.10600000	71.19833000
0.10620000	71.19833000
0.10640000	71.19833000
0.10660000	71.19833000
0.10680000	71.19833000
0.10700000	71.19833000
0.10720000	71.19833000
0.10740000	71.19833000
0.10760000	71.19833000
0.10780000	71.19833000
0.10800000	71.19833000
0.10820000	71.19833000
0.10840000	71.19833000
0.10860000	71.19833000
0.10880000	71.19833000
0.10900000	73.06840000
0.10920000	73.06840000
0.10940000	73.06840000
0.10960000	73.06840000
0.10980000	73.06840000
0.11000000	73.06840000
0.11020000	73.06840000
0.11040000	73.06840000
0.11060000	73.06840000
0.11080000	73.06840000
0.11100000	73.06840000
0.11120000	73.06840000
0.11140000	73.06840000
0.11160000	74.94463000
0.11180000	74.94463000
0.11200000	74.94463000
0.11220000	74.94463000
0.11240000	74.94463000
0.11260000	74.94463000
0.11280000	74.94463000
0.11300000	74.94463000
0.11320000	74.94463000
0.11340000	74.94463000
0.11360000	73.06840000
0.11380000	73.06840000
0.11400000	73.06840000
0.11420000	73.06840000
0.11440000	73.06840000
0.11460000	73.06840000
0.11480000	73.06840000
0.11500000	73.06840000
0.11520000	73.06840000
0.11540000	73.06840000
0.11560000	73.06840000
0.11580000	71.19833000
0.11600000	71.19833000
0.11620000	71.19833000
0.11640000	71.19833000
0.11660000	71.19833000
0.11680000	71.19833000
0.11700000	71.19833000
0.11720000	71.19833000
0.11740000	71.19833000
0.11760000	71.19833000
0.11780000	71.19833000
0.11800000	71.19833000
0.11820000	71.19833000
0.11840000	71.19833000
0.11860000	69.32209000
0.11880000	69.32209000
0.11900000	69.32209000
0.11920000	69.32209000
0.11940000	69.32209000
0.11960000	69.32209000
0.11980000	69.32209000
0.12000000	69.32209000
0.12020000	69.32209000
0.12040000	69.32209000
0.12060000	69.32209000
0.12080000	69.32209000
0.12100000	69.32209000
0.12120000	69.32209000
0.12140000	69.32209000
0.12160000	69.32209000
0.12180000	69.32209000
0.12200000	69.32209000
0.12220000	69.32209000
0.12240000	69.32209000
0.12260000	69.32209000
0.12280000	69.32209000
0.12300000	69.32209000
0.12320000	69.32209000
0.12340000	69.32209000
0.12360000	69.32209000
0.12380000	69.32209000
0.12400000	69.32209000
0.12420000	69.32209000
0.12440000	69.32209000
0.12460000	69.32209000
0.12480000	69.32209000
0.12500000	69.32209000
0.12520000	69.32209000
0.12540000	69.32209000
0.12560000	69.32209000
0.12580000	69.32209000
0.12600000	69.32209000
0.12620000	69.32209000
0.12640000	69.32209000
0.12660000	69.32209000
0.12680000	69.32209000
0.12700000	71.19833000
0.12720000	71.19833000
0.12740000	69.32209000
0.12760000	69.32209000
0.12780000	69.32209000
0.12800000	69.32209000
0.12820000	71.19833000
0.12840000	71.19833000
0.12860000	71.19833000
0.12880000	71.19833000
0.12900000	71.19833000
0.12920000	71.19833000
0.12940000	71.19833000
0.12960000	71.19833000
0.12980000	71.19833000
0.13000000	71.19833000
0.13020000	71.19833000
0.13040000	71.19833000
0.13060000	71.19833000
0.13080000	71.19833000
0.13100000	71.19833000
0.13120000	71.19833000
0.13140000	71.19833000
0.13160000	71.19833000
0.13180000	71.19833000
0.13200000	71.19833000
0.13220000	71.19833000
0.13240000	71.19833000
0.13260000	71.19833000
0.13280000	73.06840000
0.13300000	73.06840000
0.13320000	73.06840000
0.13340000	73.06840000
0.13360000	73.06840000
0.13380000	73.06840000
0.13400000	73.06840000
0.13420000	73.06840000
0.13440000	73.06840000
0.13460000	73.06840000
0.13480000	73.06840000
0.13500000	73.06840000
0.13520000	73.06840000
0.13540000	73.06840000
0.13560000	73.06840000
0.13580000	73.06840000
0.13600000	73.06840000
0.13620000	73.06840000
0.13640000	73.06840000
0.13660000	73.06840000
0.13680000	73.06840000
0.13700000	73.06840000
0.13720000	73.06840000
0.13740000	73.06840000
0.13760000	73.06840000
0.13780000	73.06840000
0.13800000	73.06840000
0.13820000	73.06840000
0.13840000	73.06840000
0.13860000	73.06840000
0.13880000	73.06840000
0.13900000	73.06840000
0.13920000	73.06840000
0.13940000	73.06840000
0.13960000	73.06840000
0.13980000	71.19833000
0.14000000	73.06840000
0.14020000	71.19833000
0.14040000	71.19833000
0.14060000	71.19833000
0.14080000	71.19833000
0.14100000	71.19833000
0.14120000	71.19833000
0.14140000	71.19833000
0.14160000	71.19833000
0.14180000	71.19833000
0.14200000	71.19833000
0.14220000	71.19833000
0.14240000	71.19833000
0.14260000	71.19833000
0.14280000	71.19833000
0.14300000	71.19833000
0.14320000	71.19833000
0.14340000	71.19833000
0.14360000	71.19833000
0.14380000	71.19833000
0.14400000	71.19833000
0.14420000	71.19833000
0.14440000	71.19833000
0.14460000	71.19833000
0.14480000	71.19833000
0.14500000	71.19833000
0.14520000	71.19833000
0.14540000	71.19833000
0.14560000	71.19833000
0.14580000	71.19833000
0.14600000	71.19833000
0.14620000	71.19833000
0.14640000	69.32209000
0.14660000	69.32209000
0.14680000	69.32209000
0.14700000	69.32209000
0.14720000	69.32209000
0.14740000	69.32209000
0.14760000	69.32209000
0.14780000	69.32209000
0.14800000	69.32209000
0.14820000	69.32209000
0.14840000	69.32209000
0.14860000	71.19833000
0.14880000	69.32209000
0.14900000	69.32209000
0.14920000	69.32209000
0.14940000	69.32209000
0.14960000	69.32209000
0.14980000	69.32209000
0.15000000	69.32209000
0.15020000	71.19833000
0.15040000	71.19833000
0.15060000	69.32209000
0.15080000	69.32209000
0.15100000	71.19833000
0.15120000	71.19833000
0.15140000	71.19833000
0.15160000	69.32209000
0.15180000	69.32209000
0.15200000	71.19833000
0.15220000	71.19833000
0.15240000	71.19833000
0.15260000	71.19833000
0.15280000	71.19833000
0.15300000	71.19833000
0.15320000	71.19833000
0.15340000	71.19833000
0.15360000	71.19833000
0.15380000	71.19833000
0.15400000	69.32209000
0.15420000	69.32209000
0.15440000	71.19833000
0.15460000	69.32209000
0.15480000	71.19833000
0.15500000	69.32209000
0.15520000	69.32209000
0.15540000	69.32209000
0.15560000	69.32209000
0.15580000	69.32209000
0.15600000	69.32209000
0.15620000	69.32209000
0.15640000	69.32209000
0.15660000	69.32209000
0.15680000	69.32209000
0.15700000	69.32209000
0.15720000	69.32209000
0.15740000	69.32209000
0.15760000	69.32209000
0.15780000	69.32209000
0.15800000	69.32209000
0.15820000	69.32209000
0.15840000	69.32209000
0.15860000	69.32209000
0.15880000	69.32209000
0.15900000	69.32209000
0.15920000	69.32209000
0.15940000	71.19833000
0.15960000	71.19833000
0.15980000	71.19833000
0.16000000	69.32209000
0.16020000	69.32209000
0.16040000	69.32209000
0.16060000	69.32209000
0.16080000	69.32209000
0.16100000	69.32209000
0.16120000	71.19833000
0.16140000	69.32209000
0.16160000	71.19833000
0.16180000	71.19833000
0.16200000	71.19833000
0.16220000	71.19833000
0.16240000	69.32209000
0.16260000	71.19833000
0.16280000	69.32209000
0.16300000	69.32209000
0.16320000	71.19833000
0.16340000	71.19833000
0.16360000	69.32209000
0.16380000	71.19833000
0.16400000	69.32209000
0.16420000	71.19833000
0.16440000	71.19833000
0.16460000	71.19833000
0.16480000	71.19833000
0.16500000	71.19833000
0.16520000	71.19833000
0.16540000	71.19833000
0.16560000	71.19833000
0.16580000	69.32209000
0.16600000	71.19833000
0.16620000	69.32209000
0.16640000	69.32209000
0.16660000	69.32209000
0.16680000	69.32209000
0.16700000	69.32209000
0.16720000	69.32209000
0.16740000	69.32209000
0.16760000	69.32209000
0.16780000	69.32209000
0.16800000	69.32209000
0.16820000	69.32209000
0.16840000	69.32209000
0.16860000	69.32209000
0.16880000	69.32209000
0.16900000	69.32209000
0.16920000	69.32209000
0.16940000	69.32209000
0.16960000	69.32209000
0.16980000	69.32209000
0.17000000	69.32209000
0.17020000	69.32209000
0.17040000	69.32209000
0.17060000	69.32209000
0.17080000	69.32209000
0.17100000	69.32209000
0.17120000	69.32209000
0.17140000	69.32209000
0.17160000	69.32209000
0.17180000	69.32209000
0.17200000	69.32209000
0.17220000	69.32209000
0.17240000	69.32209000
0.17260000	69.32209000
0.17280000	69.32209000
0.17300000	69.32209000
0.17320000	69.32209000
0.17340000	69.32209000
0.17360000	69.32209000
0.17380000	69.32209000
0.17400000	69.32209000
0.17420000	69.32209000
0.17440000	69.32209000
0.17460000	69.32209000
0.17480000	69.32209000
0.17500000	69.32209000
0.17520000	69.32209000
0.17540000	69.32209000
0.17560000	69.32209000
0.17580000	69.32209000
0.17600000	69.32209000
0.17620000	69.32209000
0.17640000	69.32209000
0.17660000	69.32209000
0.17680000	69.32209000
0.17700000	69.32209000
0.17720000	69.32209000
0.17740000	69.32209000
0.17760000	69.32209000
0.17780000	69.32209000
0.17800000	69.32209000
0.17820000	69.32209000
0.17840000	69.32209000
0.17860000	69.32209000
0.17880000	69.32209000
0.17900000	69.32209000
0.17920000	69.32209000
0.17940000	69.32209000
0.17960000	69.32209000
0.17980000	69.32209000
0.18000000	69.32209000
0.18020000	69.32209000
0.18040000	69.32209000
0.18060000	69.32209000
0.18080000	71.19833000
0.18100000	71.19833000
0.18120000	71.19833000
0.18140000	71.19833000
0.18160000	71.19833000
0.18180000	71.19833000
0.18200000	71.19833000
0.18220000	71.19833000
0.18240000	71.19833000
0.18260000	71.19833000
0.18280000	71.19833000
0.18300000	71.19833000
0.18320000	71.19833000
0.18340000	71.19833000
0.18360000	71.19833000
0.18380000	71.19833000
0.18400000	71.19833000
0.18420000	71.19833000
0.18440000	71.19833000
0.18460000	71.19833000
0.18480000	71.19833000
0.18500000	69.32209000
0.18520000	71.19833000
0.18540000	71.19833000
0.18560000	69.32209000
0.18580000	69.32209000
0.18600000	69.32209000
0.18620000	69.32209000
0.18640000	69.32209000
0.18660000	69.32209000
0.18680000	69.32209000
0.18700000	69.32209000
0.18720000	69.32209000
0.18740000	69.32209000
0.18760000	69.32209000
0.18780000	69.32209000
0.18800000	69.32209000
0.18820000	69.32209000
0.18840000	69.32209000
0.18860000	69.32209000
0.18880000	69.32209000
0.18900000	69.32209000
0.18920000	69.32209000
0.18940000	69.32209000
0.18960000	69.32209000
0.18980000	69.32209000
0.19000000	69.32209000
0.19020000	69.32209000
0.19040000	69.32209000
0.19060000	69.32209000
0.19080000	69.32209000
0.19100000	69.32209000
0.19120000	69.32209000
0.19140000	69.32209000
0.19160000	69.32209000
0.19180000	71.19833000
0.19200000	71.19833000
0.19220000	71.19833000
0.19240000	71.19833000
0.19260000	71.19833000
0.19280000	71.19833000
0.19300000	71.19833000
0.19320000	71.19833000
0.19340000	69.32209000
0.19360000	69.32209000
0.19380000	69.32209000
0.19400000	69.32209000
0.19420000	69.32209000
0.19440000	69.32209000
0.19460000	69.32209000
0.19480000	69.32209000
0.19500000	69.32209000
0.19520000	69.32209000
0.19540000	69.32209000
0.19560000	69.32209000
0.19580000	69.32209000
0.19600000	69.32209000
0.19620000	69.32209000
0.19640000	69.32209000
0.19660000	69.32209000
0.19680000	69.32209000
0.19700000	69.32209000
0.19720000	69.32209000
0.19740000	69.32209000
0.19760000	69.32209000
0.19780000	69.32209000
0.19799999	69.32209000
0.19819999	69.32209000
0.19839999	69.32209000
0.19859999	69.32209000
0.19879999	69.32209000
0.19899999	69.32209000
0.19919999	69.32209000
0.19939999	69.32209000
0.19959999	69.32209000
0.19979999	69.32209000
0.19999999	69.32209000
0.20019999	69.32209000
0.20039999	69.32209000
0.20059999	69.32209000
0.20079999	69.32209000
0.20099999	69.32209000
0.20119999	69.32209000
0.20139999	69.32209000
0.20159999	69.32209000
0.20179999	69.32209000
0.20199999	69.32209000
0.20219999	69.32209000
0.20239999	69.32209000
0.20259999	69.32209000
0.20279999	69.32209000
0.20299999	69.32209000
0.20319999	69.32209000
0.20339999	69.32209000
0.20359999	71.19833000
0.20379999	69.32209000
0.20399999	71.19833000
0.20419999	71.19833000
0.20439999	69.32209000
0.20459999	69.32209000
0.20479999	69.32209000
0.20499999	69.32209000
0.20519999	69.32209000
0.20539999	69.32209000
0.20559999	69.32209000
0.20579999	69.32209000
0.20599999	69.32209000
0.20619999	69.32209000
0.20639999	69.32209000
0.20659999	69.32209000
0.20679999	69.32209000
0.20699999	69.32209000
0.20719999	69.32209000
0.20739999	69.32209000
0.20759999	69.32209000
0.20779999	69.32209000
0.20799999	69.32209000
0.20819999	69.32209000
0.20839999	69.32209000
0.20859999	69.32209000
0.20879999	69.32209000
0.20899999	69.32209000
0.20919999	69.32209000
0.20939999	69.32209000
0.20959999	69.32209000
0.20979999	69.32209000
0.20999999	69.32209000
0.21019999	69.32209000
0.21039999	69.32209000
0.21059999	69.32209000
0.21079999	69.32209000
0.21099999	69.32209000
0.21119999	69.32209000
0.21139999	69.32209000
0.21159999	69.32209000
0.21179999	69.32209000
0.21199999	69.32209000
0.21219999	69.32209000
0.21239999	69.32209000
0.21259999	69.32209000
0.21279999	69.32209000
0.21299999	69.32209000
0.21319999	69.32209000
0.21339999	69.32209000
0.21359999	69.32209000
0.21379999	69.32209000
0.21399999	69.32209000
0.21419999	69.32209000
0.21439999	69.32209000
0.21459999	69.32209000
0.21479999	69.32209000
0.21499999	69.32209000
0.21519999	69.32209000
0.21539999	69.32209000
0.21559999	69.32209000
0.21579999	69.32209000
0.21599999	71.19833000
0.21619999	71.19833000
0.21639999	69.32209000
0.21659999	69.32209000
0.21679999	69.32209000
0.21699999	69.32209000
0.21719999	69.32209000
0.21739999	69.32209000
0.21759999	69.32209000
0.21779999	69.32209000
0.21799999	69.32209000
0.21819999	69.32209000
0.21839999	69.32209000
0.21859999	69.32209000
0.21879999	69.32209000
0.21899999	69.32209000
0.21919999	69.32209000
0.21939999	71.19833000
0.21959999	71.19833000
0.21979999	71.19833000
0.21999999	71.19833000
0.22019999	71.19833000
0.22039999	71.19833000
0.22059999	69.32209000
0.22079999	71.19833000
0.22099999	71.19833000
0.22119999	69.32209000
0.22139999	71.19833000
0.22159999	69.32209000
0.22179999	71.19833000
0.22199999	71.19833000
0.22219999	71.19833000
0.22239999	71.19833000
0.22259999	71.19833000
0.22279999	71.19833000
0.22299999	71.19833000
0.22319999	71.19833000
0.22339999	71.19833000
0.22359999	69.32209000
0.22379999	69.32209000
0.22399999	69.32209000
0.22419999	71.19833000
0.22439999	69.32209000
0.22459999	69.32209000
0.22479999	69.32209000
0.22499999	69.32209000
0.22519999	69.32209000
0.22539999	69.32209000
0.22559999	69.32209000
0.22579999	69.32209000
0.22599999	69.32209000
0.22619999	69.32209000
0.22639999	69.32209000
0.22659999	69.32209000
0.22679999	69.32209000
0.22699999	69.32209000
0.22719999	69.32209000
0.22739999	69.32209000
0.22759999	69.32209000
0.22779999	69.32209000
0.22799999	69.32209000
0.22819999	69.32209000
0.22839999	69.32209000
0.22859999	67.45202000
0.22879999	69.32209000
0.22899999	69.32209000
0.22919999	67.45202000
0.22939999	69.32209000
0.22959999	69.32209000
0.22979999	67.45202000
0.22999999	69.32209000
0.23019999	69.32209000
0.23039999	69.32209000
0.23059999	69.32209000
0.23079999	69.32209000
0.23099999	67.45202000
0.23119999	69.32209000
0.23139999	69.32209000
0.23159999	69.32209000
0.23179999	69.32209000
0.23199999	69.32209000
0.23219999	69.32209000
0.23239999	69.32209000
0.23259999	69.32209000
0.23279999	69.32209000
0.23299999	69.32209000
0.23319999	69.32209000
0.23339999	69.32209000
0.23359999	69.32209000
0.23379999	69.32209000
0.23399999	69.32209000
0.23419999	69.32209000
0.23439999	69.32209000
0.23459999	69.32209000
0.23479999	69.32209000
0.23499999	69.32209000
0.23519999	71.19833000
0.23539999	69.32209000
0.23559999	71.19833000
0.23579999	71.19833000
0.23599999	69.32209000
0.23619999	69.32209000
0.23639999	69.32209000
0.23659999	69.32209000
0.23679999	71.19833000
0.23699999	71.19833000
0.23719999	69.32209000
0.23739999	69.32209000
0.23759999	69.32209000
0.23779999	71.19833000
0.23799999	69.32209000
0.23819999	69.32209000
0.23839999	71.19833000
0.23859999	69.32209000
0.23879999	69.32209000
0.23899999	69.32209000
0.23919999	71.19833000
0.23939999	71.19833000
0.23959999	71.19833000
0.23979999	69.32209000
0.23999999	71.19833000
0.24019999	71.19833000
0.24039999	71.19833000
0.24059999	71.19833000
0.24079999	71.19833000
0.24099999	71.19833000
0.24119999	71.19833000
0.24139999	69.32209000
0.24159999	69.32209000
0.24179999	69.32209000
0.24199999	69.32209000
0.24219999	71.19833000
0.24239999	71.19833000
0.24259999	71.19833000
0.24279999	71.19833000
0.24299999	71.19833000
0.24319999	71.19833000
0.24339999	71.19833000
0.24359999	71.19833000
0.24379999	71.19833000
0.24399999	69.32209000
0.24419999	69.32209000
0.24439999	69.32209000
0.24459999	69.32209000
0.24479999	69.32209000
0.24499999	69.32209000
0.24519999	69.32209000
0.24539999	69.32209000
0.24559999	69.32209000
0.24579999	69.32209000
0.24599999	69.32209000
0.24619999	69.32209000
0.24639999	69.32209000
0.24659999	69.32209000
0.24679999	69.32209000
0.24699999	69.32209000
0.24719999	69.32209000
0.24739999	69.32209000
0.24759999	69.32209000
0.24779999	69.32209000
0.24799999	69.32209000
0.24819999	69.32209000
0.24839999	69.32209000
0.24859999	69.32209000
0.24879999	69.32209000
0.24899999	69.32209000
0.24919999	69.32209000
0.24939999	69.32209000
0.24959999	69.32209000
0.24979999	69.32209000
0.24999999	69.32209000
0.25019999	69.32209000
0.25039999	69.32209000
0.25059999	69.32209000
0.25079999	69.32209000
0.25099999	69.32209000
0.25119999	69.32209000
0.25139999	69.32209000
0.25159999	69.32209000
0.25179999	69.32209000
0.25199999	69.32209000
0.25219999	69.32209000
0.25239999	69.32209000
0.25259999	69.32209000
0.25279999	69.32209000
0.25299999	69.32209000
0.25319999	69.32209000
0.25339999	69.32209000
0.25359999	69.32209000
0.25379999	69.32209000
0.25399999	69.32209000
0.25419999	69.32209000
0.25439999	69.32209000
0.25459999	69.32209000
0.25479999	69.32209000
0.25499999	69.32209000
0.25519999	69.32209000
0.25539999	69.32209000
0.25559999	69.32209000
0.25579999	69.32209000
0.25599999	69.32209000
0.25619999	69.32209000
0.25639999	69.32209000
0.25659999	69.32209000
0.25679999	69.32209000
0.25699999	69.32209000
0.25719999	69.32209000
0.25739999	69.32209000
0.25759999	69.32209000
0.25779999	69.32209000
0.25799999	69.32209000
0.25819999	69.32209000
0.25839999	69.32209000
0.25859999	69.32209000
0.25879999	69.32209000
0.25899999	69.32209000
0.25919999	69.32209000
0.25939999	69.32209000
0.25959999	69.32209000
0.25979999	69.32209000
0.25999999	69.32209000
0.26019999	69.32209000
0.26039999	69.32209000
0.26059999	69.32209000
0.26079999	69.32209000
0.26099999	69.32209000
0.26119999	69.32209000
0.26139999	69.32209000
0.26159999	69.32209000
0.26179999	69.32209000
0.26199999	69.32209000
0.26219999	69.32209000
0.26239999	69.32209000
0.26259999	69.32209000
0.26279999	69.32209000
0.26299999	69.32209000
0.26319999	69.32209000
0.26339999	69.32209000
0.26359999	69.32209000
0.26379999	69.32209000
0.26399999	69.32209000
0.26419999	69.32209000
0.26439999	69.32209000
0.26459999	69.32209000
0.26479999	69.32209000
0.26499999	69.32209000
0.26519999	69.32209000
0.26539999	69.32209000
0.26559999	69.32209000
0.26579999	69.32209000
0.26599999	69.32209000
0.26619999	69.32209000
0.26639999	69.32209000
0.26659999	69.32209000
0.26679999	69.32209000
0.26699999	69.32209000
0.26719999	69.32209000
0.26739999	69.32209000
0.26759999	69.32209000
0.26779999	69.32209000
0.26799999	69.32209000
0.26819999	69.32209000
0.26839999	69.32209000
0.26859999	69.32209000
0.26879999	69.32209000
0.26899999	69.32209000
0.26919999	69.32209000
0.26939999	69.32209000
0.26959999	69.32209000
0.26979999	69.32209000
0.26999999	69.32209000
0.27019999	69.32209000
0.27039999	69.32209000
0.27059999	69.32209000
0.27079999	69.32209000
0.27099999	69.32209000
0.27119999	69.32209000
0.27139999	69.32209000
0.27159999	69.32209000
0.27179999	69.32209000
0.27199999	69.32209000
0.27219999	69.32209000
0.27239999	69.32209000
0.27259999	69.32209000
0.27279999	69.32209000
0.27299999	69.32209000
0.27319999	69.32209000
0.27339999	69.32209000
0.27359999	69.32209000
0.27379999	69.32209000
0.27399999	69.32209000
0.27419999	69.32209000
0.27439999	69.32209000
0.27459999	69.32209000
0.27479999	69.32209000
0.27499999	69.32209000
0.27519999	69.32209000
0.27539999	69.32209000
0.27559999	69.32209000
0.27579999	69.32209000
0.27599999	69.32209000
0.27619999	69.32209000
0.27639999	69.32209000
0.27659999	69.32209000
0.27679999	69.32209000
0.27699999	69.32209000
0.27719999	69.32209000
0.27739999	69.32209000
0.27759999	69.32209000
0.27779999	69.32209000
0.27799999	69.32209000
0.27819999	69.32209000
0.27839999	69.32209000
0.27859999	69.32209000
0.27879999	69.32209000
0.27899999	69.32209000
0.27919999	69.32209000
0.27939999	69.32209000
0.27959999	69.32209000
0.27979999	69.32209000
0.27999999	69.32209000
0.28019999	69.32209000
0.28039999	69.32209000
0.28059999	69.32209000
0.28079999	69.32209000
0.28099999	69.32209000
0.28119999	69.32209000
0.28139999	69.32209000
0.28159999	69.32209000
0.28179999	69.32209000
0.28199999	69.32209000
0.28219999	69.32209000
0.28239999	69.32209000
0.28259999	69.32209000
0.28279999	69.32209000
0.28299999	69.32209000
0.28319999	69.32209000
0.28339999	69.32209000
0.28359999	69.32209000
0.28379999	69.32209000
0.28399999	69.32209000
0.28419999	69.32209000
0.28439999	69.32209000
0.28459999	69.32209000
0.28479999	69.32209000
0.28499999	69.32209000
0.28519999	69.32209000
0.28539999	69.32209000
0.28559999	69.32209000
0.28579999	69.32209000
0.28599999	69.32209000
0.28619999	69.32209000
0.28639999	69.32209000
0.28659999	69.32209000
0.28679999	69.32209000
0.28699999	69.32209000
0.28719999	69.32209000
0.28739999	69.32209000
0.28759999	69.32209000
0.28779999	69.32209000
0.28799999	69.32209000
0.28819999	69.32209000
0.28839999	69.32209000
0.28859999	69.32209000
0.28879999	69.32209000
0.28899999	69.32209000
0.28919999	69.32209000
0.28939999	69.32209000
0.28959999	69.32209000
0.28979999	69.32209000
0.28999999	69.32209000
0.29019999	69.32209000
0.29039999	69.32209000
0.29059999	69.32209000
0.29079999	69.32209000
0.29099999	69.32209000
0.29119999	69.32209000
0.29139999	69.32209000
0.29159999	69.32209000
0.29179999	69.32209000
0.29199999	69.32209000
0.29219999	69.32209000
0.29239999	69.32209000
0.29259999	69.32209000
0.29279999	69.32209000
0.29299999	69.32209000
0.29319999	69.32209000
0.29339999	69.32209000
0.29359999	69.32209000
0.29379999	69.32209000
0.29399999	69.32209000
0.29419999	69.32209000
0.29439999	69.32209000
0.29459999	69.32209000
0.29479999	69.32209000
0.29499999	69.32209000
0.29519999	69.32209000
0.29539999	69.32209000
0.29559999	69.32209000
0.29579999	69.32209000
0.29599999	69.32209000
0.29619999	69.32209000
0.29639999	69.32209000
0.29659999	69.32209000
0.29679999	69.32209000
0.29699999	69.32209000
0.29719999	69.32209000
0.29739999	69.32209000
0.29759999	69.32209000
0.29779999	69.32209000
0.29799999	69.32209000
0.29819999	69.32209000
0.29839999	69.32209000
0.29859999	69.32209000
0.29879999	69.32209000
0.29899999	69.32209000
0.29919999	69.32209000
0.29939999	69.32209000
0.29959999	69.32209000
0.29979999	69.32209000
0.29999999	69.32209000
0.30019999	69.32209000
0.30039999	69.32209000
0.30059999	69.32209000
0.30079999	69.32209000
0.30099999	69.32209000
0.30119999	69.32209000
0.30139999	69.32209000
0.30159999	69.32209000
0.30179999	69.32209000
0.30199999	69.32209000
0.30219999	69.32209000
0.30239999	69.32209000
0.30259999	69.32209000
0.30279999	69.32209000
0.30299999	69.32209000
0.30319999	69.32209000
0.30339999	69.32209000
0.30359999	69.32209000
0.30379999	69.32209000
0.30399999	69.32209000
0.30419999	69.32209000
0.30439999	69.32209000
0.30459999	69.32209000
0.30479999	69.32209000
0.30499999	69.32209000
0.30519999	69.32209000
0.30539999	69.32209000
0.30559999	69.32209000
0.30579999	69.32209000
0.30599999	69.32209000
0.30619999	69.32209000
0.30639999	69.32209000
0.30659999	69.32209000
0.30679999	69.32209000
0.30699999	69.32209000
0.30719999	69.32209000
0.30739999	69.32209000
0.30759999	69.32209000
0.30779999	69.32209000
0.30799999	69.32209000
0.30819999	69.32209000
0.30839999	69.32209000
0.30859999	69.32209000
0.30879999	69.32209000
0.30899999	69.32209000
0.30919999	69.32209000
0.30939999	69.32209000
0.30959999	69.32209000
0.30979999	69.32209000
0.30999999	69.32209000
0.31019999	69.32209000
0.31039999	69.32209000
0.31059999	69.32209000
0.31079999	69.32209000
0.31099999	69.32209000
0.31119999	69.32209000
0.31139999	69.32209000
0.31159999	69.32209000
0.31179999	69.32209000
0.31199999	69.32209000
0.31219999	69.32209000
0.31239999	69.32209000
0.31259999	69.32209000
0.31279999	69.32209000
0.31299999	69.32209000
0.31319999	69.32209000
0.31339999	69.32209000
0.31359999	69.32209000
0.31379999	69.32209000
0.31399999	69.32209000
0.31419999	69.32209000
0.31439999	69.32209000
0.31459999	69.32209000
0.31479999	69.32209000
0.31499999	69.32209000
0.31519999	69.32209000
0.31539999	69.32209000
0.31559999	69.32209000
0.31579999	69.32209000
0.31599999	69.32209000
0.31619999	69.32209000
0.31639999	69.32209000
0.31659999	69.32209000
0.31679999	69.32209000
0.31699999	69.32209000
0.31719999	69.32209000
0.31739999	69.32209000
0.31759999	69.32209000
0.31779999	69.32209000
0.31799999	69.32209000
0.31819999	69.32209000
0.31839999	69.32209000
0.31859999	69.32209000
0.31879999	69.32209000
0.31899999	69.32209000
0.31919999	69.32209000
0.31939999	69.32209000
0.31959999	69.32209000
0.31979999	69.32209000
0.31999999	69.32209000
0.32019999	69.32209000
0.32039999	69.32209000
0.32059999	69.32209000
0.32079999	69.32209000
0.32099999	69.32209000
0.32119999	69.32209000
0.32139999	69.32209000
0.32159999	69.32209000
0.32179999	69.32209000
0.32199999	69.32209000
0.32219999	69.32209000
0.32239999	69.32209000
0.32259999	69.32209000
0.32279999	69.32209000
0.32299999	69.32209000
0.32319999	69.32209000
0.32339999	69.32209000
0.32359999	69.32209000
0.32379999	69.32209000
0.32399999	69.32209000
0.32419999	69.32209000
0.32439999	69.32209000
0.32459999	69.32209000
0.32479999	69.32209000
0.32499999	69.32209000
0.32519999	69.32209000
0.32539999	69.32209000
0.32559999	69.32209000
0.32579999	69.32209000
0.32599999	69.32209000
0.32619999	69.32209000
0.32639999	69.32209000
0.32659999	69.32209000
0.32679999	69.32209000
0.32699999	69.32209000
0.32719999	69.32209000
0.32739999	69.32209000
0.32759999	69.32209000
0.32779999	69.32209000
0.32799999	69.32209000
0.32819999	69.32209000
0.32839999	69.32209000
0.32859999	69.32209000
0.32879999	69.32209000
0.32899999	69.32209000
0.32919999	69.32209000
0.32939999	69.32209000
0.32959999	71.19833000
0.32979999	69.32209000
0.32999999	69.32209000
0.33019999	69.32209000
0.33039999	71.19833000
0.33059999	69.32209000
0.33079999	71.19833000
0.33099999	69.32209000
0.33119999	69.32209000
0.33139999	69.32209000
0.33159999	69.32209000
0.33179999	71.19833000
0.33199999	71.19833000
0.33219999	71.19833000
0.33239999	71.19833000
0.33259999	71.19833000
0.33279999	71.19833000
0.33299999	71.19833000
0.33319999	71.19833000
0.33339999	71.19833000
0.33359999	71.19833000
0.33379999	71.19833000
0.33399999	71.19833000
0.33419999	71.19833000
0.33439999	71.19833000
0.33459999	71.19833000
0.33479999	71.19833000
0.33499999	71.19833000
0.33519999	71.19833000
0.33539999	71.19833000
0.33559999	71.19833000
0.33579999	71.19833000
0.33599999	71.19833000
0.33619999	71.19833000
0.33639999	71.19833000
0.33659999	71.19833000
0.33679999	71.19833000
0.33699999	71.19833000
0.33719999	71.19833000
0.33739999	71.19833000
0.33759999	71.19833000
0.33779999	71.19833000
0.33799999	71.19833000
0.33819999	71.19833000
0.33839999	71.19833000
0.33859999	71.19833000
0.33879999	71.19833000
0.33899999	71.19833000
0.33919999	71.19833000
0.33939999	71.19833000
0.33959999	71.19833000
0.33979999	71.19833000
0.33999999	71.19833000
0.34019999	71.19833000
0.34039999	71.19833000
0.34059999	71.19833000
0.34079999	71.19833000
0.34099999	71.19833000
0.34119999	71.19833000
0.34139999	71.19833000
0.34159999	71.19833000
0.34179999	71.19833000
0.34199999	71.19833000
0.34219999	71.19833000
0.34239999	71.19833000
0.34259999	71.19833000
0.34279999	71.19833000
0.34299999	71.19833000
0.34319999	71.19833000
0.34339999	71.19833000
0.34359999	71.19833000
0.34379999	71.19833000
0.34399999	71.19833000
0.34419999	71.19833000
0.34439999	71.19833000
0.34459999	71.19833000
0.34479999	71.19833000
0.34499999	71.19833000
0.34519999	71.19833000
0.34539999	71.19833000
0.34559999	71.19833000
0.34579999	71.19833000
0.34599999	73.06840000
0.34619999	73.06840000
0.34639999	73.06840000
0.34659999	73.06840000
0.34679999	73.06840000
0.34699999	73.06840000
0.34719999	73.06840000
0.34739999	73.06840000
0.34759999	73.06840000
0.34779999	73.06840000
0.34799999	73.06840000
0.34819999	73.06840000
0.34839999	73.06840000
0.34859999	73.06840000
0.34879999	73.06840000
0.34899999	73.06840000
0.34919999	73.06840000
0.34939999	73.06840000
0.34959999	73.06840000
0.34979999	73.06840000
0.34999999	73.06840000
0.35019999	73.06840000
0.35039999	73.06840000
0.35059999	73.06840000
0.35079999	74.94463000
0.35099999	74.94463000
0.35119999	74.94463000
0.35139999	74.94463000
0.35159999	74.94463000
0.35179999	74.94463000
0.35199999	74.94463000
0.35219999	74.94463000
0.35239999	76.82086000
0.35259999	76.82086000
0.35279999	76.82086000
0.35299999	76.82086000
0.35319999	76.82086000
0.35339999	76.82086000
0.35359999	76.82086000
0.35379999	76.82086000
0.35399999	76.82086000
0.35419999	74.94463000
0.35439999	74.94463000
0.35459999	74.94463000
0.35479999	74.94463000
0.35499999	74.94463000
0.35519999	74.94463000
0.35539999	74.94463000
0.35559999	74.94463000
0.35579999	74.94463000
0.35599999	74.94463000
0.35619999	74.94463000
0.35639999	74.94463000
0.35659999	74.94463000
0.35679999	74.94463000
0.35699999	74.94463000
0.35719999	74.94463000
0.35739999	74.94463000
0.35759999	74.94463000
0.35779999	74.94463000
0.35799999	74.94463000
0.35819999	74.94463000
0.35839999	74.94463000
0.35859999	74.94463000
0.35879999	74.94463000
0.35899999	76.82086000
0.35919999	76.82086000
0.35939999	76.82086000
0.35959999	76.82086000
0.35979999	76.82086000
0.35999999	76.82086000
0.36019999	76.82086000
0.36039999	76.82086000
0.36059999	76.82086000
0.36079999	76.82086000
0.36099999	74.94463000
0.36119999	74.94463000
0.36139999	74.94463000
0.36159999	74.94463000
0.36179999	74.94463000
0.36199999	74.94463000
0.36219999	74.94463000
0.36239999	74.94463000
0.36259999	74.94463000
0.36279999	74.94463000
0.36299999	74.94463000
0.36319999	74.94463000
0.36339999	74.94463000
0.36359999	76.82086000
0.36379999	74.94463000
0.36399999	76.82086000
0.36419999	76.82086000
0.36439999	76.82086000
0.36459999	76.82086000
0.36479999	76.82086000
0.36499999	76.82086000
0.36519999	78.69094000
0.36539999	78.69094000
0.36559999	78.69094000
0.36579999	78.69094000
0.36599999	78.69094000
0.36619999	78.69094000
0.36639999	78.69094000
0.36659999	78.69094000
0.36679999	78.69094000
0.36699999	78.69094000
0.36719999	78.69094000
0.36739999	78.69094000
0.36759999	78.69094000
0.36779999	78.69094000
0.36799999	78.69094000
0.36819999	80.56717000
0.36839999	80.56717000
0.36859999	80.56717000
0.36879999	80.56717000
0.36899999	80.56717000
0.36919999	80.56717000
0.36939999	80.56717000
0.36959999	80.56717000
0.36979999	80.56717000
0.36999999	80.56717000
0.37019999	80.56717000
0.37039999	80.56717000
0.37059999	80.56717000
0.37079999	80.56717000
0.37099999	80.56717000
0.37119999	80.56717000
0.37139999	80.56717000
0.37159999	80.56717000
0.37179999	80.56717000
0.37199999	80.56717000
0.37219999	80.56717000
0.37239999	80.56717000
0.37259999	80.56717000
0.37279999	80.56717000
0.37299999	80.56717000
0.37319999	80.56717000
0.37339999	80.56717000
0.37359999	80.56717000
0.37379999	80.56717000
0.37399999	80.56717000
0.37419999	80.56717000
0.37439999	80.56717000
0.37459999	80.56717000
0.37479999	80.56717000
0.37499999	80.56717000
0.37519999	80.56717000
0.37539999	80.56717000
0.37559999	80.56717000
0.37579999	80.56717000
0.37599999	80.56717000
0.37619999	80.56717000
0.37639999	80.56717000
0.37659999	80.56717000
0.37679999	80.56717000
0.37699999	80.56717000
0.37719999	80.56717000
0.37739999	80.56717000
0.37759999	80.56717000
0.37779999	80.56717000
0.37799999	80.56717000
0.37819999	80.56717000
0.37839999	80.56717000
0.37859999	80.56717000
0.37879999	80.56717000
0.37899999	80.56717000
0.37919999	80.56717000
0.37939999	80.56717000
0.37959999	80.56717000
0.37979999	80.56717000
0.37999999	80.56717000
0.38019999	80.56717000
0.38039999	80.56717000
0.38059999	80.56717000
0.38079999	80.56717000
0.38099999	80.56717000
0.38119999	80.56717000
0.38139999	80.56717000
0.38159999	80.56717000
0.38179999	80.56717000
0.38199999	80.56717000
0.38219999	80.56717000
0.38239999	80.56717000
0.38259999	80.56717000
0.38279999	80.56717000
0.38299999	82.43725000
0.38319999	82.43725000
0.38339999	82.43725000
0.38359999	82.43725000
0.38379999	82.43725000
0.38399999	82.43725000
0.38419999	84.31348000
0.38439999	84.31348000
0.38459999	84.31348000
0.38479999	84.31348000
0.38499999	84.31348000
0.38519999	84.31348000
0.38539999	84.31348000
0.38559999	84.31348000
0.38579999	86.18356000
0.38599999	86.18356000
0.38619999	86.18356000
0.38639999	86.18356000
0.38659999	86.18356000
0.38679999	86.18356000
0.38699999	88.05978000
0.38719999	88.05978000
0.38739999	88.05978000
0.38759999	88.05978000
0.38779999	88.05978000
0.38799999	88.05978000
0.38819999	88.05978000
0.38839999	88.05978000
0.38859999	89.93602000
0.38879999	89.93602000
0.38899999	89.93602000
0.38919999	89.93602000
0.38939999	89.93602000
0.38959999	89.93602000
0.38979999	89.93602000
0.38999999	89.93602000
0.39019999	89.93602000
0.39039999	89.93602000
0.39059999	89.93602000
0.39079999	89.93602000
0.39099999	89.93602000
0.39119999	89.93602000
0.39139999	89.93602000
0.39159999	89.93602000
0.39179999	89.93602000
0.39199999	89.93602000
0.39219999	89.93602000
0.39239999	89.93602000
0.39259999	89.93602000
0.39279999	89.93602000
0.39299999	89.93602000
0.39319999	89.93602000
0.39339999	88.05978000
0.39359999	88.05978000
0.39379999	88.05978000
0.39399999	88.05978000
0.39419999	88.05978000
0.39439999	88.05978000
0.39459999	88.05978000
0.39479999	88.05978000
0.39499999	88.05978000
0.39519999	88.05978000
0.39539999	88.05978000
0.39559999	88.05978000
0.39579999	88.05978000
0.39599999	86.18356000
0.39619999	86.18356000
0.39639999	86.18356000
0.39659999	86.18356000
0.39679999	86.18356000
0.39699999	86.18356000
0.39719999	86.18356000
0.39739999	86.18356000
0.39759999	86.18356000
0.39779999	86.18356000
0.39799999	86.18356000
0.39819999	86.18356000
0.39839999	86.18356000
0.39859999	88.05978000
0.39879999	88.05978000
0.39899999	88.05978000
0.39919999	88.05978000
0.39939999	88.05978000
0.39959999	88.05978000
0.39979999	88.05978000
0.39999999	88.05978000
0.40019999	88.05978000
0.40039999	89.93602000
0.40059999	89.93602000
0.40079999	89.93602000
0.40099999	89.93602000
0.40119999	89.93602000
0.40139999	89.93602000
0.40159999	89.93602000
0.40179999	89.93602000
0.40199999	89.93602000
0.40219999	91.80609000
0.40239999	91.80609000
0.40259999	91.80609000
0.40279999	91.80609000
0.40299999	91.80609000
0.40319999	91.80609000
0.40339999	91.80609000
0.40359999	91.80609000
0.40379999	91.80609000
0.40399999	91.80609000
0.40419999	91.80609000
0.40439999	91.80609000
0.40459999	91.80609000
0.40479999	91.80609000
0.40499999	91.80609000
0.40519999	91.80609000
0.40539999	91.80609000
0.40559999	91.80609000
0.40579999	91.80609000
0.40599999	91.80609000
0.40619999	91.80609000
0.40639999	91.80609000
0.40659999	91.80609000
0.40679999	91.80609000
0.40699999	91.80609000
0.40719999	91.80609000
0.40739999	91.80609000
0.40759999	91.80609000
0.40779999	91.80609000
0.40799999	91.80609000
0.40819999	91.80609000
0.40839999	91.80609000
0.40859999	91.80609000
0.40879999	91.80609000
0.40899999	91.80609000
0.40919999	91.80609000
0.40939999	91.80609000
0.40959999	91.80609000
0.40979999	91.80609000
0.40999999	91.80609000
0.41019999	91.80609000
0.41039999	91.80609000
0.41059999	91.80609000
0.41079999	91.80609000
0.41099999	91.80609000
0.41119999	91.80609000
0.41139999	91.80609000
0.41159999	91.80609000
0.41179999	91.80609000
0.41199999	91.80609000
0.41219999	91.80609000
0.41239999	91.80609000
0.41259999	91.80609000
0.41279999	91.80609000
0.41299999	91.80609000
0.41319999	91.80609000
0.41339999	91.80609000
0.41359999	89.93602000
0.41379999	89.93602000
0.41399999	89.93602000
0.41419999	89.93602000
0.41439999	89.93602000
0.41459999	89.93602000
0.41479999	89.93602000
0.41499999	89.93602000
0.41519999	89.93602000
0.41539999	89.93602000
0.41559999	89.93602000
0.41579999	89.93602000
0.41599999	89.93602000
0.41619999	89.93602000
0.41639999	89.93602000
0.41659999	89.93602000
0.41679999	89.93602000
0.41699999	89.93602000
0.41719999	89.93602000
0.41739999	91.80609000
0.41759999	91.80609000
0.41779999	91.80609000
0.41799999	91.80609000
0.41819999	91.80609000
0.41839999	91.80609000
0.41859999	91.80609000
0.41879999	91.80609000
0.41899999	91.80609000
0.41919999	91.80609000
0.41939999	91.80609000
0.41959999	93.68233000
0.41979999	93.68233000
0.41999999	93.68233000
0.42019999	93.68233000
0.42039999	93.68233000
0.42059999	93.68233000
0.42079999	93.68233000
0.42099999	93.68233000
0.42119999	93.68233000
0.42139999	93.68233000
0.42159999	93.68233000
0.42179999	93.68233000
0.42199999	93.68233000
0.42219999	93.68233000
0.42239999	93.68233000
0.42259999	93.68233000
0.42279999	93.68233000
0.42299999	93.68233000
0.42319999	93.68233000
0.42339999	93.68233000
0.42359999	93.68233000
0.42379999	93.68233000
0.42399999	93.68233000
0.42419999	93.68233000
0.42439999	93.68233000
0.42459999	93.68233000
0.42479999	93.68233000
0.42499999	93.68233000
0.42519999	93.68233000
0.42539999	93.68233000
0.42559999	93.68233000
0.42579999	93.68233000
0.42599999	93.68233000
0.42619999	95.55241000
0.42639999	93.68233000
0.42659999	95.55241000
0.42679999	95.55241000
0.42699999	95.55241000
0.42719999	95.55241000
0.42739999	95.55241000
0.42759999	95.55241000
0.42779999	95.55241000
0.42799999	95.55241000
0.42819999	95.55241000
0.42839999	95.55241000
0.42859999	95.55241000
0.42879999	95.55241000
0.42899999	95.55241000
0.42919999	95.55241000
0.42939999	95.55241000
0.42959999	95.55241000
0.42979999	95.55241000
0.42999999	95.55241000
0.43019999	95.55241000
0.43039999	95.55241000
0.43059999	95.55241000
0.43079999	95.55241000
0.43099999	95.55241000
0.43119999	95.55241000
0.43139999	95.55241000
0.43159999	95.55241000
0.43179999	95.55241000
0.43199999	95.55241000
0.43219999	93.68233000
0.43239999	95.55241000
0.43259999	93.68233000
0.43279999	93.68233000
0.43299999	93.68233000
0.43319999	93.68233000
0.43339999	93.68233000
0.43359999	95.55241000
0.43379999	93.68233000
0.43399999	93.68233000
0.43419999	93.68233000
0.43439999	93.68233000
0.43459999	95.55241000
0.43479999	93.68233000
0.43499999	95.55241000
0.43519999	95.55241000
0.43539999	95.55241000
0.43559999	95.55241000
0.43579999	95.55241000
0.43599999	95.55241000
0.43619999	95.55241000
0.43639999	95.55241000
0.43659999	95.55241000
0.43679999	95.55241000
0.43699999	95.55241000
0.43719999	95.55241000
0.43739999	95.55241000
0.43759999	97.42863000
0.43779999	97.42863000
0.43799999	97.42863000
0.43819999	97.42863000
0.43839999	97.42863000
0.43859999	97.42863000
0.43879999	97.42863000
0.43899999	97.42863000
0.43919999	97.42863000
0.43939999	97.42863000
0.43959999	97.42863000
0.43979999	97.42863000
0.43999999	97.42863000
0.44019999	97.42863000
0.44039999	97.42863000
0.44059999	97.42863000
0.44079999	97.42863000
0.44099999	97.42863000
0.44119999	97.42863000
0.44139999	97.42863000
0.44159999	97.42863000
0.44179999	97.42863000
0.44199999	97.42863000
0.44219999	97.42863000
0.44239999	97.42863000
0.44259999	97.42863000
0.44279999	97.42863000
0.44299999	97.42863000
0.44319999	97.42863000
0.44339999	97.42863000
0.44359999	97.42863000
0.44379999	97.42863000
0.44399999	95.55241000
0.44419999	95.55241000
0.44439999	97.42863000
0.44459999	95.55241000
0.44479999	95.55241000
0.44499999	97.42863000
0.44519999	95.55241000
0.44539999	95.55241000
0.44559999	95.55241000
0.44579999	95.55241000
0.44599999	95.55241000
0.44619999	95.55241000
0.44639999	95.55241000
0.44659999	97.42863000
0.44679999	95.55241000
0.44699999	95.55241000
0.44719999	95.55241000
0.44739999	95.55241000
0.44759999	95.55241000
0.44779999	97.42863000
0.44799999	95.55241000
0.44819999	95.55241000
0.44839999	95.55241000
0.44859999	95.55241000
0.44879999	95.55241000
0.44899999	95.55241000
0.44919999	95.55241000
0.44939999	95.55241000
0.44959999	95.55241000
0.44979999	95.55241000
0.44999999	95.55241000
0.45019999	95.55241000
0.45039999	95.55241000
0.45059999	95.55241000
0.45079999	95.55241000
0.45099999	95.55241000
0.45119999	95.55241000
0.45139999	95.55241000
0.45159999	95.55241000
0.45179999	95.55241000
0.45199999	95.55241000
0.45219999	95.55241000
0.45239999	95.55241000
0.45259999	95.55241000
0.45279999	95.55241000
0.45299999	95.55241000
0.45319999	95.55241000
0.45339999	95.55241000
0.45359999	95.55241000
0.45379999	95.55241000
0.45399999	95.55241000
0.45419999	95.55241000
0.45439999	95.55241000
0.45459999	95.55241000
0.45479999	95.55241000
0.45499999	95.55241000
0.45519999	95.55241000
0.45539999	95.55241000
0.45559999	95.55241000
0.45579999	95.55241000
0.45599999	95.55241000
0.45619999	95.55241000
0.45639999	95.55241000
0.45659999	95.55241000
0.45679999	95.55241000
0.45699999	95.55241000
0.45719999	95.55241000
0.45739999	95.55241000
0.45759999	95.55241000
0.45779999	97.42863000
0.45799999	97.42863000
0.45819999	97.42863000
0.45839999	97.42863000
0.45859999	97.42863000
0.45879999	97.42863000
0.45899999	97.42863000
0.45919999	97.42863000
0.45939999	97.42863000
0.45959999	97.42863000
0.45979999	97.42863000
0.45999999	97.42863000
0.46019999	97.42863000
0.46039999	97.42863000
0.46059999	97.42863000
0.46079999	97.42863000
0.46099999	97.42863000
0.46119999	97.42863000
0.46139999	97.42863000
0.46159999	97.42863000
0.46179999	95.55241000
0.46199999	97.42863000
0.46219999	97.42863000
0.46239999	97.42863000
0.46259999	97.42863000
0.46279999	97.42863000
0.46299999	95.55241000
0.46319999	97.42863000
0.46339999	97.42863000
0.46359999	95.55241000
0.46379999	95.55241000
0.46399999	95.55241000
0.46419999	95.55241000
0.46439999	95.55241000
0.46459999	95.55241000
0.46479999	95.55241000
0.46499999	95.55241000
0.46519999	95.55241000
0.46539999	97.42863000
0.46559999	95.55241000
0.46579999	95.55241000
0.46599999	97.42863000
0.46619999	95.55241000
0.46639999	97.42863000
0.46659999	95.55241000
0.46679999	97.42863000
0.46699999	97.42863000
0.46719999	97.42863000
0.46739999	97.42863000
0.46759999	97.42863000
0.46779999	97.42863000
0.46799999	97.42863000
0.46819999	97.42863000
0.46839999	97.42863000
0.46859999	97.42863000
0.46879999	97.42863000
0.46899999	97.42863000
0.46919999	97.42863000
0.46939999	97.42863000
0.46959999	97.42863000
0.46979999	97.42863000
0.46999999	97.42863000
0.47019999	97.42863000
0.47039999	97.42863000
0.47059999	97.42863000
0.47079999	97.42863000
0.47099999	97.42863000
0.47119999	97.42863000
0.47139999	97.42863000
0.47159999	97.42863000
0.47179999	97.42863000
0.47199999	97.42863000
0.47219999	97.42863000
0.47239999	97.42863000
0.47259999	97.42863000
0.47279999	97.42863000
0.47299999	97.42863000
0.47319999	97.42863000
0.47339999	97.42863000
0.47359999	97.42863000
0.47379999	97.42863000
0.47399999	97.42863000
0.47419999	97.42863000
0.47439999	97.42863000
0.47459999	97.42863000
0.47479999	97.42863000
0.47499999	97.42863000
0.47519999	97.42863000
0.47539999	97.42863000
0.47559999	97.42863000
0.47579999	97.42863000
0.47599999	97.42863000
0.47619999	97.42863000
0.47639999	97.42863000
0.47659999	97.42863000
0.47679999	97.42863000
0.47699999	97.42863000
0.47719999	97.42863000
0.47739999	97.42863000
0.47759999	97.42863000
0.47779999	97.42863000
0.47799999	97.42863000
0.47819999	97.42863000
0.47839999	97.42863000
0.47859999	97.42863000
0.47879999	97.42863000
0.47899999	97.42863000
0.47919999	97.42863000
0.47939999	97.42863000
0.47959999	97.42863000
0.47979999	97.42863000
0.47999999	97.42863000
0.48019999	97.42863000
0.48039999	97.42863000
0.48059999	97.42863000
0.48079999	97.42863000
0.48099999	97.42863000
0.48119999	97.42863000
0.48139999	97.42863000
0.48159999	97.42863000
0.48179999	97.42863000
0.48199999	97.42863000
0.48219999	97.42863000
0.48239999	97.42863000
0.48259999	97.42863000
0.48279999	97.42863000
0.48299999	97.42863000
0.48319999	97.42863000
0.48339999	97.42863000
0.48359999	97.42863000
0.48379999	97.42863000
0.48399999	97.42863000
0.48419999	97.42863000
0.48439999	97.42863000
0.48459999	97.42863000
0.48479999	95.55241000
0.48499999	97.42863000
0.48519999	97.42863000
0.48539999	95.55241000
0.48559999	95.55241000
0.48579999	97.42863000
0.48599999	97.42863000
0.48619999	97.42863000
0.48639999	97.42863000
0.48659999	97.42863000
0.48679999	95.55241000
0.48699999	95.55241000
0.48719999	95.55241000
0.48739999	95.55241000
0.48759999	95.55241000
0.48779999	95.55241000
0.48799999	95.55241000
0.48819999	95.55241000
0.48839999	95.55241000
0.48859999	95.55241000
0.48879999	95.55241000
0.48899999	95.55241000
0.48919999	95.55241000
0.48939999	95.55241000
0.48959999	95.55241000
0.48979999	95.55241000
0.48999999	95.55241000
0.49019999	95.55241000
0.49039999	95.55241000
0.49059999	95.55241000
0.49079999	95.55241000
0.49099999	95.55241000
0.49119999	95.55241000
0.49139999	95.55241000
0.49159999	95.55241000
0.49179999	95.55241000
0.49199999	95.55241000
0.49219999	95.55241000
0.49239999	95.55241000
0.49259999	95.55241000
0.49279999	95.55241000
0.49299999	95.55241000
0.49319999	95.55241000
0.49339999	95.55241000
0.49359999	95.55241000
0.49379999	95.55241000
0.49399999	95.55241000
0.49419999	95.55241000
0.49439999	95.55241000
0.49459999	95.55241000
0.49479999	95.55241000
0.49499999	95.55241000
0.49519999	95.55241000
0.49539999	95.55241000
0.49559999	95.55241000
0.49579999	95.55241000
0.49599999	95.55241000
0.49619999	95.55241000
0.49639999	95.55241000
0.49659999	95.55241000
0.49679999	95.55241000
0.49699999	95.55241000
0.49719999	95.55241000
0.49739999	95.55241000
0.49759999	95.55241000
0.49779999	95.55241000
0.49799999	95.55241000
0.49819999	95.55241000
0.49839999	95.55241000
0.49859999	95.55241000
0.49879999	95.55241000
0.49899999	95.55241000
0.49919999	95.55241000
0.49939999	95.55241000
0.49959999	95.55241000
0.49979999	95.55241000
0.49999999	95.55241000
0.50019999	95.55241000
0.50039999	95.55241000
0.50059999	95.55241000
0.50079999	95.55241000
0.50099999	95.55241000
0.50119999	95.55241000
0.50139999	95.55241000
0.50159999	95.55241000
0.50179999	95.55241000
0.50199999	95.55241000
0.50219999	95.55241000
0.50239999	95.55241000
0.50259999	95.55241000
0.50279999	95.55241000
0.50299999	95.55241000
0.50319999	95.55241000
0.50339999	95.55241000
0.50359999	95.55241000
0.50379999	95.55241000
0.50399999	95.55241000
0.50419999	95.55241000
0.50439999	95.55241000
0.50459999	95.55241000
0.50479999	95.55241000
0.50499999	95.55241000
0.50519999	95.55241000
0.50539999	95.55241000
0.50559999	95.55241000
0.50579999	95.55241000
0.50599999	95.55241000
0.50619999	95.55241000
0.50639999	95.55241000
0.50659999	95.55241000
0.50679999	95.55241000
0.50699999	95.55241000
0.50719999	95.55241000
0.50739999	95.55241000
0.50759999	95.55241000
0.50779999	95.55241000
0.50799999	95.55241000
0.50819999	95.55241000
0.50839999	95.55241000
0.50859999	95.55241000
0.50879999	95.55241000
0.50899999	95.55241000
0.50919999	95.55241000
0.50939999	95.55241000
0.50959999	95.55241000
0.50979999	95.55241000
0.50999999	95.55241000
0.51019999	95.55241000
0.51039999	95.55241000
0.51059999	95.55241000
0.51079999	95.55241000
0.51099999	95.55241000
0.51119999	95.55241000
0.51139999	95.55241000
0.51159999	95.55241000
0.51179999	95.55241000
0.51199999	95.55241000
0.51219999	95.55241000
0.51239999	95.55241000
0.51259999	95.55241000
0.51279999	95.55241000
0.51299999	95.55241000
0.51319999	95.55241000
0.51339999	95.55241000
0.51359999	95.55241000
0.51379999	95.55241000
0.51399999	95.55241000
0.51419999	95.55241000
0.51439999	95.55241000
0.51459999	95.55241000
0.51479999	95.55241000
0.51499999	95.55241000
0.51519999	95.55241000
0.51539999	95.55241000
0.51559999	95.55241000
0.51579999	95.55241000
0.51599999	95.55241000
0.51619999	95.55241000
0.51639999	95.55241000
0.51659999	95.55241000
0.51679999	95.55241000
0.51699999	95.55241000
0.51719999	95.55241000
0.51739999	95.55241000
0.51759999	95.55241000
0.51779999	95.55241000
0.51799999	95.55241000
0.51819999	95.55241000
0.51839999	95.55241000
0.51859999	95.55241000
0.51879999	95.55241000
0.51899999	95.55241000
0.51919999	95.55241000
0.51939999	95.55241000
0.51959999	95.55241000
0.51979999	95.55241000
0.51999999	95.55241000
0.52019999	95.55241000
0.52039999	95.55241000
0.52059999	95.55241000
0.52079999	95.55241000
0.52099999	95.55241000
0.52119999	95.55241000
0.52139999	95.55241000
0.52159999	95.55241000
0.52179999	95.55241000
0.52199999	95.55241000
0.52219999	93.68233000
0.52239999	95.55241000
0.52259999	95.55241000
0.52279999	95.55241000
0.52299999	95.55241000
0.52319999	95.55241000
0.52339999	95.55241000
0.52359999	95.55241000
0.52379999	95.55241000
0.52399999	95.55241000
0.52419999	95.55241000
0.52439999	95.55241000
0.52459999	95.55241000
0.52479999	95.55241000
0.52499999	95.55241000
0.52519999	95.55241000
0.52539999	95.55241000
0.52559999	95.55241000
0.52579999	95.55241000
0.52599999	95.55241000
0.52619999	95.55241000
0.52639999	95.55241000
0.52659999	95.55241000
0.52679999	95.55241000
0.52699999	95.55241000
0.52719999	93.68233000
0.52739999	95.55241000
0.52759999	93.68233000
0.52779999	95.55241000
0.52799999	93.68233000
0.52819999	95.55241000
0.52839999	95.55241000
0.52859999	93.68233000
0.52879999	95.55241000
0.52899999	93.68233000
0.52919999	93.68233000
0.52939999	93.68233000
0.52959999	95.55241000
0.52979999	93.68233000
0.52999999	93.68233000
0.53019999	93.68233000
0.53039999	93.68233000
0.53059999	93.68233000
0.53079999	93.68233000
0.53099999	93.68233000
0.53119999	93.68233000
0.53139999	95.55241000
0.53159999	93.68233000
0.53179999	93.68233000
0.53199999	93.68233000
0.53219999	93.68233000
0.53239999	93.68233000
0.53259999	93.68233000
0.53279999	95.55241000
0.53299999	93.68233000
0.53319999	93.68233000
0.53339999	93.68233000
0.53359999	95.55241000
0.53379999	93.68233000
0.53399999	93.68233000
0.53419999	93.68233000
0.53439999	93.68233000
0.53459999	93.68233000
0.53479999	95.55241000
0.53499999	93.68233000
0.53519999	93.68233000
0.53539999	93.68233000
0.53559999	93.68233000
0.53579999	93.68233000
0.53599999	93.68233000
0.53619999	93.68233000
0.53639999	93.68233000
0.53659999	93.68233000
0.53679999	93.68233000
0.53699999	93.68233000
0.53719999	93.68233000
0.53739999	93.68233000
0.53759999	93.68233000
0.53779999	93.68233000
0.53799999	93.68233000
0.53819999	93.68233000
0.53839999	93.68233000
0.53859999	93.68233000
0.53879999	93.68233000
0.53899999	93.68233000
0.53919999	93.68233000
0.53939999	93.68233000
0.53959999	93.68233000
0.53979999	93.68233000
0.53999999	93.68233000
0.54019999	93.68233000
0.54039999	93.68233000
0.54059999	93.68233000
0.54079999	93.68233000
0.54099999	93.68233000
0.54119999	93.68233000
0.54139999	93.68233000
0.54159999	93.68233000
0.54179999	93.68233000
0.54199999	93.68233000
0.54219999	93.68233000
0.54239999	93.68233000
0.54259999	93.68233000
0.54279999	93.68233000
0.54299999	93.68233000
0.54319999	93.68233000
0.54339999	93.68233000
0.54359999	93.68233000
0.54379999	93.68233000
0.54399999	93.68233000
0.54419999	93.68233000
0.54439999	93.68233000
0.54459999	93.68233000
0.54479999	93.68233000
0.54499999	93.68233000
0.54519999	93.68233000
0.54539999	93.68233000
0.54559999	93.68233000
0.54579999	93.68233000
0.54599999	93.68233000
0.54619999	93.68233000
0.54639999	93.68233000
0.54659999	93.68233000
0.54679999	93.68233000
0.54699999	93.68233000
0.54719999	93.68233000
0.54739999	93.68233000
0.54759999	93.68233000
0.54779999	93.68233000
0.54799999	93.68233000
0.54819999	93.68233000
0.54839999	93.68233000
0.54859999	93.68233000
0.54879999	93.68233000
0.54899999	93.68233000
0.54919999	93.68233000
0.54939999	93.68233000
0.54959999	93.68233000
0.54979999	93.68233000
0.54999999	93.68233000
0.55019999	93.68233000
0.55039999	93.68233000
0.55059999	93.68233000
0.55079999	93.68233000
0.55099999	93.68233000
0.55119999	93.68233000
0.55139999	93.68233000
0.55159999	93.68233000
0.55179999	93.68233000
0.55199999	93.68233000
0.55219999	93.68233000
0.55239999	93.68233000
0.55259999	93.68233000
0.55279999	93.68233000
0.55299999	93.68233000
0.55319999	93.68233000
0.55339999	93.68233000
0.55359999	93.68233000
0.55379999	93.68233000
0.55399999	93.68233000
0.55419999	93.68233000
0.55439999	93.68233000
0.55459999	93.68233000
0.55479999	93.68233000
0.55499999	93.68233000
0.55519999	93.68233000
0.55539999	93.68233000
0.55559999	93.68233000
0.55579999	93.68233000
0.55599999	93.68233000
0.55619999	93.68233000
0.55639999	93.68233000
0.55659999	93.68233000
0.55679999	93.68233000
0.55699999	93.68233000
0.55719999	93.68233000
0.55739999	93.68233000
0.55759999	93.68233000
0.55779999	93.68233000
0.55799999	93.68233000
0.55819999	93.68233000
0.55839999	93.68233000
0.55859999	93.68233000
0.55879999	93.68233000
0.55899999	93.68233000
0.55919999	93.68233000
0.55939999	93.68233000
0.55959999	93.68233000
0.55979999	93.68233000
0.55999999	93.68233000
0.56019999	93.68233000
0.56039999	93.68233000
0.56059999	93.68233000
0.56079999	93.68233000
0.56099999	93.68233000
0.56119999	93.68233000
0.56139999	93.68233000
0.56159999	93.68233000
0.56179999	93.68233000
0.56199999	93.68233000
0.56219999	93.68233000
0.56239999	93.68233000
0.56259999	93.68233000
0.56279999	93.68233000
0.56299999	93.68233000
0.56319999	93.68233000
0.56339999	93.68233000
0.56359999	93.68233000
0.56379999	93.68233000
0.56399999	93.68233000
0.56419999	93.68233000
0.56439999	93.68233000
0.56459999	93.68233000
0.56479999	93.68233000
0.56499999	93.68233000
0.56519999	93.68233000
0.56539999	93.68233000
0.56559999	93.68233000
0.56579999	93.68233000
0.56599999	93.68233000
0.56619999	93.68233000
0.56639999	93.68233000
0.56659999	93.68233000
0.56679999	93.68233000
0.56699999	93.68233000
0.56719999	93.68233000
0.56739999	93.68233000
0.56759999	93.68233000
0.56779999	93.68233000
0.56799999	93.68233000
0.56819999	93.68233000
0.56839999	93.68233000
0.56859999	93.68233000
0.56879999	93.68233000
0.56899999	93.68233000
0.56919999	93.68233000
0.56939999	91.80609000
0.56959999	91.80609000
0.56979999	91.80609000
0.56999999	91.80609000
0.57019999	91.80609000
0.57039999	91.80609000
0.57059999	93.68233000
0.57079999	91.80609000
0.57099999	91.80609000
0.57119999	91.80609000
0.57139999	91.80609000
0.57159999	91.80609000
0.57179999	91.80609000
0.57199999	91.80609000
0.57219999	91.80609000
0.57239999	91.80609000
0.57259999	91.80609000
0.57279999	91.80609000
0.57299999	91.80609000
0.57319999	91.80609000
0.57339999	91.80609000
0.57359999	91.80609000
0.57379999	91.80609000
0.57399999	91.80609000
0.57419999	91.80609000
0.57439999	91.80609000
0.57459999	91.80609000
0.57479999	91.80609000
0.57499999	91.80609000
0.57519999	91.80609000
0.57539999	91.80609000
0.57559999	91.80609000
0.57579999	91.80609000
0.57599999	91.80609000
0.57619999	91.80609000
0.57639999	91.80609000
0.57659999	91.80609000
0.57679999	91.80609000
0.57699999	91.80609000
0.57719999	91.80609000
0.57739999	91.80609000
0.57759999	91.80609000
0.57779999	91.80609000
0.57799999	91.80609000
0.57819999	91.80609000
0.57839999	91.80609000
0.57859999	91.80609000
0.57879999	91.80609000
0.57899999	91.80609000
0.57919999	91.80609000
0.57939999	91.80609000
0.57959999	91.80609000
0.57979999	91.80609000
0.57999999	91.80609000
0.58019999	91.80609000
0.58039999	91.80609000
0.58059999	91.80609000
0.58079999	91.80609000
0.58099999	91.80609000
0.58119999	91.80609000
0.58139999	91.80609000
0.58159999	91.80609000
0.58179999	91.80609000
0.58199999	91.80609000
0.58219999	91.80609000
0.58239999	91.80609000
0.58259999	91.80609000
0.58279999	91.80609000
0.58299999	91.80609000
0.58319999	91.80609000
0.58339999	91.80609000
0.58359999	91.80609000
0.58379999	91.80609000
0.58399999	91.80609000
0.58419999	91.80609000
0.58439999	91.80609000
0.58459999	91.80609000
0.58479999	91.80609000
0.58499999	91.80609000
0.58519999	91.80609000
0.58539999	91.80609000
0.58559999	91.80609000
0.58579999	91.80609000
0.58599999	91.80609000
0.58619999	91.80609000
0.58639999	91.80609000
0.58659999	91.80609000
0.58679999	91.80609000
0.58699999	91.80609000
0.58719999	91.80609000
0.58739999	91.80609000
0.58759999	91.80609000
0.58779999	91.80609000
0.58799999	91.80609000
0.58819999	91.80609000
0.58839999	91.80609000
0.58859999	91.80609000
0.58879999	91.80609000
0.58899999	91.80609000
0.58919999	91.80609000
0.58939999	91.80609000
0.58959999	91.80609000
0.58979999	91.80609000
0.58999999	91.80609000
0.59019999	91.80609000
0.59039999	91.80609000
0.59059999	91.80609000
0.59079999	89.93602000
0.59099999	91.80609000
0.59119999	91.80609000
0.59139999	91.80609000
0.59159999	89.93602000
0.59179999	91.80609000
0.59199999	91.80609000
0.59219999	91.80609000
0.59239999	91.80609000
0.59259999	91.80609000
0.59279999	91.80609000
0.59299999	91.80609000
0.59319999	91.80609000
0.59339999	91.80609000
0.59359999	91.80609000
0.59379998	91.80609000
0.59399998	91.80609000
0.59419998	91.80609000
0.59439998	91.80609000
0.59459998	91.80609000
0.59479998	91.80609000
0.59499998	91.80609000
0.59519998	91.80609000
0.59539998	91.80609000
0.59559998	91.80609000
0.59579998	91.80609000
0.59599998	91.80609000
0.59619998	91.80609000
0.59639998	91.80609000
0.59659998	91.80609000
0.59679998	91.80609000
0.59699998	91.80609000
0.59719998	89.93602000
0.59739998	91.80609000
0.59759998	91.80609000
0.59779998	91.80609000
0.59799998	89.93602000
0.59819998	91.80609000
0.59839998	89.93602000
0.59859998	89.93602000
0.59879998	89.93602000
0.59899998	89.93602000
0.59919998	91.80609000
0.59939998	89.93602000
0.59959998	89.93602000
0.59979998	89.93602000
0.59999998	89.93602000
0.60019998	89.93602000
0.60039998	89.93602000
0.60059998	91.80609000
0.60079998	89.93602000
0.60099998	91.80609000
0.60119998	89.93602000
0.60139998	89.93602000
0.60159998	89.93602000
0.60179998	89.93602000
0.60199998	89.93602000
0.60219998	89.93602000
0.60239998	91.80609000
0.60259998	91.80609000
0.60279998	89.93602000
0.60299998	89.93602000
0.60319998	91.80609000
0.60339998	91.80609000
0.60359998	91.80609000
0.60379998	91.80609000
0.60399998	89.93602000
0.60419998	91.80609000
0.60439998	91.80609000
0.60459998	89.93602000
0.60479998	89.93602000
0.60499998	89.93602000
0.60519998	91.80609000
0.60539998	89.93602000
0.60559998	89.93602000
0.60579998	89.93602000
0.60599998	89.93602000
0.60619998	89.93602000
0.60639998	89.93602000
0.60659998	89.93602000
0.60679998	89.93602000
0.60699998	89.93602000
0.60719998	89.93602000
0.60739998	89.93602000
0.60759998	89.93602000
0.60779998	89.93602000
0.60799998	89.93602000
0.60819998	89.93602000
0.60839998	89.93602000
0.60859998	89.93602000
0.60879998	89.93602000
0.60899998	89.93602000
0.60919998	89.93602000
0.60939998	89.93602000
0.60959998	89.93602000
0.60979998	89.93602000
0.60999998	89.93602000
0.61019998	88.05978000
0.61039998	88.05978000
0.61059998	88.05978000
0.61079998	88.05978000
0.61099998	88.05978000
0.61119998	88.05978000
0.61139998	89.93602000
0.61159998	89.93602000
0.61179998	89.93602000
0.61199998	89.93602000
0.61219998	89.93602000
0.61239998	89.93602000
0.61259998	89.93602000
0.61279998	89.93602000
0.61299998	89.93602000
0.61319998	89.93602000
0.61339998	89.93602000
0.61359998	89.93602000
0.61379998	89.93602000
0.61399998	89.93602000
0.61419998	89.93602000
0.61439998	89.93602000
0.61459998	89.93602000
0.61479998	89.93602000
0.61499998	89.93602000
0.61519998	89.93602000
0.61539998	89.93602000
0.61559998	89.93602000
0.61579998	89.93602000
0.61599998	89.93602000
0.61619998	89.93602000
0.61639998	89.93602000
0.61659998	89.93602000
0.61679998	89.93602000
0.61699998	89.93602000
0.61719998	89.93602000
0.61739998	89.93602000
0.61759998	88.05978000
0.61779998	88.05978000
0.61799998	89.93602000
0.61819998	88.05978000
0.61839998	88.05978000
0.61859998	88.05978000
0.61879998	88.05978000
0.61899998	88.05978000
0.61919998	88.05978000
0.61939998	88.05978000
0.61959998	88.05978000
0.61979998	88.05978000
0.61999998	88.05978000
0.62019998	88.05978000
0.62039998	88.05978000
0.62059998	88.05978000
0.62079998	88.05978000
0.62099998	88.05978000
0.62119998	88.05978000
0.62139998	88.05978000
0.62159998	88.05978000
0.62179998	88.05978000
0.62199998	88.05978000
0.62219998	88.05978000
0.62239998	88.05978000
0.62259998	88.05978000
0.62279998	88.05978000
0.62299998	88.05978000
0.62319998	88.05978000
0.62339998	88.05978000
0.62359998	88.05978000
0.62379998	88.05978000
0.62399998	88.05978000
0.62419998	88.05978000
0.62439998	88.05978000
0.62459998	88.05978000
0.62479998	88.05978000
0.62499998	88.05978000
0.62519998	88.05978000
0.62539998	88.05978000
0.62559998	88.05978000
0.62579998	88.05978000
0.62599998	88.05978000
0.62619998	88.05978000
0.62639998	88.05978000
0.62659998	88.05978000
0.62679998	88.05978000
0.62699998	88.05978000
0.62719998	88.05978000
0.62739998	88.05978000
0.62759998	88.05978000
0.62779998	88.05978000
0.62799998	88.05978000
0.62819998	88.05978000
0.62839998	88.05978000
0.62859998	88.05978000
0.62879998	88.05978000
0.62899998	88.05978000
0.62919998	88.05978000
0.62939998	88.05978000
0.62959998	88.05978000
0.62979998	88.05978000
0.62999998	88.05978000
0.63019998	88.05978000
0.63039998	88.05978000
0.63059998	88.05978000
0.63079998	88.05978000
0.63099998	88.05978000
0.63119998	88.05978000
0.63139998	88.05978000
0.63159998	88.05978000
0.63179998	88.05978000
0.63199998	88.05978000
0.63219998	88.05978000
0.63239998	88.05978000
0.63259998	88.05978000
0.63279998	88.05978000
0.63299998	88.05978000
0.63319998	88.05978000
0.63339998	88.05978000
0.63359998	88.05978000
0.63379998	88.05978000
0.63399998	88.05978000
0.63419998	88.05978000
0.63439998	88.05978000
0.63459998	88.05978000
0.63479998	88.05978000
0.63499998	88.05978000
0.63519998	88.05978000
0.63539998	88.05978000
0.63559998	88.05978000
0.63579998	88.05978000
0.63599998	88.05978000
0.63619998	88.05978000
0.63639998	88.05978000
0.63659998	88.05978000
0.63679998	88.05978000
0.63699998	88.05978000
0.63719998	88.05978000
0.63739998	88.05978000
0.63759998	88.05978000
0.63779998	86.18356000
0.63799998	88.05978000
0.63819998	86.18356000
0.63839998	86.18356000
0.63859998	86.18356000
0.63879998	86.18356000
0.63899998	86.18356000
0.63919998	86.18356000
0.63939998	86.18356000
0.63959998	86.18356000
0.63979998	86.18356000
0.63999998	86.18356000
0.64019998	86.18356000
0.64039998	86.18356000
0.64059998	86.18356000
0.64079998	86.18356000
0.64099998	86.18356000
0.64119998	86.18356000
0.64139998	86.18356000
0.64159998	86.18356000
0.64179998	86.18356000
0.64199998	86.18356000
0.64219998	86.18356000
0.64239998	86.18356000
0.64259998	86.18356000
0.64279998	86.18356000
0.64299998	86.18356000
0.64319998	86.18356000
0.64339998	86.18356000
0.64359998	86.18356000
0.64379998	86.18356000
0.64399998	86.18356000
0.64419998	86.18356000
0.64439998	86.18356000
0.64459998	86.18356000
0.64479998	86.18356000
0.64499998	86.18356000
0.64519998	86.18356000
0.64539998	86.18356000
0.64559998	86.18356000
0.64579998	86.18356000
0.64599998	86.18356000
0.64619998	86.18356000
0.64639998	86.18356000
0.64659998	86.18356000
0.64679998	86.18356000
0.64699998	86.18356000
0.64719998	86.18356000
0.64739998	84.31348000
0.64759998	86.18356000
0.64779998	84.31348000
0.64799998	84.31348000
0.64819998	84.31348000
0.64839998	84.31348000
0.64859998	84.31348000
0.64879998	84.31348000
0.64899998	84.31348000
0.64919998	84.31348000
0.64939998	84.31348000
0.64959998	84.31348000
0.64979998	84.31348000
0.64999998	84.31348000
0.65019998	84.31348000
0.65039998	84.31348000
0.65059998	84.31348000
0.65079998	84.31348000
0.65099998	84.31348000
0.65119998	84.31348000
0.65139998	84.31348000
0.65159998	84.31348000
0.65179998	84.31348000
0.65199998	84.31348000
0.65219998	84.31348000
0.65239998	84.31348000
0.65259998	84.31348000
0.65279998	84.31348000
0.65299998	84.31348000
0.65319998	84.31348000
0.65339998	84.31348000
0.65359998	84.31348000
0.65379998	84.31348000
0.65399998	84.31348000
0.65419998	84.31348000
0.65439998	84.31348000
0.65459998	84.31348000
0.65479998	84.31348000
0.65499998	84.31348000
0.65519998	82.43725000
0.65539998	84.31348000
0.65559998	82.43725000
0.65579998	82.43725000
0.65599998	82.43725000
0.65619998	82.43725000
0.65639998	82.43725000
0.65659998	82.43725000
0.65679998	82.43725000
0.65699998	82.43725000
0.65719998	82.43725000
0.65739998	82.43725000
0.65759998	82.43725000
0.65779998	82.43725000
0.65799998	80.56717000
0.65819998	82.43725000
0.65839998	82.43725000
0.65859998	80.56717000
0.65879998	80.56717000
0.65899998	80.56717000
0.65919998	80.56717000
0.65939998	80.56717000
0.65959998	80.56717000
0.65979998	80.56717000
0.65999998	80.56717000
0.66019998	80.56717000
0.66039998	80.56717000
0.66059998	80.56717000
0.66079998	80.56717000
0.66099998	80.56717000
0.66119998	80.56717000
0.66139998	80.56717000
0.66159998	80.56717000
0.66179998	80.56717000
0.66199998	80.56717000
0.66219998	80.56717000
0.66239998	80.56717000
0.66259998	80.56717000
0.66279998	80.56717000
0.66299998	80.56717000
0.66319998	80.56717000
0.66339998	80.56717000
0.66359998	80.56717000
0.66379998	80.56717000
0.66399998	80.56717000
0.66419998	80.56717000
0.66439998	80.56717000
0.66459998	80.56717000
0.66479998	80.56717000
0.66499998	80.56717000
0.66519998	80.56717000
0.66539998	80.56717000
0.66559998	80.56717000
0.66579998	80.56717000
0.66599998	80.56717000
0.66619998	80.56717000
0.66639998	80.56717000
0.66659998	80.56717000
0.66679998	80.56717000
0.66699998	80.56717000
0.66719998	80.56717000
0.66739998	80.56717000
0.66759998	80.56717000
0.66779998	80.56717000
0.66799998	80.56717000
0.66819998	80.56717000
0.66839998	80.56717000
0.66859998	80.56717000
0.66879998	80.56717000
0.66899998	80.56717000
0.66919998	80.56717000
0.66939998	80.56717000
0.66959998	80.56717000
0.66979998	80.56717000
0.66999998	80.56717000
0.67019998	80.56717000
0.67039998	80.56717000
0.67059998	80.56717000
0.67079998	78.69094000
0.67099998	78.69094000
0.67119998	80.56717000
0.67139998	78.69094000
0.67159998	80.56717000
0.67179998	78.69094000
0.67199998	78.69094000
0.67219998	80.56717000
0.67239998	78.69094000
0.67259998	78.69094000
0.67279998	78.69094000
0.67299998	78.69094000
0.67319998	78.69094000
0.67339998	78.69094000
0.67359998	78.69094000
0.67379998	78.69094000
0.67399998	78.69094000
0.67419998	78.69094000
0.67439998	78.69094000
0.67459998	78.69094000
0.67479998	78.69094000
0.67499998	78.69094000
0.67519998	78.69094000
0.67539998	78.69094000
0.67559998	78.69094000
0.67579998	78.69094000
0.67599998	78.69094000
0.67619998	78.69094000
0.67639998	78.69094000
0.67659998	76.82086000
0.67679998	76.82086000
0.67699998	76.82086000
0.67719998	76.82086000
0.67739998	76.82086000
0.67759998	76.82086000
0.67779998	76.82086000
0.67799998	76.82086000
0.67819998	76.82086000
0.67839998	76.82086000
0.67859998	76.82086000
0.67879998	76.82086000
0.67899998	74.94463000
0.67919998	74.94463000
0.67939998	74.94463000
0.67959998	74.94463000
0.67979998	74.94463000
0.67999998	74.94463000
0.68019998	74.94463000
0.68039998	74.94463000
0.68059998	74.94463000
0.68079998	74.94463000
0.68099998	73.06840000
0.68119998	73.06840000
0.68139998	73.06840000
0.68159998	73.06840000
0.68179998	73.06840000
0.68199998	73.06840000
0.68219998	73.06840000
0.68239998	73.06840000
0.68259998	73.06840000
0.68279998	73.06840000
0.68299998	73.06840000
0.68319998	73.06840000
0.68339998	73.06840000
0.68359998	73.06840000
0.68379998	73.06840000
0.68399998	73.06840000
0.68419998	73.06840000
0.68439998	73.06840000
0.68459998	71.19833000
0.68479998	71.19833000
0.68499998	71.19833000
0.68519998	71.19833000
0.68539998	71.19833000
0.68559998	71.19833000
0.68579998	71.19833000
0.68599998	71.19833000
0.68619998	71.19833000
0.68639998	71.19833000
0.68659998	71.19833000
0.68679998	71.19833000
0.68699998	71.19833000
0.68719998	71.19833000
0.68739998	69.32209000
0.68759998	69.32209000
0.68779998	69.32209000
0.68799998	69.32209000
0.68819998	69.32209000
0.68839998	69.32209000
0.68859998	69.32209000
0.68879998	69.32209000
0.68899998	69.32209000
0.68919998	69.32209000
0.68939998	69.32209000
0.68959998	69.32209000
0.68979998	67.45202000
0.68999998	67.45202000
0.69019998	67.45202000
0.69039998	67.45202000
0.69059998	67.45202000
0.69079998	67.45202000
0.69099998	67.45202000
0.69119998	67.45202000
0.69139998	67.45202000
0.69159998	67.45202000
0.69179998	65.57578000
0.69199998	65.57578000
0.69219998	65.57578000
0.69239998	65.57578000
0.69259998	65.57578000
0.69279998	65.57578000
0.69299998	65.57578000
0.69319998	63.69955000
0.69339998	63.69955000
0.69359998	63.69955000
0.69379998	63.69955000
0.69399998	63.69955000
0.69419998	63.69955000
0.69439998	63.69955000
0.69459998	63.69955000
0.69479998	63.69955000
0.69499998	61.82948000
0.69519998	61.82948000
0.69539998	61.82948000
0.69559998	61.82948000
0.69579998	61.82948000
0.69599998	61.82948000
0.69619998	61.82948000
0.69639998	61.82948000
0.69659998	61.82948000
0.69679998	61.82948000
0.69699998	61.82948000
0.69719998	61.82948000
0.69739998	59.95324000
0.69759998	61.82948000
0.69779998	61.82948000
0.69799998	59.95324000
0.69819998	59.95324000
0.69839998	59.95324000
0.69859998	59.95324000
0.69879998	59.95324000
0.69899998	61.82948000
0.69919998	59.95324000
0.69939998	59.95324000
0.69959998	59.95324000
0.69979998	59.95324000
0.69999998	59.95324000
0.70019998	59.95324000
0.70039998	59.95324000
0.70059998	59.95324000
0.70079998	59.95324000
0.70099998	59.95324000
0.70119998	59.95324000
0.70139998	59.95324000
0.70159998	59.95324000
0.70179998	59.95324000
0.70199998	59.95324000
0.70219998	59.95324000
0.70239998	59.95324000
0.70259998	59.95324000
0.70279998	59.95324000
0.70299998	59.95324000
0.70319998	59.95324000
0.70339998	59.95324000
0.70359998	59.95324000
0.70379998	59.95324000
0.70399998	59.95324000
0.70419998	59.95324000
0.70439998	59.95324000
0.70459998	59.95324000
0.70479998	59.95324000
0.70499998	59.95324000
0.70519998	59.95324000
0.70539998	58.08316000
0.70559998	58.08316000
0.70579998	58.08316000
0.70599998	58.08316000
0.70619998	58.08316000
0.70639998	58.08316000
0.70659998	58.08316000
0.70679998	58.08316000
0.70699998	58.08316000
0.70719998	58.08316000
0.70739998	58.08316000
0.70759998	58.08316000
0.70779998	58.08316000
0.70799998	58.08316000
0.70819998	58.08316000
0.70839998	58.08316000
0.70859998	58.08316000
0.70879998	58.08316000
0.70899998	56.20694000
0.70919998	56.20694000
0.70939998	58.08316000
0.70959998	58.08316000
0.70979998	58.08316000
0.70999998	58.08316000
0.71019998	58.08316000
0.71039998	58.08316000
0.71059998	56.20694000
0.71079998	58.08316000
0.71099998	58.08316000
0.71119998	58.08316000
0.71139998	58.08316000
0.71159998	58.08316000
0.71179998	56.20694000
0.71199998	58.08316000
0.71219998	58.08316000
0.71239998	58.08316000
0.71259998	58.08316000
0.71279998	58.08316000
0.71299998	58.08316000
0.71319998	58.08316000
0.71339998	58.08316000
0.71359998	58.08316000
0.71379998	58.08316000
0.71399998	58.08316000
0.71419998	58.08316000
0.71439998	58.08316000
0.71459998	58.08316000
0.71479998	58.08316000
0.71499998	58.08316000
0.71519998	58.08316000
0.71539998	58.08316000
0.71559998	58.08316000
0.71579998	58.08316000
0.71599998	59.95324000
0.71619998	59.95324000
0.71639998	59.95324000
0.71659998	59.95324000
0.71679998	59.95324000
0.71699998	59.95324000
0.71719998	59.95324000
0.71739998	59.95324000
0.71759998	59.95324000
0.71779998	59.95324000
0.71799998	59.95324000
0.71819998	59.95324000
0.71839998	59.95324000
0.71859998	59.95324000
0.71879998	59.95324000
0.71899998	59.95324000
0.71919998	61.82948000
0.71939998	61.82948000
0.71959998	61.82948000
0.71979998	61.82948000
0.71999998	61.82948000
0.72019998	61.82948000
0.72039998	61.82948000
0.72059998	61.82948000
0.72079998	61.82948000
0.72099998	61.82948000
0.72119998	61.82948000
0.72139998	61.82948000
0.72159998	61.82948000
0.72179998	61.82948000
0.72199998	61.82948000
0.72219998	63.69955000
0.72239998	63.69955000
0.72259998	63.69955000
0.72279998	63.69955000
0.72299998	63.69955000
0.72319998	63.69955000
0.72339998	63.69955000
0.72359998	63.69955000
0.72379998	63.69955000
0.72399998	65.57578000
0.72419998	65.57578000
0.72439998	65.57578000
0.72459998	65.57578000
0.72479998	65.57578000
0.72499998	65.57578000
0.72519998	65.57578000
0.72539998	65.57578000
0.72559998	65.57578000
0.72579998	67.45202000
0.72599998	67.45202000
0.72619998	67.45202000
0.72639998	67.45202000
0.72659998	67.45202000
0.72679998	67.45202000
0.72699998	67.45202000
0.72719998	67.45202000
0.72739998	67.45202000
0.72759998	69.32209000
0.72779998	69.32209000
0.72799998	69.32209000
0.72819998	69.32209000
0.72839998	69.32209000
0.72859998	69.32209000
0.72879998	69.32209000
0.72899998	69.32209000
0.72919998	71.19833000
0.72939998	71.19833000
0.72959998	71.19833000
0.72979998	71.19833000
0.72999998	71.19833000
0.73019998	71.19833000
0.73039998	71.19833000
0.73059998	73.06840000
0.73079998	73.06840000
0.73099998	73.06840000
0.73119998	73.06840000
0.73139998	73.06840000
0.73159998	73.06840000
0.73179998	73.06840000
0.73199998	74.94463000
0.73219998	74.94463000
0.73239998	74.94463000
0.73259998	74.94463000
0.73279998	76.82086000
0.73299998	76.82086000
0.73319998	76.82086000
0.73339998	76.82086000
0.73359998	76.82086000
0.73379998	78.69094000
0.73399998	78.69094000
0.73419998	78.69094000
0.73439998	78.69094000
0.73459998	78.69094000
0.73479998	78.69094000
0.73499998	80.56717000
0.73519998	80.56717000
0.73539998	80.56717000
0.73559998	80.56717000
0.73579998	80.56717000
0.73599998	80.56717000
0.73619998	82.43725000
0.73639998	82.43725000
0.73659998	82.43725000
0.73679998	82.43725000
0.73699998	82.43725000
0.73719998	82.43725000
0.73739998	82.43725000
0.73759998	82.43725000
0.73779998	82.43725000
0.73799998	84.31348000
0.73819998	84.31348000
0.73839998	84.31348000
0.73859998	84.31348000
0.73879998	84.31348000
0.73899998	84.31348000
0.73919998	84.31348000
0.73939998	84.31348000
0.73959998	84.31348000
0.73979998	86.18356000
0.73999998	86.18356000
0.74019998	86.18356000
0.74039998	86.18356000
0.74059998	86.18356000
0.74079998	86.18356000
0.74099998	86.18356000
0.74119998	86.18356000
0.74139998	88.05978000
0.74159998	88.05978000
0.74179998	88.05978000
0.74199998	88.05978000
0.74219998	88.05978000
0.74239998	88.05978000
0.74259998	88.05978000
0.74279998	88.05978000
0.74299998	88.05978000
0.74319998	89.93602000
0.74339998	89.93602000
0.74359998	89.93602000
0.74379998	89.93602000
0.74399998	89.93602000
0.74419998	89.93602000
0.74439998	89.93602000
0.74459998	91.80609000
0.74479998	91.80609000
0.74499998	91.80609000
0.74519998	91.80609000
0.74539998	91.80609000
0.74559998	91.80609000
0.74579998	91.80609000
0.74599998	91.80609000
0.74619998	91.80609000
0.74639998	91.80609000
0.74659998	91.80609000
0.74679998	91.80609000
0.74699998	93.68233000
0.74719998	93.68233000
0.74739998	93.68233000
0.74759998	93.68233000
0.74779998	93.68233000
0.74799998	93.68233000
0.74819998	93.68233000
0.74839998	93.68233000
0.74859998	93.68233000
0.74879998	93.68233000
0.74899998	93.68233000
0.74919998	93.68233000
0.74939998	95.55241000
0.74959998	93.68233000
0.74979998	93.68233000
0.74999998	93.68233000
0.75019998	93.68233000
0.75039998	93.68233000
0.75059998	95.55241000
0.75079998	95.55241000
0.75099998	95.55241000
0.75119998	95.55241000
0.75139998	95.55241000
0.75159998	95.55241000
0.75179998	95.55241000
0.75199998	95.55241000
0.75219998	95.55241000
0.75239998	95.55241000
0.75259998	95.55241000
0.75279998	95.55241000
0.75299998	95.55241000
0.75319998	95.55241000
0.75339998	95.55241000
0.75359998	95.55241000
0.75379998	97.42863000
0.75399998	97.42863000
0.75419998	97.42863000
0.75439998	97.42863000
0.75459998	97.42863000
0.75479998	97.42863000
0.75499998	97.42863000
0.75519998	97.42863000
0.75539998	97.42863000
0.75559998	97.42863000
0.75579998	97.42863000
0.75599998	97.42863000
0.75619998	97.42863000
0.75639998	97.42863000
0.75659998	97.42863000
0.75679998	97.42863000
0.75699998	97.42863000
0.75719998	97.42863000
0.75739998	97.42863000
0.75759998	97.42863000
0.75779998	97.42863000
0.75799998	97.42863000
0.75819998	97.42863000
0.75839998	97.42863000
0.75859998	97.42863000
0.75879998	97.42863000
0.75899998	97.42863000
0.75919998	97.42863000
0.75939998	97.42863000
0.75959998	97.42863000
0.75979998	97.42863000
0.75999998	97.42863000
0.76019998	97.42863000
0.76039998	97.42863000
0.76059998	99.30486000
0.76079998	99.30486000
0.76099998	99.30486000
0.76119998	99.30486000
0.76139998	99.30486000
0.76159998	99.30486000
0.76179998	99.30486000
0.76199998	99.30486000
0.76219998	99.30486000
0.76239998	99.30486000
0.76259998	99.30486000
0.76279998	99.30486000
0.76299998	99.30486000
0.76319998	99.30486000
0.76339998	99.30486000
0.76359998	99.30486000
0.76379998	101.17490000
0.76399998	101.17490000
0.76419998	101.17490000
0.76439998	101.17490000
0.76459998	101.17490000
0.76479998	101.17490000
0.76499998	101.17490000
0.76519998	101.17490000
0.76539998	101.17490000
0.76559998	101.17490000
0.76579998	101.17490000
0.76599998	101.17490000
0.76619998	101.17490000
0.76639998	101.17490000
0.76659998	101.17490000
0.76679998	101.17490000
0.76699998	101.17490000
0.76719998	101.17490000
0.76739998	101.17490000
0.76759998	101.17490000
0.76779998	101.17490000
0.76799998	101.17490000
0.76819998	101.17490000
0.76839998	101.17490000
0.76859998	101.17490000
0.76879998	101.17490000
0.76899998	101.17490000
0.76919998	101.17490000
0.76939998	101.17490000
0.76959998	101.17490000
0.76979998	101.17490000
0.76999998	101.17490000
0.77019998	101.17490000
0.77039998	101.17490000
0.77059998	101.17490000
0.77079998	101.17490000
0.77099998	101.17490000
0.77119998	101.17490000
0.77139998	101.17490000
0.77159998	101.17490000
0.77179998	101.17490000
0.77199998	101.17490000
0.77219998	101.17490000
0.77239998	101.17490000
0.77259998	101.17490000
0.77279998	101.17490000
0.77299998	101.17490000
0.77319998	101.17490000
0.77339998	101.17490000
0.77359998	101.17490000
0.77379998	101.17490000
0.77399998	101.17490000
0.77419998	101.17490000
0.77439998	101.17490000
0.77459998	101.17490000
0.77479998	101.17490000
0.77499998	101.17490000
0.77519998	101.17490000
0.77539998	101.17490000
0.77559998	101.17490000
0.77579998	101.17490000
0.77599998	101.17490000
0.77619998	101.17490000
0.77639998	101.17490000
0.77659998	101.17490000
0.77679998	101.17490000
0.77699998	101.17490000
0.77719998	101.17490000
0.77739998	101.17490000
0.77759998	101.17490000
0.77779998	101.17490000
0.77799998	101.17490000
0.77819998	101.17490000
0.77839998	101.17490000
0.77859998	101.17490000
0.77879998	101.17490000
0.77899998	101.17490000
0.77919998	101.17490000
0.77939998	99.30486000
0.77959998	101.17490000
0.77979998	101.17490000
0.77999998	99.30486000
0.78019998	99.30486000
0.78039998	99.30486000
0.78059998	99.30486000
0.78079998	99.30486000
0.78099998	99.30486000
0.78119998	99.30486000
0.78139998	99.30486000
0.78159998	99.30486000
0.78179998	99.30486000
0.78199998	99.30486000
0.78219998	99.30486000
0.78239998	99.30486000
0.78259998	99.30486000
0.78279998	99.30486000
0.78299998	99.30486000
0.78319998	99.30486000
0.78339998	99.30486000
0.78359998	99.30486000
0.78379998	99.30486000
0.78399998	99.30486000
0.78419998	99.30486000
0.78439998	99.30486000
0.78459998	99.30486000
0.78479998	99.30486000
0.78499998	99.30486000
0.78519998	99.30486000
0.78539998	99.30486000
0.78559998	99.30486000
0.78579998	99.30486000
0.78599998	99.30486000
0.78619998	99.30486000
0.78639998	99.30486000
0.78659998	99.30486000
0.78679998	99.30486000
0.78699998	99.30486000
0.78719998	99.30486000
0.78739998	99.30486000
0.78759998	99.30486000
0.78779998	99.30486000
0.78799998	99.30486000
0.78819998	99.30486000
0.78839998	99.30486000
0.78859998	97.42863000
0.78879998	97.42863000
0.78899998	99.30486000
0.78919998	97.42863000
0.78939998	99.30486000
0.78959998	99.30486000
0.78979998	97.42863000
0.78999998	97.42863000
0.79019998	97.42863000
0.79039998	97.42863000
0.79059998	97.42863000
0.79079998	97.42863000
0.79099998	97.42863000
0.79119998	97.42863000
0.79139998	97.42863000
0.79159998	97.42863000
0.79179998	97.42863000
0.79199998	97.42863000
0.79219998	97.42863000
0.79239998	97.42863000
0.79259998	97.42863000
0.79279998	97.42863000
0.79299998	97.42863000
0.79319998	97.42863000
0.79339998	97.42863000
0.79359998	97.42863000
0.79379998	97.42863000
0.79399998	97.42863000
0.79419998	97.42863000
0.79439998	97.42863000
0.79459998	97.42863000
0.79479998	97.42863000
0.79499998	97.42863000
0.79519998	97.42863000
0.79539998	97.42863000
0.79559998	95.55241000
0.79579998	95.55241000
0.79599998	95.55241000
0.79619998	95.55241000
0.79639998	95.55241000
0.79659998	95.55241000
0.79679998	95.55241000
0.79699998	95.55241000
0.79719998	95.55241000
0.79739998	95.55241000
0.79759998	95.55241000
0.79779998	95.55241000
0.79799998	95.55241000
0.79819998	95.55241000
0.79839998	95.55241000
0.79859998	95.55241000
0.79879998	95.55241000
0.79899998	95.55241000
0.79919998	95.55241000
0.79939998	95.55241000
0.79959998	95.55241000
0.79979998	95.55241000
0.79999998	95.55241000
0.80019998	95.55241000
0.80039998	95.55241000
0.80059998	95.55241000
0.80079998	95.55241000
0.80099998	95.55241000
0.80119998	95.55241000
0.80139998	95.55241000
0.80159998	95.55241000
0.80179998	95.55241000
0.80199998	93.68233000
0.80219998	93.68233000
0.80239998	93.68233000
0.80259998	93.68233000
0.80279998	93.68233000
0.80299998	93.68233000
0.80319998	93.68233000
0.80339998	93.68233000
0.80359998	93.68233000
0.80379998	93.68233000
0.80399998	93.68233000
0.80419998	93.68233000
0.80439998	93.68233000
0.80459998	93.68233000
0.80479998	93.68233000
0.80499998	93.68233000
0.80519998	93.68233000
0.80539998	93.68233000
0.80559998	93.68233000
0.80579998	93.68233000
0.80599998	93.68233000
0.80619998	93.68233000
0.80639998	93.68233000
0.80659998	91.80609000
0.80679998	91.80609000
0.80699998	91.80609000
0.80719998	91.80609000
0.80739998	91.80609000
0.80759998	91.80609000
0.80779998	91.80609000
0.80799998	91.80609000
0.80819998	91.80609000
0.80839998	91.80609000
0.80859998	91.80609000
0.80879998	91.80609000
0.80899998	91.80609000
0.80919998	91.80609000
0.80939998	91.80609000
0.80959998	91.80609000
0.80979998	91.80609000
0.80999998	91.80609000
0.81019998	91.80609000
0.81039998	91.80609000
0.81059998	91.80609000
0.81079998	91.80609000
0.81099998	89.93602000
0.81119998	89.93602000
0.81139998	89.93602000
0.81159998	89.93602000
0.81179998	89.93602000
0.81199998	89.93602000
0.81219998	89.93602000
0.81239998	89.93602000
0.81259998	89.93602000
0.81279998	89.93602000
0.81299998	89.93602000
0.81319998	89.93602000
0.81339998	89.93602000
0.81359998	89.93602000
0.81379998	89.93602000
0.81399998	89.93602000
0.81419998	88.05978000
0.81439998	88.05978000
0.81459998	88.05978000
0.81479998	88.05978000
0.81499998	88.05978000
0.81519998	88.05978000
0.81539998	88.05978000
0.81559998	88.05978000
0.81579998	88.05978000
0.81599998	88.05978000
0.81619998	88.05978000
0.81639998	88.05978000
0.81659998	88.05978000
0.81679998	86.18356000
0.81699998	86.18356000
0.81719998	88.05978000
0.81739998	86.18356000
0.81759998	86.18356000
0.81779998	86.18356000
0.81799998	86.18356000
0.81819998	86.18356000
0.81839998	86.18356000
0.81859998	86.18356000
0.81879998	86.18356000
0.81899998	86.18356000
0.81919998	86.18356000
0.81939998	86.18356000
0.81959998	86.18356000
0.81979998	84.31348000
0.81999998	86.18356000
0.82019998	86.18356000
0.82039998	86.18356000
0.82059998	86.18356000
0.82079998	84.31348000
0.82099998	84.31348000
0.82119998	84.31348000
0.82139998	84.31348000
0.82159998	84.31348000
0.82179998	84.31348000
0.82199998	84.31348000
0.82219998	84.31348000
0.82239998	84.31348000
0.82259998	84.31348000
0.82279998	84.31348000
0.82299998	84.31348000
0.82319998	84.31348000
0.82339998	84.31348000
0.82359998	84.31348000
0.82379998	84.31348000
0.82399998	84.31348000
0.82419998	84.31348000
0.82439998	84.31348000
0.82459998	82.43725000
0.82479998	82.43725000
0.82499998	82.43725000
0.82519998	82.43725000
0.82539998	82.43725000
0.82559998	82.43725000
0.82579998	82.43725000
0.82599998	82.43725000
0.82619998	82.43725000
0.82639998	82.43725000
0.82659998	82.43725000
0.82679998	82.43725000
0.82699998	82.43725000
0.82719998	82.43725000
0.82739998	82.43725000
0.82759998	82.43725000
0.82779998	82.43725000
0.82799998	82.43725000
0.82819998	82.43725000
0.82839998	82.43725000
0.82859998	80.56717000
0.82879998	80.56717000
0.82899998	80.56717000
0.82919998	80.56717000
0.82939998	80.56717000
0.82959998	80.56717000
0.82979998	80.56717000
0.82999998	80.56717000
0.83019998	80.56717000
0.83039998	80.56717000
0.83059998	80.56717000
0.83079998	80.56717000
0.83099998	80.56717000
0.83119998	80.56717000
0.83139998	78.69094000
0.83159998	78.69094000
0.83179998	78.69094000
0.83199998	78.69094000
0.83219998	78.69094000
0.83239998	78.69094000
0.83259998	78.69094000
0.83279998	78.69094000
0.83299998	78.69094000
0.83319998	78.69094000
0.83339998	78.69094000
0.83359998	78.69094000
0.83379998	78.69094000
0.83399998	76.82086000
0.83419998	76.82086000
0.83439998	76.82086000
0.83459998	76.82086000
0.83479998	76.82086000
0.83499998	76.82086000
0.83519998	76.82086000
0.83539998	76.82086000
0.83559998	76.82086000
0.83579998	74.94463000
0.83599998	76.82086000
0.83619998	76.82086000
0.83639998	74.94463000
0.83659998	76.82086000
0.83679998	74.94463000
0.83699998	74.94463000
0.83719998	74.94463000
0.83739998	74.94463000
0.83759998	74.94463000
0.83779998	74.94463000
0.83799998	74.94463000
0.83819998	74.94463000
0.83839998	74.94463000
0.83859998	74.94463000
0.83879998	74.94463000
0.83899998	74.94463000
0.83919998	74.94463000
0.83939998	74.94463000
0.83959998	74.94463000
0.83979998	73.06840000
0.83999998	73.06840000
0.84019998	73.06840000
0.84039998	73.06840000
0.84059998	73.06840000
0.84079998	73.06840000
0.84099998	73.06840000
0.84119998	73.06840000
0.84139998	73.06840000
0.84159998	73.06840000
0.84179998	73.06840000
0.84199998	73.06840000
0.84219998	73.06840000
0.84239998	73.06840000
0.84259998	73.06840000
0.84279998	73.06840000
0.84299998	73.06840000
0.84319998	73.06840000
0.84339998	73.06840000
0.84359998	73.06840000
0.84379998	73.06840000
0.84399998	73.06840000
0.84419998	73.06840000
0.84439998	73.06840000
0.84459998	73.06840000
0.84479998	73.06840000
0.84499998	71.19833000
0.84519998	71.19833000
0.84539998	71.19833000
0.84559998	71.19833000
0.84579998	71.19833000
0.84599998	71.19833000
0.84619998	71.19833000
0.84639998	71.19833000
0.84659998	71.19833000
0.84679998	71.19833000
0.84699998	71.19833000
0.84719998	71.19833000
0.84739998	69.32209000
0.84759998	71.19833000
0.84779998	69.32209000
0.84799998	71.19833000
0.84819998	69.32209000
0.84839998	69.32209000
0.84859998	69.32209000
0.84879998	69.32209000
0.84899998	69.32209000
0.84919998	69.32209000
0.84939998	69.32209000
0.84959998	69.32209000
0.84979998	69.32209000
0.84999998	67.45202000
0.85019998	67.45202000
0.85039998	67.45202000
0.85059998	67.45202000
0.85079998	67.45202000
0.85099998	67.45202000
0.85119998	67.45202000
0.85139998	67.45202000
0.85159998	67.45202000
0.85179998	67.45202000
0.85199998	67.45202000
0.85219998	67.45202000
0.85239998	67.45202000
0.85259998	67.45202000
0.85279998	67.45202000
0.85299998	67.45202000
0.85319998	67.45202000
0.85339998	67.45202000
0.85359998	67.45202000
0.85379998	65.57578000
0.85399998	65.57578000
0.85419998	65.57578000
0.85439998	65.57578000
0.85459998	65.57578000
0.85479998	65.57578000
0.85499998	65.57578000
0.85519998	65.57578000
0.85539998	65.57578000
0.85559998	65.57578000
0.85579998	65.57578000
0.85599998	65.57578000
0.85619998	65.57578000
0.85639998	65.57578000
0.85659998	65.57578000
0.85679998	63.69955000
0.85699998	63.69955000
0.85719998	63.69955000
0.85739998	63.69955000
0.85759998	63.69955000
0.85779998	63.69955000
0.85799998	63.69955000
0.85819998	63.69955000
0.85839998	63.69955000
0.85859998	63.69955000
0.85879998	63.69955000
0.85899998	63.69955000
0.85919998	63.69955000
0.85939998	61.82948000
0.85959998	63.69955000
0.85979998	63.69955000
0.85999998	61.82948000
0.86019998	61.82948000
0.86039998	61.82948000
0.86059998	61.82948000
0.86079998	61.82948000
0.86099998	61.82948000
0.86119998	61.82948000
0.86139998	61.82948000
0.86159998	61.82948000
0.86179998	61.82948000
0.86199998	61.82948000
0.86219998	61.82948000
0.86239998	61.82948000
0.86259998	61.82948000
0.86279998	61.82948000
0.86299998	59.95324000
0.86319998	61.82948000
0.86339998	59.95324000
0.86359998	61.82948000
0.86379998	61.82948000
0.86399998	61.82948000
0.86419998	61.82948000
0.86439998	59.95324000
0.86459998	61.82948000
0.86479998	59.95324000
0.86499998	59.95324000
0.86519998	59.95324000
0.86539998	59.95324000
0.86559998	59.95324000
0.86579998	59.95324000
0.86599998	59.95324000
0.86619998	59.95324000
0.86639998	59.95324000
0.86659998	59.95324000
0.86679998	59.95324000
0.86699998	59.95324000
0.86719998	59.95324000
0.86739998	59.95324000
0.86759998	59.95324000
0.86779998	59.95324000
0.86799998	59.95324000
0.86819998	59.95324000
0.86839998	59.95324000
0.86859998	59.95324000
0.86879998	59.95324000
0.86899998	59.95324000
0.86919998	59.95324000
0.86939998	59.95324000
0.86959998	59.95324000
0.86979998	59.95324000
0.86999998	59.95324000
0.87019998	59.95324000
0.87039998	59.95324000
0.87059998	59.95324000
0.87079998	59.95324000
0.87099998	59.95324000
0.87119998	59.95324000
0.87139998	59.95324000
0.87159998	59.95324000
0.87179998	59.95324000
0.87199998	59.95324000
0.87219998	59.95324000
0.87239998	59.95324000
0.87259998	59.95324000
0.87279998	59.95324000
0.87299998	59.95324000
0.87319998	59.95324000
0.87339998	59.95324000
0.87359998	59.95324000
0.87379998	59.95324000
0.87399998	59.95324000
0.87419998	59.95324000
0.87439998	59.95324000
0.87459998	59.95324000
0.87479998	59.95324000
0.87499998	59.95324000
0.87519998	59.95324000
0.87539998	59.95324000
0.87559998	59.95324000
0.87579998	59.95324000
0.87599998	59.95324000
0.87619998	59.95324000
0.87639998	59.95324000
0.87659998	59.95324000
0.87679998	59.95324000
0.87699998	59.95324000
0.87719998	59.95324000
0.87739998	59.95324000
0.87759998	59.95324000
0.87779998	59.95324000
0.87799998	59.95324000
0.87819998	59.95324000
0.87839998	59.95324000
0.87859998	59.95324000
0.87879998	59.95324000
0.87899998	59.95324000
0.87919998	59.95324000
0.87939998	59.95324000
0.87959998	59.95324000
0.87979998	59.95324000
0.87999998	59.95324000
0.88019998	59.95324000
0.88039998	59.95324000
0.88059998	59.95324000
0.88079998	59.95324000
0.88099998	59.95324000
0.88119998	59.95324000
0.88139998	59.95324000
0.88159998	59.95324000
0.88179998	59.95324000
0.88199998	59.95324000
0.88219998	59.95324000
0.88239998	59.95324000
0.88259998	59.95324000
0.88279998	59.95324000
0.88299998	61.82948000
0.88319998	59.95324000
0.88339998	59.95324000
0.88359998	61.82948000
0.88379998	59.95324000
0.88399998	59.95324000
0.88419998	61.82948000
0.88439998	61.82948000
0.88459998	61.82948000
0.88479998	61.82948000
0.88499998	61.82948000
0.88519998	61.82948000
0.88539998	61.82948000
0.88559998	61.82948000
0.88579998	61.82948000
0.88599998	61.82948000
0.88619998	61.82948000
0.88639998	61.82948000
0.88659998	61.82948000
0.88679998	61.82948000
0.88699998	61.82948000
0.88719998	61.82948000
0.88739998	61.82948000
0.88759998	61.82948000
0.88779998	63.69955000
0.88799998	63.69955000
0.88819998	63.69955000
0.88839998	63.69955000
0.88859998	63.69955000
0.88879998	63.69955000
0.88899998	63.69955000
0.88919998	63.69955000
0.88939998	63.69955000
0.88959998	63.69955000
0.88979998	63.69955000
0.88999998	63.69955000
0.89019998	63.69955000
0.89039998	63.69955000
0.89059998	63.69955000
0.89079998	63.69955000
0.89099998	63.69955000
0.89119998	63.69955000
0.89139998	63.69955000
0.89159998	63.69955000
0.89179998	63.69955000
0.89199998	63.69955000
0.89219998	63.69955000
0.89239998	63.69955000
0.89259998	63.69955000
0.89279998	65.57578000
0.89299998	65.57578000
0.89319998	65.57578000
0.89339998	65.57578000
0.89359998	65.57578000
0.89379998	65.57578000
0.89399998	65.57578000
0.89419998	65.57578000
0.89439998	65.57578000
0.89459998	65.57578000
0.89479998	65.57578000
0.89499998	65.57578000
0.89519998	65.57578000
0.89539998	65.57578000
0.89559998	65.57578000
0.89579998	65.57578000
0.89599998	65.57578000
0.89619998	65.57578000
0.89639998	65.57578000
0.89659998	65.57578000
0.89679998	65.57578000
0.89699998	67.45202000
0.89719998	67.45202000
0.89739998	67.45202000
0.89759998	67.45202000
0.89779998	67.45202000
0.89799998	67.45202000
0.89819998	67.45202000
0.89839998	67.45202000
0.89859998	67.45202000
0.89879998	67.45202000
0.89899998	67.45202000
0.89919998	67.45202000
0.89939998	67.45202000
0.89959998	69.32209000
0.89979998	69.32209000
0.89999998	69.32209000
0.90019998	69.32209000
0.90039998	69.32209000
0.90059998	69.32209000
0.90079998	69.32209000
0.90099998	69.32209000
0.90119998	69.32209000
0.90139998	69.32209000
0.90159998	69.32209000
0.90179998	69.32209000
0.90199998	69.32209000
0.90219998	69.32209000
0.90239998	71.19833000
0.90259998	71.19833000
0.90279998	71.19833000
0.90299998	71.19833000
0.90319998	71.19833000
0.90339998	71.19833000
0.90359998	71.19833000
0.90379998	71.19833000
0.90399998	71.19833000
0.90419998	71.19833000
0.90439998	71.19833000
0.90459998	71.19833000
0.90479998	71.19833000
0.90499998	71.19833000
0.90519998	71.19833000
0.90539998	71.19833000
0.90559998	71.19833000
0.90579998	71.19833000
0.90599998	73.06840000
0.90619998	71.19833000
0.90639998	73.06840000
0.90659998	73.06840000
0.90679998	73.06840000
0.90699998	73.06840000
0.90719998	73.06840000
0.90739998	73.06840000
0.90759998	73.06840000
0.90779998	73.06840000
0.90799998	73.06840000
0.90819998	73.06840000
0.90839998	73.06840000
0.90859998	73.06840000
0.90879998	73.06840000
0.90899998	73.06840000
0.90919998	74.94463000
0.90939998	74.94463000
0.90959998	74.94463000
0.90979998	74.94463000
0.90999998	74.94463000
0.91019998	74.94463000
0.91039998	74.94463000
0.91059998	74.94463000
0.91079998	74.94463000
0.91099998	74.94463000
0.91119998	74.94463000
0.91139998	74.94463000
0.91159998	74.94463000
0.91179998	74.94463000
0.91199998	74.94463000
0.91219998	74.94463000
0.91239998	74.94463000
0.91259998	74.94463000
0.91279998	74.94463000
0.91299998	74.94463000
0.91319998	74.94463000
0.91339998	76.82086000
0.91359998	76.82086000
0.91379998	76.82086000
0.91399998	76.82086000
0.91419998	76.82086000
0.91439998	76.82086000
0.91459998	76.82086000
0.91479998	76.82086000
0.91499998	76.82086000
0.91519998	76.82086000
0.91539998	76.82086000
0.91559998	76.82086000
0.91579998	76.82086000
0.91599998	76.82086000
0.91619998	76.82086000
0.91639998	78.69094000
0.91659998	76.82086000
0.91679998	78.69094000
0.91699998	78.69094000
0.91719998	78.69094000
0.91739998	78.69094000
0.91759998	78.69094000
0.91779998	80.56717000
0.91799998	80.56717000
0.91819998	80.56717000
0.91839998	78.69094000
0.91859998	78.69094000
0.91879998	80.56717000
0.91899998	80.56717000
0.91919998	80.56717000
0.91939998	80.56717000
0.91959998	80.56717000
0.91979998	80.56717000
0.91999998	80.56717000
0.92019998	80.56717000
0.92039998	82.43725000
0.92059998	82.43725000
0.92079998	82.43725000
0.92099998	82.43725000
0.92119998	82.43725000
0.92139998	82.43725000
0.92159998	82.43725000
0.92179998	82.43725000
0.92199998	82.43725000
0.92219998	82.43725000
0.92239998	84.31348000
0.92259998	84.31348000
0.92279998	82.43725000
0.92299998	82.43725000
0.92319998	82.43725000
0.92339998	82.43725000
0.92359998	82.43725000
0.92379998	82.43725000
0.92399998	84.31348000
0.92419998	82.43725000
0.92439998	82.43725000
0.92459998	82.43725000
0.92479998	82.43725000
0.92499998	82.43725000
0.92519998	84.31348000
0.92539998	84.31348000
0.92559998	84.31348000
0.92579998	84.31348000
0.92599998	82.43725000
0.92619998	84.31348000
0.92639998	84.31348000
0.92659998	84.31348000
0.92679998	84.31348000
0.92699998	84.31348000
0.92719998	84.31348000
0.92739998	84.31348000
0.92759998	84.31348000
0.92779998	84.31348000
0.92799998	84.31348000
0.92819998	84.31348000
0.92839998	84.31348000
0.92859998	84.31348000
0.92879998	84.31348000
0.92899998	84.31348000
0.92919998	84.31348000
0.92939998	84.31348000
0.92959998	84.31348000
0.92979998	86.18356000
0.92999998	86.18356000
0.93019998	86.18356000
0.93039998	86.18356000
0.93059998	86.18356000
0.93079998	86.18356000
0.93099998	86.18356000
0.93119998	86.18356000
0.93139998	86.18356000
0.93159998	86.18356000
0.93179998	86.18356000
0.93199998	86.18356000
0.93219998	86.18356000
0.93239998	86.18356000
0.93259998	86.18356000
0.93279998	88.05978000
0.93299998	88.05978000
0.93319998	88.05978000
0.93339998	88.05978000
0.93359998	88.05978000
0.93379998	88.05978000
0.93399998	88.05978000
0.93419998	88.05978000
0.93439998	88.05978000
0.93459998	88.05978000
0.93479998	89.93602000
0.93499998	89.93602000
0.93519998	89.93602000
0.93539998	88.05978000
0.93559998	89.93602000
0.93579998	89.93602000
0.93599998	89.93602000
0.93619998	89.93602000
0.93639998	89.93602000
0.93659998	89.93602000
0.93679998	89.93602000
0.93699998	89.93602000
0.93719998	89.93602000
0.93739998	89.93602000
0.93759998	91.80609000
0.93779998	91.80609000
0.93799998	91.80609000
0.93819998	91.80609000
0.93839998	91.80609000
0.93859998	91.80609000
0.93879998	91.80609000
0.93899998	91.80609000
0.93919998	91.80609000
0.93939998	91.80609000
0.93959998	91.80609000
0.93979998	91.80609000
0.93999998	91.80609000
0.94019998	91.80609000
0.94039998	91.80609000
0.94059998	91.80609000
0.94079998	91.80609000
0.94099998	91.80609000
0.94119998	91.80609000
0.94139998	91.80609000
0.94159998	91.80609000
0.94179998	91.80609000
0.94199998	91.80609000
0.94219998	91.80609000
0.94239998	91.80609000
0.94259998	91.80609000
0.94279998	93.68233000
0.94299998	91.80609000
0.94319998	91.80609000
0.94339998	91.80609000
0.94359998	91.80609000
0.94379998	91.80609000
0.94399998	91.80609000
0.94419998	93.68233000
0.94439998	91.80609000
0.94459998	91.80609000
0.94479998	93.68233000
0.94499998	91.80609000
0.94519998	93.68233000
0.94539998	93.68233000
0.94559998	93.68233000
0.94579998	93.68233000
0.94599998	93.68233000
0.94619998	93.68233000
0.94639998	93.68233000
0.94659998	93.68233000
0.94679998	93.68233000
0.94699998	93.68233000
0.94719998	93.68233000
0.94739998	93.68233000
0.94759998	93.68233000
0.94779998	93.68233000
0.94799998	93.68233000
0.94819998	93.68233000
0.94839998	93.68233000
0.94859998	93.68233000
0.94879998	93.68233000
0.94899998	95.55241000
0.94919998	93.68233000
0.94939998	93.68233000
0.94959998	93.68233000
0.94979998	93.68233000
0.94999998	93.68233000
0.95019998	93.68233000
0.95039998	95.55241000
0.95059998	93.68233000
0.95079998	93.68233000
0.95099998	93.68233000
0.95119998	93.68233000
0.95139998	93.68233000
0.95159998	93.68233000
0.95179998	93.68233000
0.95199998	93.68233000
0.95219998	93.68233000
0.95239998	93.68233000
0.95259998	93.68233000
0.95279998	93.68233000
0.95299998	93.68233000
0.95319998	93.68233000
0.95339998	93.68233000
0.95359998	93.68233000
0.95379998	93.68233000
0.95399998	93.68233000
0.95419998	95.55241000
0.95439998	93.68233000
0.95459998	93.68233000
0.95479998	93.68233000
0.95499998	95.55241000
0.95519998	95.55241000
0.95539998	95.55241000
0.95559998	95.55241000
0.95579998	95.55241000
0.95599998	95.55241000
0.95619998	95.55241000
0.95639998	95.55241000
0.95659998	95.55241000
0.95679998	95.55241000
0.95699998	95.55241000
0.95719998	95.55241000
0.95739998	95.55241000
0.95759998	95.55241000
0.95779998	95.55241000
0.95799998	95.55241000
0.95819998	95.55241000
0.95839998	95.55241000
0.95859998	95.55241000
0.95879998	95.55241000
0.95899998	95.55241000
0.95919998	95.55241000
0.95939998	97.42863000
0.95959998	97.42863000
0.95979998	95.55241000
0.95999998	97.42863000
0.96019998	97.42863000
0.96039998	97.42863000
0.96059998	97.42863000
0.96079998	97.42863000
0.96099998	97.42863000
0.96119998	97.42863000
0.96139998	97.42863000
0.96159998	97.42863000
0.96179998	97.42863000
0.96199998	97.42863000
0.96219998	97.42863000
0.96239998	97.42863000
0.96259998	97.42863000
0.96279998	97.42863000
0.96299998	97.42863000
0.96319998	97.42863000
0.96339998	97.42863000
0.96359998	97.42863000
0.96379998	97.42863000
0.96399998	97.42863000
0.96419998	97.42863000
0.96439998	97.42863000
0.96459998	97.42863000
0.96479998	97.42863000
0.96499998	97.42863000
0.96519998	97.42863000
0.96539998	97.42863000
0.96559998	97.42863000
0.96579998	97.42863000
0.96599998	97.42863000
0.96619998	97.42863000
0.96639998	97.42863000
0.96659998	97.42863000
0.96679998	99.30486000
0.96699998	97.42863000
0.96719998	97.42863000
0.96739998	99.30486000
0.96759998	99.30486000
0.96779998	99.30486000
0.96799998	99.30486000
0.96819998	99.30486000
0.96839998	99.30486000
0.96859998	97.42863000
0.96879998	97.42863000
0.96899998	97.42863000
0.96919998	99.30486000
0.96939998	99.30486000
0.96959998	97.42863000
0.96979998	99.30486000
0.96999998	97.42863000
0.97019998	97.42863000
0.97039998	99.30486000
0.97059998	97.42863000
0.97079998	99.30486000
0.97099998	97.42863000
0.97119998	97.42863000
0.97139998	99.30486000
0.97159998	97.42863000
0.97179998	97.42863000
0.97199998	97.42863000
0.97219998	99.30486000
0.97239998	97.42863000
0.97259998	97.42863000
0.97279998	97.42863000
0.97299998	97.42863000
0.97319998	97.42863000
0.97339998	99.30486000
0.97359998	97.42863000
0.97379998	97.42863000
0.97399998	97.42863000
0.97419998	97.42863000
0.97439998	99.30486000
0.97459998	99.30486000
0.97479998	97.42863000
0.97499998	97.42863000
0.97519998	99.30486000
0.97539998	99.30486000
0.97559998	97.42863000
0.97579998	97.42863000
0.97599998	97.42863000
0.97619998	99.30486000
0.97639998	97.42863000
0.97659998	97.42863000
0.97679998	97.42863000
0.97699998	97.42863000
0.97719998	97.42863000
0.97739998	97.42863000
0.97759998	99.30486000
0.97779998	97.42863000
0.97799998	99.30486000
0.97819998	99.30486000
0.97839998	99.30486000
0.97859998	99.30486000
0.97879998	99.30486000
0.97899998	99.30486000
0.97919998	99.30486000
0.97939998	99.30486000
0.97959998	99.30486000
0.97979998	99.30486000
0.97999998	99.30486000
0.98019998	99.30486000
0.98039998	99.30486000
0.98059998	99.30486000
0.98079998	99.30486000
0.98099998	99.30486000
0.98119998	99.30486000
0.98139998	99.30486000
0.98159998	99.30486000
0.98179998	99.30486000
0.98199998	99.30486000
0.98219998	99.30486000
0.98239998	99.30486000
0.98259998	99.30486000
0.98279998	99.30486000
0.98299998	99.30486000
0.98319998	99.30486000
0.98339998	99.30486000
0.98359998	99.30486000
0.98379998	99.30486000
0.98399998	99.30486000
0.98419998	99.30486000
0.98439998	99.30486000
0.98459998	99.30486000
0.98479998	99.30486000
0.98499998	99.30486000
0.98519998	99.30486000
0.98539998	99.30486000
0.98559998	99.30486000
0.98579998	99.30486000
0.98599998	99.30486000
0.98619998	99.30486000
0.98639998	99.30486000
0.98659998	99.30486000
0.98679998	99.30486000
0.98699998	99.30486000
0.98719998	99.30486000
0.98739998	99.30486000
0.98759998	99.30486000
0.98779998	99.30486000
0.98799998	99.30486000
0.98819998	99.30486000
0.98839998	99.30486000
0.98859998	99.30486000
0.98879998	99.30486000
0.98899998	99.30486000
0.98919998	99.30486000
0.98939998	99.30486000
0.98959998	99.30486000
0.98979997	99.30486000
0.98999997	99.30486000
0.99019997	99.30486000
0.99039997	99.30486000
0.99059997	99.30486000
0.99079997	99.30486000
0.99099997	99.30486000
0.99119997	99.30486000
0.99139997	99.30486000
0.99159997	99.30486000
0.99179997	99.30486000
0.99199997	99.30486000
0.99219997	99.30486000
0.99239997	99.30486000
0.99259997	99.30486000
0.99279997	99.30486000
0.99299997	99.30486000
0.99319997	99.30486000
0.99339997	99.30486000
0.99359997	99.30486000
0.99379997	99.30486000
0.99399997	99.30486000
0.99419997	99.30486000
0.99439997	99.30486000
0.99459997	99.30486000
0.99479997	99.30486000
0.99499997	99.30486000
0.99519997	99.30486000
0.99539997	99.30486000
0.99559997	99.30486000
0.99579997	99.30486000
0.99599997	99.30486000
0.99619997	99.30486000
0.99639997	99.30486000
0.99659997	99.30486000
0.99679997	99.30486000
0.99699997	99.30486000
0.99719997	99.30486000
0.99739997	99.30486000
0.99759997	99.30486000
0.99779997	99.30486000
0.99799997	99.30486000
0.99819997	97.42863000
0.99839997	99.30486000
0.99859997	97.42863000
0.99879997	97.42863000
0.99899997	97.42863000
0.99919997	97.42863000
0.99939997	97.42863000
0.99959997	97.42863000
0.99979997	97.42863000
0.99999997	97.42863000
1.00019997	97.42863000
1.00039997	97.42863000
1.00059997	97.42863000
1.00079997	97.42863000
1.00099997	97.42863000
1.00119997	97.42863000
1.00139997	97.42863000
1.00159997	97.42863000
1.00179997	97.42863000
1.00199997	97.42863000
1.00219997	97.42863000
1.00239997	97.42863000
1.00259997	97.42863000
1.00279997	97.42863000
1.00299997	97.42863000
1.00319997	97.42863000
1.00339997	97.42863000
1.00359997	97.42863000
1.00379997	97.42863000
1.00399997	97.42863000
1.00419997	97.42863000
1.00439997	97.42863000
1.00459997	97.42863000
1.00479997	97.42863000
1.00499997	97.42863000
1.00519997	97.42863000
1.00539997	97.42863000
1.00559997	97.42863000
1.00579997	97.42863000
1.00599997	97.42863000
1.00619997	97.42863000
1.00639997	97.42863000
1.00659997	97.42863000
1.00679997	97.42863000
1.00699997	97.42863000
1.00719997	97.42863000
1.00739997	97.42863000
1.00759997	97.42863000
1.00779997	97.42863000
1.00799997	97.42863000
1.00819997	97.42863000
1.00839997	97.42863000
1.00859997	97.42863000
1.00879997	97.42863000
1.00899997	97.42863000
1.00919997	97.42863000
1.00939997	97.42863000
1.00959997	97.42863000
1.00979997	97.42863000
1.00999997	95.55241000
1.01019997	95.55241000
1.01039997	95.55241000
1.01059997	95.55241000
1.01079997	95.55241000
1.01099997	95.55241000
1.01119997	95.55241000
1.01139997	95.55241000
1.01159997	95.55241000
1.01179997	95.55241000
1.01199997	95.55241000
1.01219997	95.55241000
1.01239997	95.55241000
1.01259997	95.55241000
1.01279997	95.55241000
1.01299997	95.55241000
1.01319997	95.55241000
1.01339997	95.55241000
1.01359997	95.55241000
1.01379997	95.55241000
1.01399997	95.55241000
1.01419997	95.55241000
1.01439997	95.55241000
1.01459997	95.55241000
1.01479997	95.55241000
1.01499997	95.55241000
1.01519997	95.55241000
1.01539997	95.55241000
1.01559997	95.55241000
1.01579997	95.55241000
1.01599997	95.55241000
1.01619997	95.55241000
1.01639997	95.55241000
1.01659997	95.55241000
1.01679997	95.55241000
1.01699997	95.55241000
1.01719997	95.55241000
1.01739997	95.55241000
1.01759997	95.55241000
1.01779997	95.55241000
1.01799997	95.55241000
1.01819997	95.55241000
1.01839997	95.55241000
1.01859997	95.55241000
1.01879997	95.55241000
1.01899997	95.55241000
1.01919997	93.68233000
1.01939997	93.68233000
1.01959997	95.55241000
1.01979997	93.68233000
1.01999997	93.68233000
1.02019997	93.68233000
1.02039997	93.68233000
1.02059997	93.68233000
1.02079997	93.68233000
1.02099997	93.68233000
1.02119997	93.68233000
1.02139997	93.68233000
1.02159997	93.68233000
1.02179997	93.68233000
1.02199997	93.68233000
1.02219997	93.68233000
1.02239997	93.68233000
1.02259997	93.68233000
1.02279997	93.68233000
1.02299997	93.68233000
1.02319997	93.68233000
1.02339997	93.68233000
1.02359997	93.68233000
1.02379997	93.68233000
1.02399997	93.68233000
1.02419997	93.68233000
1.02439997	93.68233000
1.02459997	93.68233000
1.02479997	93.68233000
1.02499997	93.68233000
1.02519997	93.68233000
1.02539997	93.68233000
1.02559997	93.68233000
1.02579997	91.80609000
1.02599997	91.80609000
1.02619997	91.80609000
1.02639997	91.80609000
1.02659997	91.80609000
1.02679997	91.80609000
1.02699997	91.80609000
1.02719997	91.80609000
1.02739997	91.80609000
1.02759997	91.80609000
1.02779997	91.80609000
1.02799997	91.80609000
1.02819997	91.80609000
1.02839997	91.80609000
1.02859997	91.80609000
1.02879997	91.80609000
1.02899997	91.80609000
1.02919997	91.80609000
1.02939997	91.80609000
1.02959997	91.80609000
1.02979997	91.80609000
1.02999997	91.80609000
1.03019997	91.80609000
1.03039997	91.80609000
1.03059997	91.80609000
1.03079997	91.80609000
1.03099997	91.80609000
1.03119997	91.80609000
1.03139997	89.93602000
1.03159997	89.93602000
1.03179997	91.80609000
1.03199997	89.93602000
1.03219997	89.93602000
1.03239997	91.80609000
1.03259997	89.93602000
1.03279997	91.80609000
1.03299997	91.80609000
1.03319997	91.80609000
1.03339997	89.93602000
1.03359997	91.80609000
1.03379997	91.80609000
1.03399997	91.80609000
1.03419997	89.93602000
1.03439997	89.93602000
1.03459997	89.93602000
1.03479997	89.93602000
1.03499997	89.93602000
1.03519997	89.93602000
1.03539997	89.93602000
1.03559997	89.93602000
1.03579997	89.93602000
1.03599997	89.93602000
1.03619997	89.93602000
1.03639997	89.93602000
1.03659997	89.93602000
1.03679997	89.93602000
1.03699997	89.93602000
1.03719997	89.93602000
1.03739997	89.93602000
1.03759997	89.93602000
1.03779997	89.93602000
1.03799997	88.05978000
1.03819997	89.93602000
1.03839997	89.93602000
1.03859997	88.05978000
1.03879997	89.93602000
1.03899997	89.93602000
1.03919997	88.05978000
1.03939997	89.93602000
1.03959997	89.93602000
1.03979997	88.05978000
1.03999997	88.05978000
1.04019997	88.05978000
1.04039997	89.93602000
1.04059997	88.05978000
1.04079997	88.05978000
1.04099997	88.05978000
1.04119997	88.05978000
1.04139997	88.05978000
1.04159997	88.05978000
1.04179997	88.05978000
1.04199997	88.05978000
1.04219997	88.05978000
1.04239997	88.05978000
1.04259997	88.05978000
1.04279997	88.05978000
1.04299997	88.05978000
1.04319997	88.05978000
1.04339997	88.05978000
1.04359997	88.05978000
1.04379997	88.05978000
1.04399997	88.05978000
1.04419997	88.05978000
1.04439997	88.05978000
1.04459997	88.05978000
1.04479997	88.05978000
1.04499997	88.05978000
1.04519997	88.05978000
1.04539997	88.05978000
1.04559997	88.05978000
1.04579997	88.05978000
1.04599997	88.05978000
1.04619997	88.05978000
1.04639997	88.05978000
1.04659997	86.18356000
1.04679997	86.18356000
1.04699997	86.18356000
1.04719997	86.18356000
1.04739997	86.18356000
1.04759997	86.18356000
1.04779997	86.18356000
1.04799997	86.18356000
1.04819997	86.18356000
1.04839997	86.18356000
1.04859997	86.18356000
1.04879997	86.18356000
1.04899997	86.18356000
1.04919997	86.18356000
1.04939997	86.18356000
1.04959997	86.18356000
1.04979997	86.18356000
1.04999997	86.18356000
1.05019997	84.31348000
1.05039997	84.31348000
1.05059997	84.31348000
1.05079997	84.31348000
1.05099997	84.31348000
1.05119997	84.31348000
1.05139997	84.31348000
1.05159997	84.31348000
1.05179997	84.31348000
1.05199997	84.31348000
1.05219997	84.31348000
1.05239997	84.31348000
1.05259997	84.31348000
1.05279997	84.31348000
1.05299997	84.31348000
1.05319997	84.31348000
1.05339997	84.31348000
1.05359997	84.31348000
1.05379997	84.31348000
1.05399997	84.31348000
1.05419997	84.31348000
1.05439997	84.31348000
1.05459997	84.31348000
1.05479997	84.31348000
1.05499997	84.31348000
1.05519997	84.31348000
1.05539997	84.31348000
1.05559997	82.43725000
1.05579997	82.43725000
1.05599997	82.43725000
1.05619997	82.43725000
1.05639997	82.43725000
1.05659997	82.43725000
1.05679997	82.43725000
1.05699997	82.43725000
1.05719997	82.43725000
1.05739997	82.43725000
1.05759997	82.43725000
1.05779997	82.43725000
1.05799997	82.43725000
1.05819997	82.43725000
1.05839997	82.43725000
1.05859997	82.43725000
1.05879997	82.43725000
1.05899997	82.43725000
1.05919997	82.43725000
1.05939997	82.43725000
1.05959997	82.43725000
1.05979997	82.43725000
1.05999997	82.43725000
1.06019997	82.43725000
1.06039997	82.43725000
1.06059997	82.43725000
1.06079997	80.56717000
1.06099997	82.43725000
1.06119997	82.43725000
1.06139997	82.43725000
1.06159997	80.56717000
1.06179997	80.56717000
1.06199997	80.56717000
1.06219997	80.56717000
1.06239997	80.56717000
1.06259997	80.56717000
1.06279997	80.56717000
1.06299997	80.56717000
1.06319997	80.56717000
1.06339997	80.56717000
1.06359997	80.56717000
1.06379997	80.56717000
1.06399997	80.56717000
1.06419997	80.56717000
1.06439997	80.56717000
1.06459997	80.56717000
1.06479997	80.56717000
1.06499997	80.56717000
1.06519997	80.56717000
1.06539997	80.56717000
1.06559997	80.56717000
1.06579997	80.56717000
1.06599997	80.56717000
1.06619997	80.56717000
1.06639997	80.56717000
1.06659997	80.56717000
1.06679997	80.56717000
1.06699997	80.56717000
1.06719997	80.56717000
1.06739997	80.56717000
1.06759997	80.56717000
1.06779997	80.56717000
1.06799997	80.56717000
1.06819997	80.56717000
1.06839997	80.56717000
1.06859997	80.56717000
1.06879997	80.56717000
1.06899997	80.56717000
1.06919997	80.56717000
1.06939997	80.56717000
1.06959997	80.56717000
1.06979997	80.56717000
1.06999997	80.56717000
1.07019997	78.69094000
1.07039997	78.69094000
1.07059997	78.69094000
1.07079997	78.69094000
1.07099997	78.69094000
1.07119997	78.69094000
1.07139997	78.69094000
1.07159997	78.69094000
1.07179997	78.69094000
1.07199997	78.69094000
1.07219997	78.69094000
1.07239997	78.69094000
1.07259997	78.69094000
1.07279997	78.69094000
1.07299997	78.69094000
1.07319997	78.69094000
1.07339997	78.69094000
1.07359997	78.69094000
1.07379997	78.69094000
1.07399997	78.69094000
1.07419997	78.69094000
1.07439997	76.82086000
1.07459997	76.82086000
1.07479997	76.82086000
1.07499997	76.82086000
1.07519997	76.82086000
1.07539997	76.82086000
1.07559997	76.82086000
1.07579997	76.82086000
1.07599997	76.82086000
1.07619997	76.82086000
1.07639997	76.82086000
1.07659997	74.94463000
1.07679997	74.94463000
1.07699997	74.94463000
1.07719997	74.94463000
1.07739997	74.94463000
1.07759997	74.94463000
1.07779997	74.94463000
1.07799997	74.94463000
1.07819997	74.94463000
1.07839997	74.94463000
1.07859997	74.94463000
1.07879997	74.94463000
1.07899997	74.94463000
1.07919997	74.94463000
1.07939997	74.94463000
1.07959997	74.94463000
1.07979997	74.94463000
1.07999997	74.94463000
1.08019997	73.06840000
1.08039997	73.06840000
1.08059997	73.06840000
1.08079997	73.06840000
1.08099997	73.06840000
1.08119997	73.06840000
1.08139997	73.06840000
1.08159997	73.06840000
1.08179997	73.06840000
1.08199997	73.06840000
1.08219997	73.06840000
1.08239997	74.94463000
1.08259997	74.94463000
1.08279997	74.94463000
1.08299997	74.94463000
1.08319997	73.06840000
1.08339997	73.06840000
1.08359997	73.06840000
1.08379997	73.06840000
1.08399997	74.94463000
1.08419997	74.94463000
1.08439997	74.94463000
1.08459997	74.94463000
1.08479997	74.94463000
1.08499997	74.94463000
1.08519997	74.94463000
1.08539997	74.94463000
1.08559997	74.94463000
1.08579997	74.94463000
1.08599997	74.94463000
1.08619997	74.94463000
1.08639997	74.94463000
1.08659997	74.94463000
1.08679997	74.94463000
1.08699997	74.94463000
1.08719997	74.94463000
1.08739997	74.94463000
1.08759997	74.94463000
1.08779997	74.94463000
1.08799997	74.94463000
1.08819997	74.94463000
1.08839997	74.94463000
1.08859997	74.94463000
1.08879997	73.06840000
1.08899997	73.06840000
1.08919997	73.06840000
1.08939997	73.06840000
1.08959997	73.06840000
1.08979997	73.06840000
1.08999997	71.19833000
1.09019997	73.06840000
1.09039997	73.06840000
1.09059997	73.06840000
1.09079997	73.06840000
1.09099997	73.06840000
1.09119997	73.06840000
1.09139997	73.06840000
1.09159997	73.06840000
1.09179997	73.06840000
1.09199997	73.06840000
1.09219997	73.06840000
1.09239997	73.06840000
1.09259997	71.19833000
1.09279997	71.19833000
1.09299997	71.19833000
1.09319997	71.19833000
1.09339997	71.19833000
1.09359997	71.19833000
1.09379997	71.19833000
1.09399997	71.19833000
1.09419997	71.19833000
1.09439997	71.19833000
1.09459997	71.19833000
1.09479997	71.19833000
1.09499997	71.19833000
1.09519997	71.19833000
1.09539997	71.19833000
1.09559997	71.19833000
1.09579997	69.32209000
1.09599997	69.32209000
1.09619997	69.32209000
1.09639997	69.32209000
1.09659997	69.32209000
1.09679997	69.32209000
1.09699997	69.32209000
1.09719997	71.19833000
1.09739997	71.19833000
1.09759997	71.19833000
1.09779997	71.19833000
1.09799997	71.19833000
1.09819997	71.19833000
1.09839997	71.19833000
1.09859997	71.19833000
1.09879997	69.32209000
1.09899997	69.32209000
1.09919997	69.32209000
1.09939997	69.32209000
1.09959997	69.32209000
1.09979997	69.32209000
1.09999997	69.32209000
1.10019997	69.32209000
1.10039997	69.32209000
1.10059997	69.32209000
1.10079997	69.32209000
1.10099997	69.32209000
1.10119997	69.32209000
1.10139997	69.32209000
1.10159997	69.32209000
1.10179997	69.32209000
1.10199997	69.32209000
1.10219997	67.45202000
1.10239997	67.45202000
1.10259997	67.45202000
1.10279997	67.45202000
1.10299997	67.45202000
1.10319997	69.32209000
1.10339997	69.32209000
1.10359997	69.32209000
1.10379997	69.32209000
1.10399997	69.32209000
1.10419997	69.32209000
1.10439997	69.32209000
1.10459997	69.32209000
1.10479997	67.45202000
1.10499997	67.45202000
1.10519997	67.45202000
1.10539997	67.45202000
1.10559997	65.57578000
1.10579997	65.57578000
1.10599997	65.57578000
1.10619997	67.45202000
1.10639997	65.57578000
1.10659997	67.45202000
1.10679997	67.45202000
1.10699997	67.45202000
1.10719997	67.45202000
1.10739997	67.45202000
1.10759997	67.45202000
1.10779997	65.57578000
1.10799997	65.57578000
1.10819997	65.57578000
1.10839997	65.57578000
1.10859997	63.69955000
1.10879997	63.69955000
1.10899997	63.69955000
1.10919997	63.69955000
1.10939997	63.69955000
1.10959997	65.57578000
1.10979997	65.57578000
1.10999997	65.57578000
1.11019997	65.57578000
1.11039997	65.57578000
1.11059997	65.57578000
1.11079997	65.57578000
1.11099997	65.57578000
1.11119997	63.69955000
1.11139997	63.69955000
1.11159997	63.69955000
1.11179997	63.69955000
1.11199997	63.69955000
1.11219997	63.69955000
1.11239997	63.69955000
1.11259997	63.69955000
1.11279997	63.69955000
1.11299997	63.69955000
1.11319997	65.57578000
1.11339997	65.57578000
1.11359997	65.57578000
1.11379997	65.57578000
1.11399997	65.57578000
1.11419997	63.69955000
1.11439997	63.69955000
1.11459997	63.69955000
1.11479997	63.69955000
1.11499997	63.69955000
1.11519997	63.69955000
1.11539997	63.69955000
1.11559997	63.69955000
1.11579997	63.69955000
1.11599997	63.69955000
1.11619997	63.69955000
1.11639997	65.57578000
1.11659997	63.69955000
1.11679997	63.69955000
1.11699997	63.69955000
1.11719997	63.69955000
1.11739997	63.69955000
1.11759997	63.69955000
1.11779997	63.69955000
1.11799997	61.82948000
1.11819997	61.82948000
1.11839997	61.82948000
1.11859997	61.82948000
1.11879997	63.69955000
1.11899997	63.69955000
1.11919997	63.69955000
1.11939997	63.69955000
1.11959997	63.69955000
1.11979997	63.69955000
1.11999997	63.69955000
1.12019997	63.69955000
1.12039997	63.69955000
1.12059997	63.69955000
1.12079997	61.82948000
1.12099997	61.82948000
1.12119997	61.82948000
1.12139997	61.82948000
1.12159997	61.82948000
1.12179997	61.82948000
1.12199997	63.69955000
1.12219997	63.69955000
1.12239997	63.69955000
1.12259997	63.69955000
1.12279997	63.69955000
1.12299997	63.69955000
1.12319997	63.69955000
1.12339997	63.69955000
1.12359997	63.69955000
1.12379997	63.69955000
1.12399997	63.69955000
1.12419997	61.82948000
1.12439997	61.82948000
1.12459997	61.82948000
1.12479997	61.82948000
1.12499997	61.82948000
1.12519997	63.69955000
1.12539997	63.69955000
1.12559997	63.69955000
1.12579997	63.69955000
1.12599997	63.69955000
1.12619997	63.69955000
1.12639997	63.69955000
1.12659997	61.82948000
1.12679997	61.82948000
1.12699997	61.82948000
1.12719997	61.82948000
1.12739997	61.82948000
1.12759997	61.82948000
1.12779997	61.82948000
1.12799997	61.82948000
1.12819997	61.82948000
1.12839997	61.82948000
1.12859997	61.82948000
1.12879997	61.82948000
1.12899997	61.82948000
1.12919997	61.82948000
1.12939997	61.82948000
1.12959997	61.82948000
1.12979997	61.82948000
1.12999997	61.82948000
1.13019997	61.82948000
1.13039997	61.82948000
1.13059997	61.82948000
1.13079997	61.82948000
1.13099997	61.82948000
1.13119997	61.82948000
1.13139997	61.82948000
1.13159997	61.82948000
1.13179997	61.82948000
1.13199997	61.82948000
1.13219997	61.82948000
1.13239997	61.82948000
1.13259997	61.82948000
1.13279997	61.82948000
1.13299997	61.82948000
1.13319997	61.82948000
1.13339997	61.82948000
1.13359997	61.82948000
1.13379997	61.82948000
1.13399997	61.82948000
1.13419997	61.82948000
1.13439997	61.82948000
1.13459997	61.82948000
1.13479997	61.82948000
1.13499997	61.82948000
1.13519997	61.82948000
1.13539997	61.82948000
1.13559997	61.82948000
1.13579997	61.82948000
1.13599997	61.82948000
1.13619997	61.82948000
1.13639997	61.82948000
1.13659997	61.82948000
1.13679997	61.82948000
1.13699997	61.82948000
1.13719997	61.82948000
1.13739997	61.82948000
1.13759997	61.82948000
1.13779997	61.82948000
1.13799997	61.82948000
1.13819997	61.82948000
1.13839997	61.82948000
1.13859997	61.82948000
1.13879997	61.82948000
1.13899997	61.82948000
1.13919997	61.82948000
1.13939997	61.82948000
1.13959997	61.82948000
1.13979997	61.82948000
1.13999997	61.82948000
1.14019997	61.82948000
1.14039997	61.82948000
1.14059997	61.82948000
1.14079997	61.82948000
1.14099997	61.82948000
1.14119997	61.82948000
1.14139997	61.82948000
1.14159997	61.82948000
1.14179997	61.82948000
1.14199997	61.82948000
1.14219997	61.82948000
1.14239997	61.82948000
1.14259997	61.82948000
1.14279997	61.82948000
1.14299997	61.82948000
1.14319997	61.82948000
1.14339997	61.82948000
1.14359997	61.82948000
1.14379997	61.82948000
1.14399997	61.82948000
1.14419997	61.82948000
1.14439997	61.82948000
1.14459997	61.82948000
1.14479997	63.69955000
1.14499997	63.69955000
1.14519997	63.69955000
1.14539997	61.82948000
1.14559997	63.69955000
1.14579997	63.69955000
1.14599997	63.69955000
1.14619997	63.69955000
1.14639997	63.69955000
1.14659997	61.82948000
1.14679997	63.69955000
1.14699997	63.69955000
1.14719997	63.69955000
1.14739997	63.69955000
1.14759997	63.69955000
1.14779997	63.69955000
1.14799997	61.82948000
1.14819997	63.69955000
1.14839997	63.69955000
1.14859997	63.69955000
1.14879997	63.69955000
1.14899997	63.69955000
1.14919997	63.69955000
1.14939997	63.69955000
1.14959997	63.69955000
1.14979997	63.69955000
1.14999997	63.69955000
1.15019997	63.69955000
1.15039997	63.69955000
1.15059997	63.69955000
1.15079997	63.69955000
1.15099997	63.69955000
1.15119997	63.69955000
1.15139997	63.69955000
1.15159997	63.69955000
1.15179997	63.69955000
1.15199997	63.69955000
1.15219997	63.69955000
1.15239997	63.69955000
1.15259997	63.69955000
1.15279997	63.69955000
1.15299997	63.69955000
1.15319997	63.69955000
1.15339997	63.69955000
1.15359997	63.69955000
1.15379997	63.69955000
1.15399997	63.69955000
1.15419997	63.69955000
1.15439997	63.69955000
1.15459997	63.69955000
1.15479997	63.69955000
1.15499997	63.69955000
1.15519997	63.69955000
1.15539997	63.69955000
1.15559997	63.69955000
1.15579997	63.69955000
1.15599997	63.69955000
1.15619997	65.57578000
1.15639997	63.69955000
1.15659997	65.57578000
1.15679997	65.57578000
1.15699997	65.57578000
1.15719997	65.57578000
1.15739997	65.57578000
1.15759997	65.57578000
1.15779997	65.57578000
1.15799997	65.57578000
1.15819997	65.57578000
1.15839997	65.57578000
1.15859997	65.57578000
1.15879997	65.57578000
1.15899997	65.57578000
1.15919997	65.57578000
1.15939997	65.57578000
1.15959997	65.57578000
1.15979997	65.57578000
1.15999997	65.57578000
1.16019997	65.57578000
1.16039997	65.57578000
1.16059997	65.57578000
1.16079997	65.57578000
1.16099997	65.57578000
1.16119997	67.45202000
1.16139997	65.57578000
1.16159997	67.45202000
1.16179997	67.45202000
1.16199997	67.45202000
1.16219997	67.45202000
1.16239997	67.45202000
1.16259997	67.45202000
1.16279997	67.45202000
1.16299997	67.45202000
1.16319997	67.45202000
1.16339997	67.45202000
1.16359997	67.45202000
1.16379997	67.45202000
1.16399997	67.45202000
1.16419997	67.45202000
1.16439997	67.45202000
1.16459997	67.45202000
1.16479997	67.45202000
1.16499997	69.32209000
1.16519997	69.32209000
1.16539997	67.45202000
1.16559997	69.32209000
1.16579997	69.32209000
1.16599997	69.32209000
1.16619997	69.32209000
1.16639997	69.32209000
1.16659997	69.32209000
1.16679997	69.32209000
1.16699997	69.32209000
1.16719997	69.32209000
1.16739997	69.32209000
1.16759997	69.32209000
1.16779997	69.32209000
1.16799997	69.32209000
1.16819997	69.32209000
1.16839997	69.32209000
1.16859997	69.32209000
1.16879997	69.32209000
1.16899997	69.32209000
1.16919997	69.32209000
1.16939997	69.32209000
1.16959997	69.32209000
1.16979997	69.32209000
1.16999997	69.32209000
1.17019997	69.32209000
1.17039997	69.32209000
1.17059997	69.32209000
1.17079997	69.32209000
1.17099997	69.32209000
1.17119997	69.32209000
1.17139997	69.32209000
1.17159997	69.32209000
1.17179997	69.32209000
1.17199997	69.32209000
1.17219997	71.19833000
1.17239997	69.32209000
1.17259997	69.32209000
1.17279997	69.32209000
1.17299997	69.32209000
1.17319997	69.32209000
1.17339997	69.32209000
1.17359997	69.32209000
1.17379997	69.32209000
1.17399997	71.19833000
1.17419997	71.19833000
1.17439997	69.32209000
1.17459997	71.19833000
1.17479997	71.19833000
1.17499997	69.32209000
1.17519997	69.32209000
1.17539997	69.32209000
1.17559997	69.32209000
1.17579997	69.32209000
1.17599997	69.32209000
1.17619997	69.32209000
1.17639997	69.32209000
1.17659997	69.32209000
1.17679997	71.19833000
1.17699997	71.19833000
1.17719997	71.19833000
1.17739997	71.19833000
1.17759997	71.19833000
1.17779997	71.19833000
1.17799997	71.19833000
1.17819997	71.19833000
1.17839997	71.19833000
1.17859997	71.19833000
1.17879997	71.19833000
1.17899997	71.19833000
1.17919997	71.19833000
1.17939997	71.19833000
1.17959997	73.06840000
1.17979997	73.06840000
1.17999997	73.06840000
1.18019997	73.06840000
1.18039997	73.06840000
1.18059997	73.06840000
1.18079997	73.06840000
1.18099997	73.06840000
1.18119997	73.06840000
1.18139997	73.06840000
1.18159997	71.19833000
1.18179997	71.19833000
1.18199997	71.19833000
1.18219997	71.19833000
1.18239997	71.19833000
1.18259997	71.19833000
1.18279997	73.06840000
1.18299997	73.06840000
1.18319997	73.06840000
1.18339997	73.06840000
1.18359997	73.06840000
1.18379997	73.06840000
1.18399997	73.06840000
1.18419997	73.06840000
1.18439997	73.06840000
1.18459997	73.06840000
1.18479997	73.06840000
1.18499997	73.06840000
1.18519997	73.06840000
1.18539997	73.06840000
1.18559997	73.06840000
1.18579997	74.94463000
1.18599997	74.94463000
1.18619997	74.94463000
1.18639997	74.94463000
1.18659997	74.94463000
1.18679997	74.94463000
1.18699997	74.94463000
1.18719997	74.94463000
1.18739997	74.94463000
1.18759997	74.94463000
1.18779997	74.94463000
1.18799997	74.94463000
1.18819997	74.94463000
1.18839997	74.94463000
1.18859997	74.94463000
1.18879997	76.82086000
1.18899997	76.82086000
1.18919997	76.82086000
1.18939997	78.69094000
1.18959997	78.69094000
1.18979997	78.69094000
1.18999997	76.82086000
1.19019997	76.82086000
1.19039997	76.82086000
1.19059997	76.82086000
1.19079997	76.82086000
1.19099997	76.82086000
1.19119997	76.82086000
1.19139997	76.82086000
1.19159997	76.82086000
1.19179997	76.82086000
1.19199997	78.69094000
1.19219997	78.69094000
1.19239997	78.69094000
1.19259997	78.69094000
1.19279997	78.69094000
1.19299997	78.69094000
1.19319997	78.69094000
1.19339997	76.82086000
1.19359997	76.82086000
1.19379997	76.82086000
1.19399997	76.82086000
1.19419997	76.82086000
1.19439997	76.82086000
1.19459997	76.82086000
1.19479997	76.82086000
1.19499997	76.82086000
1.19519997	78.69094000
1.19539997	78.69094000
1.19559997	78.69094000
1.19579997	78.69094000
1.19599997	78.69094000
1.19619997	78.69094000
1.19639997	78.69094000
1.19659997	78.69094000
1.19679997	78.69094000
1.19699997	78.69094000
1.19719997	78.69094000
1.19739997	78.69094000
1.19759997	78.69094000
1.19779997	78.69094000
1.19799997	78.69094000
1.19819997	78.69094000
1.19839997	80.56717000
1.19859997	80.56717000
1.19879997	80.56717000
1.19899997	80.56717000
1.19919997	80.56717000
1.19939997	80.56717000
1.19959997	80.56717000
1.19979997	80.56717000
1.19999997	80.56717000
1.20019997	80.56717000
1.20039997	80.56717000
1.20059997	80.56717000
1.20079997	80.56717000
1.20099997	80.56717000
1.20119997	80.56717000
1.20139997	80.56717000
1.20159997	80.56717000
1.20179997	82.43725000
1.20199997	82.43725000
1.20219997	82.43725000
1.20239997	82.43725000
1.20259997	82.43725000
1.20279997	82.43725000
1.20299997	82.43725000
1.20319997	80.56717000
1.20339997	80.56717000
1.20359997	80.56717000
1.20379997	80.56717000
1.20399997	80.56717000
1.20419997	80.56717000
1.20439997	82.43725000
1.20459997	82.43725000
1.20479997	82.43725000
1.20499997	84.31348000
1.20519997	84.31348000
1.20539997	84.31348000
1.20559997	84.31348000
1.20579997	84.31348000
1.20599997	84.31348000
1.20619997	82.43725000
1.20639997	82.43725000
1.20659997	82.43725000
1.20679997	82.43725000
1.20699997	82.43725000
1.20719997	82.43725000
1.20739997	82.43725000
1.20759997	82.43725000
1.20779997	82.43725000
1.20799997	84.31348000
1.20819997	84.31348000
1.20839997	84.31348000
1.20859997	84.31348000
1.20879997	84.31348000
1.20899997	86.18356000
1.20919997	84.31348000
1.20939997	84.31348000
1.20959997	84.31348000
1.20979997	84.31348000
1.20999997	84.31348000
1.21019997	84.31348000
1.21039997	84.31348000
1.21059997	84.31348000
1.21079997	84.31348000
1.21099997	84.31348000
1.21119997	84.31348000
1.21139997	86.18356000
1.21159997	86.18356000
1.21179997	86.18356000
1.21199997	86.18356000
1.21219997	86.18356000
1.21239997	86.18356000
1.21259997	86.18356000
1.21279997	84.31348000
1.21299997	84.31348000
1.21319997	84.31348000
1.21339997	84.31348000
1.21359997	84.31348000
1.21379997	84.31348000
1.21399997	84.31348000
1.21419997	84.31348000
1.21439997	84.31348000
1.21459997	86.18356000
1.21479997	86.18356000
1.21499997	86.18356000
1.21519997	86.18356000
1.21539997	86.18356000
1.21559997	86.18356000
1.21579997	86.18356000
1.21599997	86.18356000
1.21619997	84.31348000
1.21639997	84.31348000
1.21659997	84.31348000
1.21679997	84.31348000
1.21699997	84.31348000
1.21719997	86.18356000
1.21739997	86.18356000
1.21759997	86.18356000
1.21779997	86.18356000
1.21799997	86.18356000
1.21819997	88.05978000
1.21839997	88.05978000
1.21859997	88.05978000
1.21879997	88.05978000
1.21899997	88.05978000
1.21919997	88.05978000
1.21939997	88.05978000
1.21959997	88.05978000
1.21979997	88.05978000
1.21999997	88.05978000
1.22019997	86.18356000
1.22039997	86.18356000
1.22059997	88.05978000
1.22079997	88.05978000
1.22099997	88.05978000
1.22119997	88.05978000
1.22139997	88.05978000
1.22159997	88.05978000
1.22179997	88.05978000
1.22199997	88.05978000
1.22219997	88.05978000
1.22239997	88.05978000
1.22259997	88.05978000
1.22279997	86.18356000
1.22299997	88.05978000
1.22319997	86.18356000
1.22339997	86.18356000
1.22359997	86.18356000
1.22379997	88.05978000
1.22399997	88.05978000
1.22419997	88.05978000
1.22439997	88.05978000
1.22459997	88.05978000
1.22479997	88.05978000
1.22499997	88.05978000
1.22519997	89.93602000
1.22539997	89.93602000
1.22559997	89.93602000
1.22579997	89.93602000
1.22599997	89.93602000
1.22619997	88.05978000
1.22639997	88.05978000
1.22659997	88.05978000
1.22679997	88.05978000
1.22699997	88.05978000
1.22719997	89.93602000
1.22739997	89.93602000
1.22759997	89.93602000
1.22779997	89.93602000
1.22799997	89.93602000
1.22819997	89.93602000
1.22839997	89.93602000
1.22859997	89.93602000
1.22879997	89.93602000
1.22899997	89.93602000
1.22919997	89.93602000
1.22939997	89.93602000
1.22959997	89.93602000
1.22979997	89.93602000
1.22999997	89.93602000
1.23019997	89.93602000
1.23039997	89.93602000
1.23059997	89.93602000
1.23079997	89.93602000
1.23099997	89.93602000
1.23119997	89.93602000
1.23139997	89.93602000
1.23159997	89.93602000
1.23179997	89.93602000
1.23199997	91.80609000
1.23219997	89.93602000
1.23239997	89.93602000
1.23259997	89.93602000
1.23279997	89.93602000
1.23299997	89.93602000
1.23319997	89.93602000
1.23339997	89.93602000
1.23359997	89.93602000
1.23379997	89.93602000
1.23399997	89.93602000
1.23419997	89.93602000
1.23439997	89.93602000
1.23459997	89.93602000
1.23479997	89.93602000
1.23499997	89.93602000
1.23519997	89.93602000
1.23539997	89.93602000
1.23559997	89.93602000
1.23579997	89.93602000
1.23599997	89.93602000
1.23619997	89.93602000
1.23639997	89.93602000
1.23659997	89.93602000
1.23679997	89.93602000
1.23699997	89.93602000
1.23719997	89.93602000
1.23739997	91.80609000
1.23759997	91.80609000
1.23779997	91.80609000
1.23799997	91.80609000
1.23819997	91.80609000
1.23839997	91.80609000
1.23859997	91.80609000
1.23879997	93.68233000
1.23899997	93.68233000
1.23919997	93.68233000
1.23939997	93.68233000
1.23959997	93.68233000
1.23979997	93.68233000
1.23999997	93.68233000
1.24019997	91.80609000
1.24039997	93.68233000
1.24059997	91.80609000
1.24079997	93.68233000
1.24099997	93.68233000
1.24119997	93.68233000
1.24139997	93.68233000
1.24159997	93.68233000
1.24179997	93.68233000
1.24199997	93.68233000
1.24219997	93.68233000
1.24239997	93.68233000
1.24259997	93.68233000
1.24279997	93.68233000
1.24299997	93.68233000
1.24319997	93.68233000
1.24339997	93.68233000
1.24359997	93.68233000
1.24379997	93.68233000
1.24399997	93.68233000
1.24419997	93.68233000
1.24439997	93.68233000
1.24459997	93.68233000
1.24479997	93.68233000
1.24499997	95.55241000
1.24519997	95.55241000
1.24539997	95.55241000
1.24559997	95.55241000
1.24579997	95.55241000
1.24599997	95.55241000
1.24619997	95.55241000
1.24639997	95.55241000
1.24659997	95.55241000
1.24679997	95.55241000
1.24699997	95.55241000
1.24719997	95.55241000
1.24739997	95.55241000
1.24759997	95.55241000
1.24779997	95.55241000
1.24799997	95.55241000
1.24819997	95.55241000
1.24839997	95.55241000
1.24859997	95.55241000
1.24879997	95.55241000
1.24899997	95.55241000
1.24919997	95.55241000
1.24939997	95.55241000
1.24959997	95.55241000
1.24979997	95.55241000
1.24999997	95.55241000
1.25019997	95.55241000
1.25039997	95.55241000
1.25059997	95.55241000
1.25079997	95.55241000
1.25099997	95.55241000
1.25119997	95.55241000
1.25139997	95.55241000
1.25159997	95.55241000
1.25179997	95.55241000
1.25199997	95.55241000
1.25219997	95.55241000
1.25239997	95.55241000
1.25259997	95.55241000
1.25279997	95.55241000
1.25299997	95.55241000
1.25319997	95.55241000
1.25339997	95.55241000
1.25359997	95.55241000
1.25379997	95.55241000
1.25399997	95.55241000
1.25419997	95.55241000
1.25439997	95.55241000
1.25459997	93.68233000
1.25479997	93.68233000
1.25499997	93.68233000
1.25519997	93.68233000
1.25539997	95.55241000
1.25559997	93.68233000
1.25579997	93.68233000
1.25599997	93.68233000
1.25619997	93.68233000
1.25639997	93.68233000
1.25659997	93.68233000
1.25679997	93.68233000
1.25699997	95.55241000
1.25719997	95.55241000
1.25739997	93.68233000
1.25759997	93.68233000
1.25779997	95.55241000
1.25799997	95.55241000
1.25819997	95.55241000
1.25839997	95.55241000
1.25859997	95.55241000
1.25879997	95.55241000
1.25899997	95.55241000
1.25919997	95.55241000
1.25939997	95.55241000
1.25959997	95.55241000
1.25979997	95.55241000
1.25999997	95.55241000
1.26019997	95.55241000
1.26039997	95.55241000
1.26059997	95.55241000
1.26079997	95.55241000
1.26099997	95.55241000
1.26119997	95.55241000
1.26139997	95.55241000
1.26159997	95.55241000
1.26179997	95.55241000
1.26199997	95.55241000
1.26219997	95.55241000
1.26239997	95.55241000
1.26259997	95.55241000
1.26279997	95.55241000
1.26299997	95.55241000
1.26319997	95.55241000
1.26339997	95.55241000
1.26359997	95.55241000
1.26379997	95.55241000
1.26399997	95.55241000
1.26419997	95.55241000
1.26439997	95.55241000
1.26459997	95.55241000
1.26479997	95.55241000
1.26499997	95.55241000
1.26519997	95.55241000
1.26539997	95.55241000
1.26559997	95.55241000
1.26579997	95.55241000
1.26599997	95.55241000
1.26619997	95.55241000
1.26639997	95.55241000
1.26659997	95.55241000
1.26679997	95.55241000
1.26699997	95.55241000
1.26719997	95.55241000
1.26739997	95.55241000
1.26759997	95.55241000
1.26779997	95.55241000
1.26799997	95.55241000
1.26819997	97.42863000
1.26839997	97.42863000
1.26859997	97.42863000
1.26879997	97.42863000
1.26899997	97.42863000
1.26919997	97.42863000
1.26939997	95.55241000
1.26959997	97.42863000
1.26979997	95.55241000
1.26999997	97.42863000
1.27019997	97.42863000
1.27039997	97.42863000
1.27059997	97.42863000
1.27079997	97.42863000
1.27099997	97.42863000
1.27119997	97.42863000
1.27139997	97.42863000
1.27159997	97.42863000
1.27179997	97.42863000
1.27199997	97.42863000
1.27219997	97.42863000
1.27239997	97.42863000
1.27259997	97.42863000
1.27279997	97.42863000
1.27299997	97.42863000
1.27319997	97.42863000
1.27339997	97.42863000
1.27359997	97.42863000
1.27379997	97.42863000
1.27399997	97.42863000
1.27419997	97.42863000
1.27439997	97.42863000
1.27459997	97.42863000
1.27479997	97.42863000
1.27499997	97.42863000
1.27519997	97.42863000
1.27539997	97.42863000
1.27559997	97.42863000
1.27579997	97.42863000
1.27599997	97.42863000
1.27619997	97.42863000
1.27639997	97.42863000
1.27659997	97.42863000
1.27679997	97.42863000
1.27699997	97.42863000
1.27719997	97.42863000
1.27739997	97.42863000
1.27759997	97.42863000
1.27779997	97.42863000
1.27799997	97.42863000
1.27819997	97.42863000
1.27839997	97.42863000
1.27859997	97.42863000
1.27879997	97.42863000
1.27899997	97.42863000
1.27919997	97.42863000
1.27939997	97.42863000
1.27959997	97.42863000
1.27979997	97.42863000
1.27999997	97.42863000
1.28019997	97.42863000
1.28039997	97.42863000
1.28059997	97.42863000
1.28079997	97.42863000
1.28099997	97.42863000
1.28119997	97.42863000
1.28139997	97.42863000
1.28159997	97.42863000
1.28179997	97.42863000
1.28199997	97.42863000
1.28219997	97.42863000
1.28239997	97.42863000
1.28259997	97.42863000
1.28279997	97.42863000
1.28299997	97.42863000
1.28319997	97.42863000
1.28339997	97.42863000
1.28359997	97.42863000
1.28379997	97.42863000
1.28399997	97.42863000
1.28419997	97.42863000
1.28439997	97.42863000
1.28459997	97.42863000
1.28479997	97.42863000
1.28499997	97.42863000
1.28519997	97.42863000
1.28539997	97.42863000
1.28559997	97.42863000
1.28579997	97.42863000
1.28599997	97.42863000
1.28619997	97.42863000
1.28639997	97.42863000
1.28659997	97.42863000
1.28679997	97.42863000
1.28699997	97.42863000
1.28719997	97.42863000
1.28739997	97.42863000
1.28759997	97.42863000
1.28779997	97.42863000
1.28799997	97.42863000
1.28819997	97.42863000
1.28839997	97.42863000
1.28859997	97.42863000
1.28879997	97.42863000
1.28899997	97.42863000
1.28919997	97.42863000
1.28939997	97.42863000
1.28959997	97.42863000
1.28979997	97.42863000
1.28999997	97.42863000
1.29019997	97.42863000
1.29039997	97.42863000
1.29059997	97.42863000
1.29079997	97.42863000
1.29099997	97.42863000
1.29119997	97.42863000
1.29139997	97.42863000
1.29159997	97.42863000
1.29179997	99.30486000
1.29199997	97.42863000
1.29219997	97.42863000
1.29239997	97.42863000
1.29259997	97.42863000
1.29279997	97.42863000
1.29299997	97.42863000
1.29319997	97.42863000
1.29339997	97.42863000
1.29359997	97.42863000
1.29379997	97.42863000
1.29399997	97.42863000
1.29419997	97.42863000
1.29439997	99.30486000
1.29459997	97.42863000
1.29479997	99.30486000
1.29499997	99.30486000
1.29519997	97.42863000
1.29539997	97.42863000
1.29559997	97.42863000
1.29579997	99.30486000
1.29599997	97.42863000
1.29619997	97.42863000
1.29639997	97.42863000
1.29659997	97.42863000
1.29679997	97.42863000
1.29699997	97.42863000
1.29719997	97.42863000
1.29739997	97.42863000
1.29759997	97.42863000
1.29779997	97.42863000
1.29799997	97.42863000
1.29819997	97.42863000
1.29839997	97.42863000
1.29859997	97.42863000
1.29879997	97.42863000
1.29899997	97.42863000
1.29919997	97.42863000
1.29939997	97.42863000
1.29959997	97.42863000
1.29979997	97.42863000
1.29999997	97.42863000
1.30019997	97.42863000
1.30039997	97.42863000
1.30059997	97.42863000
1.30079997	97.42863000
1.30099997	97.42863000
1.30119997	97.42863000
1.30139997	97.42863000
1.30159997	97.42863000
1.30179997	97.42863000
1.30199997	97.42863000
1.30219997	97.42863000
1.30239997	97.42863000
1.30259997	97.42863000
1.30279997	97.42863000
1.30299997	97.42863000
1.30319997	97.42863000
1.30339997	97.42863000
1.30359997	97.42863000
1.30379997	97.42863000
1.30399997	97.42863000
1.30419997	97.42863000
1.30439997	97.42863000
1.30459997	97.42863000
1.30479997	97.42863000
1.30499997	97.42863000
1.30519997	97.42863000
1.30539997	97.42863000
1.30559997	97.42863000
1.30579997	97.42863000
1.30599997	97.42863000
1.30619997	97.42863000
1.30639997	97.42863000
1.30659997	97.42863000
1.30679997	97.42863000
1.30699997	97.42863000
1.30719997	97.42863000
1.30739997	97.42863000
1.30759997	97.42863000
1.30779997	97.42863000
1.30799997	97.42863000
1.30819997	97.42863000
1.30839997	97.42863000
1.30859997	97.42863000
1.30879997	97.42863000
1.30899997	97.42863000
1.30919997	97.42863000
1.30939997	97.42863000
1.30959997	97.42863000
1.30979997	97.42863000
1.30999997	97.42863000
1.31019997	97.42863000
1.31039997	97.42863000
1.31059997	97.42863000
1.31079997	97.42863000
1.31099997	97.42863000
1.31119997	97.42863000
1.31139997	97.42863000
1.31159997	97.42863000
1.31179997	97.42863000
1.31199997	97.42863000
1.31219997	97.42863000
1.31239997	97.42863000
1.31259997	97.42863000
1.31279997	97.42863000
1.31299997	97.42863000
1.31319997	97.42863000
1.31339997	97.42863000
1.31359997	97.42863000
1.31379997	97.42863000
1.31399997	97.42863000
1.31419997	97.42863000
1.31439997	97.42863000
1.31459997	97.42863000
1.31479997	97.42863000
1.31499997	97.42863000
1.31519997	97.42863000
1.31539997	97.42863000
1.31559997	97.42863000
1.31579997	97.42863000
1.31599997	97.42863000
1.31619997	97.42863000
1.31639997	97.42863000
1.31659997	97.42863000
1.31679997	97.42863000
1.31699997	97.42863000
1.31719997	97.42863000
1.31739997	95.55241000
1.31759997	95.55241000
1.31779997	97.42863000
1.31799997	95.55241000
1.31819997	95.55241000
1.31839997	97.42863000
1.31859997	95.55241000
1.31879997	95.55241000
1.31899997	95.55241000
1.31919997	95.55241000
1.31939997	95.55241000
1.31959997	95.55241000
1.31979997	95.55241000
1.31999997	95.55241000
1.32019997	95.55241000
1.32039997	95.55241000
1.32059997	95.55241000
1.32079997	95.55241000
1.32099997	95.55241000
1.32119997	95.55241000
1.32139997	95.55241000
1.32159997	95.55241000
1.32179997	95.55241000
1.32199997	95.55241000
1.32219997	95.55241000
1.32239997	95.55241000
1.32259997	95.55241000
1.32279997	95.55241000
1.32299997	95.55241000
1.32319997	95.55241000
1.32339997	95.55241000
1.32359997	95.55241000
1.32379997	95.55241000
1.32399997	95.55241000
1.32419997	95.55241000
1.32439997	95.55241000
1.32459997	95.55241000
1.32479997	95.55241000
1.32499997	95.55241000
1.32519997	95.55241000
1.32539997	95.55241000
1.32559997	95.55241000
1.32579997	95.55241000
1.32599997	95.55241000
1.32619997	95.55241000
1.32639997	95.55241000
1.32659997	95.55241000
1.32679997	95.55241000
1.32699997	95.55241000
1.32719997	95.55241000
1.32739997	95.55241000
1.32759997	95.55241000
1.32779997	95.55241000
1.32799997	95.55241000
1.32819997	95.55241000
1.32839997	95.55241000
1.32859997	95.55241000
1.32879997	95.55241000
1.32899997	95.55241000
1.32919997	95.55241000
1.32939997	95.55241000
1.32959997	95.55241000
1.32979997	95.55241000
1.32999997	95.55241000
1.33019997	93.68233000
1.33039997	95.55241000
1.33059997	95.55241000
1.33079997	95.55241000
1.33099997	93.68233000
1.33119997	93.68233000
1.33139997	95.55241000
1.33159997	93.68233000
1.33179997	93.68233000
1.33199997	95.55241000
1.33219997	93.68233000
1.33239997	95.55241000
1.33259997	93.68233000
1.33279997	93.68233000
1.33299997	93.68233000
1.33319997	95.55241000
1.33339997	95.55241000
1.33359997	95.55241000
1.33379997	95.55241000
1.33399997	93.68233000
1.33419997	93.68233000
1.33439997	95.55241000
1.33459997	93.68233000
1.33479997	93.68233000
1.33499997	93.68233000
1.33519997	93.68233000
1.33539997	93.68233000
1.33559997	93.68233000
1.33579997	93.68233000
1.33599997	93.68233000
1.33619997	93.68233000
1.33639997	93.68233000
1.33659997	93.68233000
1.33679997	93.68233000
1.33699997	93.68233000
1.33719997	93.68233000
1.33739997	93.68233000
1.33759997	93.68233000
1.33779997	93.68233000
1.33799997	93.68233000
1.33819997	93.68233000
1.33839997	93.68233000
1.33859997	93.68233000
1.33879997	93.68233000
1.33899997	93.68233000
1.33919997	93.68233000
1.33939997	93.68233000
1.33959997	93.68233000
1.33979997	93.68233000
1.33999997	93.68233000
1.34019997	93.68233000
1.34039997	93.68233000
1.34059997	93.68233000
1.34079997	93.68233000
1.34099997	93.68233000
1.34119997	93.68233000
1.34139997	93.68233000
1.34159997	93.68233000
1.34179997	93.68233000
1.34199997	93.68233000
1.34219997	93.68233000
1.34239997	93.68233000
1.34259997	93.68233000
1.34279997	93.68233000
1.34299997	93.68233000
1.34319997	93.68233000
1.34339997	93.68233000
1.34359997	93.68233000
1.34379997	93.68233000
1.34399997	93.68233000
1.34419997	93.68233000
1.34439997	91.80609000
1.34459997	93.68233000
1.34479997	91.80609000
1.34499997	91.80609000
1.34519997	91.80609000
1.34539997	91.80609000
1.34559997	91.80609000
1.34579997	91.80609000
1.34599997	91.80609000
1.34619997	91.80609000
1.34639997	91.80609000
1.34659997	91.80609000
1.34679997	91.80609000
1.34699997	91.80609000
1.34719997	91.80609000
1.34739997	91.80609000
1.34759997	91.80609000
1.34779997	91.80609000
1.34799997	91.80609000
1.34819997	91.80609000
1.34839997	91.80609000
1.34859997	91.80609000
1.34879997	91.80609000
1.34899997	91.80609000
1.34919997	91.80609000
1.34939997	91.80609000
1.34959997	91.80609000
1.34979997	91.80609000
1.34999997	91.80609000
1.35019997	91.80609000
1.35039997	91.80609000
1.35059997	91.80609000
1.35079997	91.80609000
1.35099997	91.80609000
1.35119997	91.80609000
1.35139997	91.80609000
1.35159997	91.80609000
1.35179997	91.80609000
1.35199997	91.80609000
1.35219997	91.80609000
1.35239997	91.80609000
1.35259997	91.80609000
1.35279997	91.80609000
1.35299997	91.80609000
1.35319997	91.80609000
1.35339997	91.80609000
1.35359997	91.80609000
1.35379997	91.80609000
1.35399997	91.80609000
1.35419997	91.80609000
1.35439997	91.80609000
1.35459997	91.80609000
1.35479997	91.80609000
1.35499997	91.80609000
1.35519997	91.80609000
1.35539997	91.80609000
1.35559997	91.80609000
1.35579997	91.80609000
1.35599997	91.80609000
1.35619997	91.80609000
1.35639997	91.80609000
1.35659997	91.80609000
1.35679997	91.80609000
1.35699997	91.80609000
1.35719997	91.80609000
1.35739997	91.80609000
1.35759997	91.80609000
1.35779997	89.93602000
1.35799997	89.93602000
1.35819997	89.93602000
1.35839997	89.93602000
1.35859997	89.93602000
1.35879997	89.93602000
1.35899997	89.93602000
1.35919997	89.93602000
1.35939997	89.93602000
1.35959997	89.93602000
1.35979997	89.93602000
1.35999997	89.93602000
1.36019997	89.93602000
1.36039997	89.93602000
1.36059997	89.93602000
1.36079997	89.93602000
1.36099997	89.93602000
1.36119997	89.93602000
1.36139997	89.93602000
1.36159997	89.93602000
1.36179997	89.93602000
1.36199997	89.93602000
1.36219997	88.05978000
1.36239997	89.93602000
1.36259997	89.93602000
1.36279997	89.93602000
1.36299997	89.93602000
1.36319997	89.93602000
1.36339997	89.93602000
1.36359997	89.93602000
1.36379997	89.93602000
1.36399997	89.93602000
1.36419997	89.93602000
1.36439997	89.93602000
1.36459997	88.05978000
1.36479997	88.05978000
1.36499997	88.05978000
1.36519997	88.05978000
1.36539997	88.05978000
1.36559997	88.05978000
1.36579997	88.05978000
1.36599997	88.05978000
1.36619997	88.05978000
1.36639997	88.05978000
1.36659997	88.05978000
1.36679997	88.05978000
1.36699997	88.05978000
1.36719997	88.05978000
1.36739997	88.05978000
1.36759997	88.05978000
1.36779997	88.05978000
1.36799997	88.05978000
1.36819997	88.05978000
1.36839997	88.05978000
1.36859997	88.05978000
1.36879997	88.05978000
1.36899997	88.05978000
1.36919997	88.05978000
1.36939997	88.05978000
1.36959997	88.05978000
1.36979997	88.05978000
1.36999997	88.05978000
1.37019997	88.05978000
1.37039997	88.05978000
1.37059997	88.05978000
1.37079997	88.05978000
1.37099997	88.05978000
1.37119997	88.05978000
1.37139997	88.05978000
1.37159997	88.05978000
1.37179997	88.05978000
1.37199997	88.05978000
1.37219997	88.05978000
1.37239997	88.05978000
1.37259997	88.05978000
1.37279997	86.18356000
1.37299997	86.18356000
1.37319997	86.18356000
1.37339997	86.18356000
1.37359997	88.05978000
1.37379997	86.18356000
1.37399997	86.18356000
1.37419997	86.18356000
1.37439997	86.18356000
1.37459997	86.18356000
1.37479997	86.18356000
1.37499997	86.18356000
1.37519997	86.18356000
1.37539997	86.18356000
1.37559997	86.18356000
1.37579997	86.18356000
1.37599997	86.18356000
1.37619997	86.18356000
1.37639997	86.18356000
1.37659997	86.18356000
1.37679997	86.18356000
1.37699997	86.18356000
1.37719997	86.18356000
1.37739997	86.18356000
1.37759997	86.18356000
1.37779997	86.18356000
1.37799997	86.18356000
1.37819997	86.18356000
1.37839997	86.18356000
1.37859997	84.31348000
1.37879997	86.18356000
1.37899997	86.18356000
1.37919997	86.18356000
1.37939997	86.18356000
1.37959997	84.31348000
1.37979997	84.31348000
1.37999997	84.31348000
1.38019997	84.31348000
1.38039997	84.31348000
1.38059997	84.31348000
1.38079997	84.31348000
1.38099997	84.31348000
1.38119997	84.31348000
1.38139997	84.31348000
1.38159997	84.31348000
1.38179997	84.31348000
1.38199997	84.31348000
1.38219997	84.31348000
1.38239997	84.31348000
1.38259997	84.31348000
1.38279997	82.43725000
1.38299997	84.31348000
1.38319997	82.43725000
1.38339997	82.43725000
1.38359997	82.43725000
1.38379997	82.43725000
1.38399997	82.43725000
1.38419997	82.43725000
1.38439997	82.43725000
1.38459997	82.43725000
1.38479997	82.43725000
1.38499997	82.43725000
1.38519997	82.43725000
1.38539997	82.43725000
1.38559996	82.43725000
1.38579996	82.43725000
1.38599996	82.43725000
1.38619996	82.43725000
1.38639996	82.43725000
1.38659996	82.43725000
1.38679996	82.43725000
1.38699996	82.43725000
1.38719996	82.43725000
1.38739996	82.43725000
1.38759996	82.43725000
1.38779996	82.43725000
1.38799996	82.43725000
1.38819996	82.43725000
1.38839996	82.43725000
1.38859996	82.43725000
1.38879996	82.43725000
1.38899996	82.43725000
1.38919996	82.43725000
1.38939996	82.43725000
1.38959996	82.43725000
1.38979996	82.43725000
1.38999996	82.43725000
1.39019996	82.43725000
1.39039996	82.43725000
1.39059996	82.43725000
1.39079996	82.43725000
1.39099996	82.43725000
1.39119996	82.43725000
1.39139996	82.43725000
1.39159996	82.43725000
1.39179996	82.43725000
1.39199996	82.43725000
1.39219996	82.43725000
1.39239996	82.43725000
1.39259996	82.43725000
1.39279996	82.43725000
1.39299996	82.43725000
1.39319996	82.43725000
1.39339996	82.43725000
1.39359996	82.43725000
1.39379996	82.43725000
1.39399996	82.43725000
1.39419996	80.56717000
1.39439996	82.43725000
1.39459996	82.43725000
1.39479996	80.56717000
1.39499996	80.56717000
1.39519996	80.56717000
1.39539996	82.43725000
1.39559996	82.43725000
1.39579996	82.43725000
1.39599996	80.56717000
1.39619996	80.56717000
1.39639996	80.56717000
1.39659996	80.56717000
1.39679996	80.56717000
1.39699996	80.56717000
1.39719996	80.56717000
1.39739996	80.56717000
1.39759996	80.56717000
1.39779996	80.56717000
1.39799996	80.56717000
1.39819996	80.56717000
1.39839996	80.56717000
1.39859996	80.56717000
1.39879996	80.56717000
1.39899996	80.56717000
1.39919996	80.56717000
1.39939996	80.56717000
1.39959996	78.69094000
1.39979996	80.56717000
1.39999996	78.69094000
1.40019996	78.69094000
1.40039996	78.69094000
1.40059996	78.69094000
1.40079996	78.69094000
1.40099996	78.69094000
1.40119996	78.69094000
1.40139996	78.69094000
1.40159996	78.69094000
1.40179996	78.69094000
1.40199996	78.69094000
1.40219996	78.69094000
1.40239996	78.69094000
1.40259996	78.69094000
1.40279996	78.69094000
1.40299996	78.69094000
1.40319996	78.69094000
1.40339996	78.69094000
1.40359996	78.69094000
1.40379996	78.69094000
1.40399996	78.69094000
1.40419996	78.69094000
1.40439996	78.69094000
1.40459996	78.69094000
1.40479996	78.69094000
1.40499996	78.69094000
1.40519996	78.69094000
1.40539996	78.69094000
1.40559996	78.69094000
1.40579996	78.69094000
1.40599996	78.69094000
1.40619996	78.69094000
1.40639996	78.69094000
1.40659996	76.82086000
1.40679996	76.82086000
1.40699996	76.82086000
1.40719996	76.82086000
1.40739996	76.82086000
1.40759996	76.82086000
1.40779996	76.82086000
1.40799996	76.82086000
1.40819996	76.82086000
1.40839996	76.82086000
1.40859996	76.82086000
1.40879996	76.82086000
1.40899996	76.82086000
1.40919996	76.82086000
1.40939996	76.82086000
1.40959996	74.94463000
1.40979996	74.94463000
1.40999996	74.94463000
1.41019996	74.94463000
1.41039996	74.94463000
1.41059996	74.94463000
1.41079996	74.94463000
1.41099996	74.94463000
1.41119996	74.94463000
1.41139996	74.94463000
1.41159996	74.94463000
1.41179996	74.94463000
1.41199996	74.94463000
1.41219996	74.94463000
1.41239996	74.94463000
1.41259996	74.94463000
1.41279996	74.94463000
1.41299996	74.94463000
1.41319996	73.06840000
1.41339996	73.06840000
1.41359996	73.06840000
1.41379996	73.06840000
1.41399996	73.06840000
1.41419996	73.06840000
1.41439996	73.06840000
1.41459996	73.06840000
1.41479996	73.06840000
1.41499996	73.06840000
1.41519996	73.06840000
1.41539996	73.06840000
1.41559996	73.06840000
1.41579996	73.06840000
1.41599996	73.06840000
1.41619996	73.06840000
1.41639996	73.06840000
1.41659996	73.06840000
1.41679996	73.06840000
1.41699996	73.06840000
1.41719996	71.19833000
1.41739996	71.19833000
1.41759996	71.19833000
1.41779996	71.19833000
1.41799996	71.19833000
1.41819996	71.19833000
1.41839996	73.06840000
1.41859996	73.06840000
1.41879996	73.06840000
1.41899996	73.06840000
1.41919996	73.06840000
1.41939996	73.06840000
1.41959996	73.06840000
1.41979996	73.06840000
1.41999996	73.06840000
1.42019996	73.06840000
1.42039996	73.06840000
1.42059996	73.06840000
1.42079996	73.06840000
1.42099996	73.06840000
1.42119996	73.06840000
1.42139996	73.06840000
1.42159996	73.06840000
1.42179996	73.06840000
1.42199996	73.06840000
1.42219996	74.94463000
1.42239996	73.06840000
1.42259996	73.06840000
1.42279996	73.06840000
1.42299996	73.06840000
1.42319996	74.94463000
1.42339996	74.94463000
1.42359996	74.94463000
1.42379996	74.94463000
1.42399996	74.94463000
1.42419996	74.94463000
1.42439996	74.94463000
1.42459996	74.94463000
1.42479996	74.94463000
1.42499996	74.94463000
1.42519996	74.94463000
1.42539996	74.94463000
1.42559996	73.06840000
1.42579996	74.94463000
1.42599996	73.06840000
1.42619996	74.94463000
1.42639996	74.94463000
1.42659996	73.06840000
1.42679996	73.06840000
1.42699996	73.06840000
1.42719996	73.06840000
1.42739996	73.06840000
1.42759996	73.06840000
1.42779996	73.06840000
1.42799996	73.06840000
1.42819996	71.19833000
1.42839996	71.19833000
1.42859996	71.19833000
1.42879996	71.19833000
1.42899996	71.19833000
1.42919996	71.19833000
1.42939996	71.19833000
1.42959996	71.19833000
1.42979996	71.19833000
1.42999996	71.19833000
1.43019996	71.19833000
1.43039996	71.19833000
1.43059996	69.32209000
1.43079996	69.32209000
1.43099996	69.32209000
1.43119996	69.32209000
1.43139996	69.32209000
1.43159996	69.32209000
1.43179996	67.45202000
1.43199996	67.45202000
1.43219996	67.45202000
1.43239996	67.45202000
1.43259996	67.45202000
1.43279996	67.45202000
1.43299996	67.45202000
1.43319996	67.45202000
1.43339996	67.45202000
1.43359996	67.45202000
1.43379996	67.45202000
1.43399996	67.45202000
1.43419996	67.45202000
1.43439996	67.45202000
1.43459996	65.57578000
1.43479996	65.57578000
1.43499996	65.57578000
1.43519996	65.57578000
1.43539996	65.57578000
1.43559996	65.57578000
1.43579996	65.57578000
1.43599996	65.57578000
1.43619996	65.57578000
1.43639996	65.57578000
1.43659996	65.57578000
1.43679996	65.57578000
1.43699996	63.69955000
1.43719996	63.69955000
1.43739996	63.69955000
1.43759996	65.57578000
1.43779996	65.57578000
1.43799996	63.69955000
1.43819996	63.69955000
1.43839996	63.69955000
1.43859996	63.69955000
1.43879996	63.69955000
1.43899996	63.69955000
1.43919996	63.69955000
1.43939996	63.69955000
1.43959996	63.69955000
1.43979996	63.69955000
1.43999996	63.69955000
1.44019996	63.69955000
1.44039996	63.69955000
1.44059996	63.69955000
1.44079996	63.69955000
1.44099996	65.57578000
1.44119996	65.57578000
1.44139996	65.57578000
1.44159996	65.57578000
1.44179996	65.57578000
1.44199996	65.57578000
1.44219996	65.57578000
1.44239996	65.57578000
1.44259996	65.57578000
1.44279996	65.57578000
1.44299996	65.57578000
1.44319996	65.57578000
1.44339996	65.57578000
1.44359996	65.57578000
1.44379996	65.57578000
1.44399996	65.57578000
1.44419996	65.57578000
1.44439996	67.45202000
1.44459996	67.45202000
1.44479996	67.45202000
1.44499996	67.45202000
1.44519996	67.45202000
1.44539996	67.45202000
1.44559996	67.45202000
1.44579996	67.45202000
1.44599996	67.45202000
1.44619996	67.45202000
1.44639996	67.45202000
1.44659996	67.45202000
1.44679996	67.45202000
1.44699996	67.45202000
1.44719996	67.45202000
1.44739996	67.45202000
1.44759996	67.45202000
1.44779996	67.45202000
1.44799996	67.45202000
1.44819996	67.45202000
1.44839996	67.45202000
1.44859996	67.45202000
1.44879996	67.45202000
1.44899996	67.45202000
1.44919996	65.57578000
1.44939996	65.57578000
1.44959996	67.45202000
1.44979996	67.45202000
1.44999996	67.45202000
1.45019996	67.45202000
1.45039996	65.57578000
1.45059996	65.57578000
1.45079996	65.57578000
1.45099996	65.57578000
1.45119996	65.57578000
1.45139996	65.57578000
1.45159996	65.57578000
1.45179996	65.57578000
1.45199996	65.57578000
1.45219996	65.57578000
1.45239996	65.57578000
1.45259996	65.57578000
1.45279996	65.57578000
1.45299996	65.57578000
1.45319996	65.57578000
1.45339996	65.57578000
1.45359996	63.69955000
1.45379996	63.69955000
1.45399996	63.69955000
1.45419996	63.69955000
1.45439996	63.69955000
1.45459996	63.69955000
1.45479996	63.69955000
1.45499996	63.69955000
1.45519996	63.69955000
1.45539996	63.69955000
1.45559996	63.69955000
1.45579996	63.69955000
1.45599996	63.69955000
1.45619996	63.69955000
1.45639996	61.82948000
1.45659996	61.82948000
1.45679996	61.82948000
1.45699996	61.82948000
1.45719996	61.82948000
1.45739996	61.82948000
1.45759996	61.82948000
1.45779996	61.82948000
1.45799996	61.82948000
1.45819996	61.82948000
1.45839996	61.82948000
1.45859996	61.82948000
1.45879996	61.82948000
1.45899996	61.82948000
1.45919996	61.82948000
1.45939996	61.82948000
1.45959996	61.82948000
1.45979996	61.82948000
1.45999996	61.82948000
1.46019996	61.82948000
1.46039996	61.82948000
1.46059996	61.82948000
1.46079996	61.82948000
1.46099996	59.95324000
1.46119996	61.82948000
1.46139996	59.95324000
1.46159996	59.95324000
1.46179996	59.95324000
1.46199996	61.82948000
1.46219996	59.95324000
1.46239996	61.82948000
1.46259996	61.82948000
1.46279996	61.82948000
1.46299996	61.82948000
1.46319996	61.82948000
1.46339996	61.82948000
1.46359996	61.82948000
1.46379996	61.82948000
1.46399996	61.82948000
1.46419996	61.82948000
1.46439996	61.82948000
1.46459996	61.82948000
1.46479996	61.82948000
1.46499996	61.82948000
1.46519996	61.82948000
1.46539996	61.82948000
1.46559996	61.82948000
1.46579996	61.82948000
1.46599996	61.82948000
1.46619996	61.82948000
1.46639996	61.82948000
1.46659996	61.82948000
1.46679996	61.82948000
1.46699996	61.82948000
1.46719996	61.82948000
1.46739996	61.82948000
1.46759996	61.82948000
1.46779996	61.82948000
1.46799996	61.82948000
1.46819996	61.82948000
1.46839996	61.82948000
1.46859996	61.82948000
1.46879996	61.82948000
1.46899996	61.82948000
1.46919996	61.82948000
1.46939996	61.82948000
1.46959996	61.82948000
1.46979996	61.82948000
1.46999996	61.82948000
1.47019996	61.82948000
1.47039996	61.82948000
1.47059996	61.82948000
1.47079996	61.82948000
1.47099996	61.82948000
1.47119996	61.82948000
1.47139996	61.82948000
1.47159996	61.82948000
1.47179996	61.82948000
1.47199996	61.82948000
1.47219996	61.82948000
1.47239996	61.82948000
1.47259996	61.82948000
1.47279996	61.82948000
1.47299996	61.82948000
1.47319996	61.82948000
1.47339996	61.82948000
1.47359996	61.82948000
1.47379996	61.82948000
1.47399996	61.82948000
1.47419996	61.82948000
1.47439996	61.82948000
1.47459996	61.82948000
1.47479996	61.82948000
1.47499996	61.82948000
1.47519996	61.82948000
1.47539996	61.82948000
1.47559996	61.82948000
1.47579996	61.82948000
1.47599996	61.82948000
1.47619996	61.82948000
1.47639996	61.82948000
1.47659996	61.82948000
1.47679996	61.82948000
1.47699996	61.82948000
1.47719996	61.82948000
1.47739996	61.82948000
1.47759996	61.82948000
1.47779996	61.82948000
1.47799996	61.82948000
1.47819996	61.82948000
1.47839996	61.82948000
1.47859996	61.82948000
1.47879996	61.82948000
1.47899996	61.82948000
1.47919996	61.82948000
1.47939996	61.82948000
1.47959996	61.82948000
1.47979996	61.82948000
1.47999996	61.82948000
1.48019996	61.82948000
1.48039996	61.82948000
1.48059996	61.82948000
1.48079996	61.82948000
1.48099996	61.82948000
1.48119996	61.82948000
1.48139996	61.82948000
1.48159996	61.82948000
1.48179996	61.82948000
1.48199996	61.82948000
1.48219996	61.82948000
1.48239996	61.82948000
1.48259996	61.82948000
1.48279996	61.82948000
1.48299996	61.82948000
1.48319996	61.82948000
1.48339996	61.82948000
1.48359996	61.82948000
1.48379996	61.82948000
1.48399996	63.69955000
1.48419996	63.69955000
1.48439996	63.69955000
1.48459996	63.69955000
1.48479996	63.69955000
1.48499996	63.69955000
1.48519996	61.82948000
1.48539996	63.69955000
1.48559996	63.69955000
1.48579996	63.69955000
1.48599996	63.69955000
1.48619996	63.69955000
1.48639996	63.69955000
1.48659996	63.69955000
1.48679996	63.69955000
1.48699996	63.69955000
1.48719996	63.69955000
1.48739996	63.69955000
1.48759996	63.69955000
1.48779996	63.69955000
1.48799996	63.69955000
1.48819996	63.69955000
1.48839996	63.69955000
1.48859996	63.69955000
1.48879996	63.69955000
1.48899996	63.69955000
1.48919996	63.69955000
1.48939996	63.69955000
1.48959996	63.69955000
1.48979996	63.69955000
1.48999996	63.69955000
1.49019996	63.69955000
1.49039996	63.69955000
1.49059996	63.69955000
1.49079996	63.69955000
1.49099996	63.69955000
1.49119996	63.69955000
1.49139996	63.69955000
1.49159996	65.57578000
1.49179996	63.69955000
1.49199996	63.69955000
1.49219996	63.69955000
1.49239996	65.57578000
1.49259996	65.57578000
1.49279996	65.57578000
1.49299996	65.57578000
1.49319996	65.57578000
1.49339996	65.57578000
1.49359996	65.57578000
1.49379996	65.57578000
1.49399996	65.57578000
1.49419996	65.57578000
1.49439996	65.57578000
1.49459996	65.57578000
1.49479996	65.57578000
1.49499996	65.57578000
1.49519996	65.57578000
1.49539996	65.57578000
1.49559996	65.57578000
1.49579996	65.57578000
1.49599996	65.57578000
1.49619996	67.45202000
1.49639996	67.45202000
1.49659996	67.45202000
1.49679996	65.57578000
1.49699996	65.57578000
1.49719996	65.57578000
1.49739996	65.57578000
1.49759996	65.57578000
1.49779996	67.45202000
1.49799996	67.45202000
1.49819996	67.45202000
1.49839996	67.45202000
1.49859996	67.45202000
1.49879996	67.45202000
1.49899996	67.45202000
1.49919996	67.45202000
1.49939996	67.45202000
1.49959996	67.45202000
1.49979996	67.45202000
1.49999996	67.45202000
1.50019996	67.45202000
1.50039996	67.45202000
1.50059996	67.45202000
1.50079996	67.45202000
1.50099996	67.45202000
1.50119996	67.45202000
1.50139996	67.45202000
1.50159996	67.45202000
1.50179996	67.45202000
1.50199996	67.45202000
1.50219996	67.45202000
1.50239996	69.32209000
1.50259996	69.32209000
1.50279996	69.32209000
1.50299996	69.32209000
1.50319996	69.32209000
1.50339996	69.32209000
1.50359996	69.32209000
1.50379996	69.32209000
1.50399996	69.32209000
1.50419996	69.32209000
1.50439996	69.32209000
1.50459996	69.32209000
1.50479996	69.32209000
1.50499996	69.32209000
1.50519996	69.32209000
1.50539996	69.32209000
1.50559996	69.32209000
1.50579996	71.19833000
1.50599996	71.19833000
1.50619996	71.19833000
1.50639996	69.32209000
1.50659996	69.32209000
1.50679996	69.32209000
1.50699996	69.32209000
1.50719996	71.19833000
1.50739996	71.19833000
1.50759996	71.19833000
1.50779996	71.19833000
1.50799996	71.19833000
1.50819996	71.19833000
1.50839996	69.32209000
1.50859996	69.32209000
1.50879996	71.19833000
1.50899996	71.19833000
1.50919996	71.19833000
1.50939996	71.19833000
1.50959996	71.19833000
1.50979996	71.19833000
1.50999996	71.19833000
1.51019996	71.19833000
1.51039996	71.19833000
1.51059996	71.19833000
1.51079996	73.06840000
1.51099996	73.06840000
1.51119996	71.19833000
1.51139996	71.19833000
1.51159996	71.19833000
1.51179996	71.19833000
1.51199996	71.19833000
1.51219996	73.06840000
1.51239996	73.06840000
1.51259996	73.06840000
1.51279996	73.06840000
1.51299996	73.06840000
1.51319996	73.06840000
1.51339996	73.06840000
1.51359996	74.94463000
1.51379996	74.94463000
1.51399996	74.94463000
1.51419996	74.94463000
1.51439996	74.94463000
1.51459996	74.94463000
1.51479996	74.94463000
1.51499996	74.94463000
1.51519996	74.94463000
1.51539996	76.82086000
1.51559996	76.82086000
1.51579996	76.82086000
1.51599996	74.94463000
1.51619996	76.82086000
1.51639996	76.82086000
1.51659996	76.82086000
1.51679996	76.82086000
1.51699996	76.82086000
1.51719996	76.82086000
1.51739996	76.82086000
1.51759996	76.82086000
1.51779996	76.82086000
1.51799996	76.82086000
1.51819996	76.82086000
1.51839996	78.69094000
1.51859996	78.69094000
1.51879996	78.69094000
1.51899996	78.69094000
1.51919996	76.82086000
1.51939996	76.82086000
1.51959996	76.82086000
1.51979996	78.69094000
1.51999996	78.69094000
1.52019996	78.69094000
1.52039996	78.69094000
1.52059996	78.69094000
1.52079996	78.69094000
1.52099996	76.82086000
1.52119996	76.82086000
1.52139996	78.69094000
1.52159996	78.69094000
1.52179996	78.69094000
1.52199996	78.69094000
1.52219996	78.69094000
1.52239996	78.69094000
1.52259996	78.69094000
1.52279996	78.69094000
1.52299996	78.69094000
1.52319996	78.69094000
1.52339996	78.69094000
1.52359996	78.69094000
1.52379996	78.69094000
1.52399996	78.69094000
1.52419996	78.69094000
1.52439996	78.69094000
1.52459996	78.69094000
1.52479996	78.69094000
1.52499996	78.69094000
1.52519996	78.69094000
1.52539996	78.69094000
1.52559996	78.69094000
1.52579996	78.69094000
1.52599996	78.69094000
1.52619996	78.69094000
1.52639996	78.69094000
1.52659996	78.69094000
1.52679996	78.69094000
1.52699996	78.69094000
1.52719996	78.69094000
1.52739996	78.69094000
1.52759996	78.69094000
1.52779996	78.69094000
1.52799996	80.56717000
1.52819996	78.69094000
1.52839996	78.69094000
1.52859996	78.69094000
1.52879996	78.69094000
1.52899996	78.69094000
1.52919996	78.69094000
1.52939996	80.56717000
1.52959996	80.56717000
1.52979996	80.56717000
1.52999996	80.56717000
1.53019996	80.56717000
1.53039996	80.56717000
1.53059996	80.56717000
1.53079996	80.56717000
1.53099996	80.56717000
1.53119996	82.43725000
1.53139996	82.43725000
1.53159996	82.43725000
1.53179996	82.43725000
1.53199996	80.56717000
1.53219996	82.43725000
1.53239996	80.56717000
1.53259996	82.43725000
1.53279996	82.43725000
1.53299996	82.43725000
1.53319996	82.43725000
1.53339996	82.43725000
1.53359996	82.43725000
1.53379996	82.43725000
1.53399996	82.43725000
1.53419996	82.43725000
1.53439996	82.43725000
1.53459996	84.31348000
1.53479996	84.31348000
1.53499996	84.31348000
1.53519996	82.43725000
1.53539996	82.43725000
1.53559996	82.43725000
1.53579996	84.31348000
1.53599996	82.43725000
1.53619996	82.43725000
1.53639996	82.43725000
1.53659996	82.43725000
1.53679996	82.43725000
1.53699996	84.31348000
1.53719996	84.31348000
1.53739996	84.31348000
1.53759996	84.31348000
1.53779996	84.31348000
1.53799996	84.31348000
1.53819996	84.31348000
1.53839996	84.31348000
1.53859996	84.31348000
1.53879996	84.31348000
1.53899996	84.31348000
1.53919996	84.31348000
1.53939996	84.31348000
1.53959996	84.31348000
1.53979996	84.31348000
1.53999996	86.18356000
1.54019996	86.18356000
1.54039996	86.18356000
1.54059996	86.18356000
1.54079996	86.18356000
1.54099996	86.18356000
1.54119996	86.18356000
1.54139996	86.18356000
1.54159996	86.18356000
1.54179996	86.18356000
1.54199996	86.18356000
1.54219996	86.18356000
1.54239996	86.18356000
1.54259996	86.18356000
1.54279996	88.05978000
1.54299996	86.18356000
1.54319996	86.18356000
1.54339996	88.05978000
1.54359996	88.05978000
1.54379996	88.05978000
1.54399996	88.05978000
1.54419996	88.05978000
1.54439996	88.05978000
1.54459996	88.05978000
1.54479996	88.05978000
1.54499996	88.05978000
1.54519996	88.05978000
1.54539996	88.05978000
1.54559996	88.05978000
1.54579996	88.05978000
1.54599996	88.05978000
1.54619996	88.05978000
1.54639996	88.05978000
1.54659996	88.05978000
1.54679996	89.93602000
1.54699996	88.05978000
1.54719996	89.93602000
1.54739996	89.93602000
1.54759996	89.93602000
1.54779996	89.93602000
1.54799996	89.93602000
1.54819996	89.93602000
1.54839996	89.93602000
1.54859996	89.93602000
1.54879996	89.93602000
1.54899996	89.93602000
1.54919996	89.93602000
1.54939996	89.93602000
1.54959996	89.93602000
1.54979996	89.93602000
1.54999996	89.93602000
1.55019996	89.93602000
1.55039996	89.93602000
1.55059996	89.93602000
1.55079996	89.93602000
1.55099996	89.93602000
1.55119996	89.93602000
1.55139996	89.93602000
1.55159996	89.93602000
1.55179996	89.93602000
1.55199996	89.93602000
1.55219996	89.93602000
1.55239996	89.93602000
1.55259996	89.93602000
1.55279996	89.93602000
1.55299996	89.93602000
1.55319996	91.80609000
1.55339996	89.93602000
1.55359996	89.93602000
1.55379996	89.93602000
1.55399996	89.93602000
1.55419996	89.93602000
1.55439996	89.93602000
1.55459996	91.80609000
1.55479996	91.80609000
1.55499996	91.80609000
1.55519996	89.93602000
1.55539996	91.80609000
1.55559996	89.93602000
1.55579996	89.93602000
1.55599996	89.93602000
1.55619996	89.93602000
1.55639996	91.80609000
1.55659996	89.93602000
1.55679996	89.93602000
1.55699996	91.80609000
1.55719996	89.93602000
1.55739996	89.93602000
1.55759996	91.80609000
1.55779996	91.80609000
1.55799996	91.80609000
1.55819996	91.80609000
1.55839996	91.80609000
1.55859996	91.80609000
1.55879996	91.80609000
1.55899996	91.80609000
1.55919996	91.80609000
1.55939996	91.80609000
1.55959996	91.80609000
1.55979996	91.80609000
1.55999996	91.80609000
1.56019996	91.80609000
1.56039996	91.80609000
1.56059996	91.80609000
1.56079996	91.80609000
1.56099996	93.68233000
1.56119996	93.68233000
1.56139996	93.68233000
1.56159996	91.80609000
1.56179996	93.68233000
1.56199996	93.68233000
1.56219996	91.80609000
1.56239996	93.68233000
1.56259996	93.68233000
1.56279996	93.68233000
1.56299996	93.68233000
1.56319996	93.68233000
1.56339996	93.68233000
1.56359996	93.68233000
1.56379996	93.68233000
1.56399996	93.68233000
1.56419996	93.68233000
1.56439996	93.68233000
1.56459996	93.68233000
1.56479996	93.68233000
1.56499996	93.68233000
1.56519996	93.68233000
1.56539996	93.68233000
1.56559996	93.68233000
1.56579996	93.68233000
1.56599996	93.68233000
1.56619996	93.68233000
1.56639996	93.68233000
1.56659996	93.68233000
1.56679996	93.68233000
1.56699996	93.68233000
1.56719996	93.68233000
1.56739996	93.68233000
1.56759996	93.68233000
1.56779996	93.68233000
1.56799996	93.68233000
1.56819996	93.68233000
1.56839996	93.68233000
1.56859996	93.68233000
1.56879996	93.68233000
1.56899996	93.68233000
1.56919996	93.68233000
1.56939996	93.68233000
1.56959996	93.68233000
1.56979996	93.68233000
1.56999996	93.68233000
1.57019996	93.68233000
1.57039996	93.68233000
1.57059996	93.68233000
1.57079996	93.68233000
1.57099996	93.68233000
1.57119996	93.68233000
1.57139996	93.68233000
1.57159996	93.68233000
1.57179996	93.68233000
1.57199996	93.68233000
1.57219996	93.68233000
1.57239996	93.68233000
1.57259996	93.68233000
1.57279996	93.68233000
1.57299996	93.68233000
1.57319996	93.68233000
1.57339996	93.68233000
1.57359996	93.68233000
1.57379996	93.68233000
1.57399996	93.68233000
1.57419996	93.68233000
1.57439996	93.68233000
1.57459996	93.68233000
1.57479996	93.68233000
1.57499996	93.68233000
1.57519996	93.68233000
1.57539996	93.68233000
1.57559996	95.55241000
1.57579996	95.55241000
1.57599996	93.68233000
1.57619996	95.55241000
1.57639996	95.55241000
1.57659996	95.55241000
1.57679996	95.55241000
1.57699996	95.55241000
1.57719996	95.55241000
1.57739996	95.55241000
1.57759996	95.55241000
1.57779996	95.55241000
1.57799996	95.55241000
1.57819996	95.55241000
1.57839996	95.55241000
1.57859996	95.55241000
1.57879996	95.55241000
1.57899996	95.55241000
1.57919996	95.55241000
1.57939996	95.55241000
1.57959996	95.55241000
1.57979996	95.55241000
1.57999996	95.55241000
1.58019996	95.55241000
1.58039996	95.55241000
1.58059996	95.55241000
1.58079996	95.55241000
1.58099996	95.55241000
1.58119996	95.55241000
1.58139996	95.55241000
1.58159996	95.55241000
1.58179996	95.55241000
1.58199996	95.55241000
1.58219996	95.55241000
1.58239996	95.55241000
1.58259996	95.55241000
1.58279996	95.55241000
1.58299996	95.55241000
1.58319996	95.55241000
1.58339996	95.55241000
1.58359996	95.55241000
1.58379996	95.55241000
1.58399996	95.55241000
1.58419996	97.42863000
1.58439996	95.55241000
1.58459996	95.55241000
1.58479996	95.55241000
1.58499996	95.55241000
1.58519996	95.55241000
1.58539996	95.55241000
1.58559996	95.55241000
1.58579996	95.55241000
1.58599996	95.55241000
1.58619996	95.55241000
1.58639996	95.55241000
1.58659996	95.55241000
1.58679996	95.55241000
1.58699996	95.55241000
1.58719996	95.55241000
1.58739996	95.55241000
1.58759996	95.55241000
1.58779996	95.55241000
1.58799996	95.55241000
1.58819996	95.55241000
1.58839996	95.55241000
1.58859996	95.55241000
1.58879996	95.55241000
1.58899996	95.55241000
1.58919996	95.55241000
1.58939996	95.55241000
1.58959996	95.55241000
1.58979996	95.55241000
1.58999996	95.55241000
1.59019996	95.55241000
1.59039996	95.55241000
1.59059996	95.55241000
1.59079996	95.55241000
1.59099996	95.55241000
1.59119996	95.55241000
1.59139996	95.55241000
1.59159996	95.55241000
1.59179996	95.55241000
1.59199996	95.55241000
1.59219996	95.55241000
1.59239996	95.55241000
1.59259996	95.55241000
1.59279996	95.55241000
1.59299996	95.55241000
1.59319996	95.55241000
1.59339996	95.55241000
1.59359996	95.55241000
1.59379996	95.55241000
1.59399996	95.55241000
1.59419996	95.55241000
1.59439996	95.55241000
1.59459996	95.55241000
1.59479996	95.55241000
1.59499996	95.55241000
1.59519996	95.55241000
1.59539996	95.55241000
1.59559996	95.55241000
1.59579996	95.55241000
1.59599996	95.55241000
1.59619996	95.55241000
1.59639996	95.55241000
1.59659996	95.55241000
1.59679996	95.55241000
1.59699996	95.55241000
1.59719996	95.55241000
1.59739996	95.55241000
1.59759996	95.55241000
1.59779996	95.55241000
1.59799996	95.55241000
1.59819996	97.42863000
1.59839996	97.42863000
1.59859996	97.42863000
1.59879996	97.42863000
1.59899996	97.42863000
1.59919996	97.42863000
1.59939996	97.42863000
1.59959996	97.42863000
1.59979996	97.42863000
1.59999996	97.42863000
1.60019996	97.42863000
1.60039996	97.42863000
1.60059996	97.42863000
1.60079996	97.42863000
1.60099996	97.42863000
1.60119996	97.42863000
1.60139996	97.42863000
1.60159996	97.42863000
1.60179996	97.42863000
1.60199996	97.42863000
1.60219996	97.42863000
1.60239996	97.42863000
1.60259996	97.42863000
1.60279996	97.42863000
1.60299996	97.42863000
1.60319996	97.42863000
1.60339996	97.42863000
1.60359996	97.42863000
1.60379996	97.42863000
1.60399996	97.42863000
1.60419996	97.42863000
1.60439996	97.42863000
1.60459996	97.42863000
1.60479996	97.42863000
1.60499996	97.42863000
1.60519996	97.42863000
1.60539996	97.42863000
1.60559996	97.42863000
1.60579996	97.42863000
1.60599996	97.42863000
1.60619996	97.42863000
1.60639996	97.42863000
1.60659996	97.42863000
1.60679996	97.42863000
1.60699996	97.42863000
1.60719996	97.42863000
1.60739996	97.42863000
1.60759996	97.42863000
1.60779996	97.42863000
1.60799996	97.42863000
1.60819996	97.42863000
1.60839996	97.42863000
1.60859996	97.42863000
1.60879996	97.42863000
1.60899996	97.42863000
1.60919996	97.42863000
1.60939996	97.42863000
1.60959996	95.55241000
1.60979996	97.42863000
1.60999996	97.42863000
1.61019996	97.42863000
1.61039996	95.55241000
1.61059996	97.42863000
1.61079996	95.55241000
1.61099996	97.42863000
1.61119996	95.55241000
1.61139996	95.55241000
1.61159996	97.42863000
1.61179996	95.55241000
1.61199996	95.55241000
1.61219996	95.55241000
1.61239996	95.55241000
1.61259996	95.55241000
1.61279996	95.55241000
1.61299996	95.55241000
1.61319996	95.55241000
1.61339996	95.55241000
1.61359996	95.55241000
1.61379996	95.55241000
1.61399996	95.55241000
1.61419996	95.55241000
1.61439996	97.42863000
1.61459996	97.42863000
1.61479996	97.42863000
1.61499996	97.42863000
1.61519996	97.42863000
1.61539996	97.42863000
1.61559996	97.42863000
1.61579996	97.42863000
1.61599996	97.42863000
1.61619996	97.42863000
1.61639996	97.42863000
1.61659996	97.42863000
1.61679996	97.42863000
1.61699996	97.42863000
1.61719996	97.42863000
1.61739996	97.42863000
1.61759996	97.42863000
1.61779996	97.42863000
1.61799996	97.42863000
1.61819996	97.42863000
1.61839996	97.42863000
1.61859996	97.42863000
1.61879996	97.42863000
1.61899996	97.42863000
1.61919996	97.42863000
1.61939996	97.42863000
1.61959996	97.42863000
1.61979996	97.42863000
1.61999996	97.42863000
1.62019996	97.42863000
1.62039996	97.42863000
1.62059996	97.42863000
1.62079996	97.42863000
1.62099996	97.42863000
1.62119996	97.42863000
1.62139996	97.42863000
1.62159996	97.42863000
1.62179996	97.42863000
1.62199996	97.42863000
1.62219996	97.42863000
1.62239996	97.42863000
1.62259996	97.42863000
1.62279996	97.42863000
1.62299996	97.42863000
1.62319996	97.42863000
1.62339996	97.42863000
1.62359996	97.42863000
1.62379996	97.42863000
1.62399996	97.42863000
1.62419996	97.42863000
1.62439996	97.42863000
1.62459996	97.42863000
1.62479996	97.42863000
1.62499996	97.42863000
1.62519996	97.42863000
1.62539996	97.42863000
1.62559996	97.42863000
1.62579996	97.42863000
1.62599996	97.42863000
1.62619996	97.42863000
1.62639996	97.42863000
1.62659996	97.42863000
1.62679996	97.42863000
1.62699996	97.42863000
1.62719996	97.42863000
1.62739996	97.42863000
1.62759996	97.42863000
1.62779996	97.42863000
1.62799996	97.42863000
1.62819996	95.55241000
1.62839996	97.42863000
1.62859996	97.42863000
1.62879996	97.42863000
1.62899996	97.42863000
1.62919996	97.42863000
1.62939996	97.42863000
1.62959996	97.42863000
1.62979996	95.55241000
1.62999996	95.55241000
1.63019996	97.42863000
1.63039996	97.42863000
1.63059996	95.55241000
1.63079996	97.42863000
1.63099996	95.55241000
1.63119996	95.55241000
1.63139996	95.55241000
1.63159996	95.55241000
1.63179996	95.55241000
1.63199996	95.55241000
1.63219996	95.55241000
1.63239996	95.55241000
1.63259996	95.55241000
1.63279996	95.55241000
1.63299996	95.55241000
1.63319996	95.55241000
1.63339996	95.55241000
1.63359996	95.55241000
1.63379996	95.55241000
1.63399996	95.55241000
1.63419996	95.55241000
1.63439996	95.55241000
1.63459996	95.55241000
1.63479996	95.55241000
1.63499996	95.55241000
1.63519996	95.55241000
1.63539996	95.55241000
1.63559996	95.55241000
1.63579996	95.55241000
1.63599996	95.55241000
1.63619996	95.55241000
1.63639996	95.55241000
1.63659996	95.55241000
1.63679996	95.55241000
1.63699996	95.55241000
1.63719996	95.55241000
1.63739996	95.55241000
1.63759996	95.55241000
1.63779996	95.55241000
1.63799996	95.55241000
1.63819996	95.55241000
1.63839996	95.55241000
1.63859996	95.55241000
1.63879996	95.55241000
1.63899996	95.55241000
1.63919996	95.55241000
1.63939996	95.55241000
1.63959996	95.55241000
1.63979996	95.55241000
1.63999996	95.55241000
1.64019996	95.55241000
1.64039996	95.55241000
1.64059996	95.55241000
1.64079996	95.55241000
1.64099996	95.55241000
1.64119996	95.55241000
1.64139996	95.55241000
1.64159996	95.55241000
1.64179996	95.55241000
1.64199996	95.55241000
1.64219996	95.55241000
1.64239996	95.55241000
1.64259996	95.55241000
1.64279996	95.55241000
1.64299996	95.55241000
1.64319996	95.55241000
1.64339996	95.55241000
1.64359996	95.55241000
1.64379996	95.55241000
1.64399996	95.55241000
1.64419996	95.55241000
1.64439996	95.55241000
1.64459996	95.55241000
1.64479996	95.55241000
1.64499996	95.55241000
1.64519996	95.55241000
1.64539996	95.55241000
1.64559996	95.55241000
1.64579996	95.55241000
1.64599996	95.55241000
1.64619996	95.55241000
1.64639996	95.55241000
1.64659996	95.55241000
1.64679996	95.55241000
1.64699996	95.55241000
1.64719996	95.55241000
1.64739996	95.55241000
1.64759996	95.55241000
1.64779996	95.55241000
1.64799996	95.55241000
1.64819996	95.55241000
1.64839996	95.55241000
1.64859996	95.55241000
1.64879996	95.55241000
1.64899996	95.55241000
1.64919996	95.55241000
1.64939996	95.55241000
1.64959996	95.55241000
1.64979996	95.55241000
1.64999996	95.55241000
1.65019996	95.55241000
1.65039996	95.55241000
1.65059996	95.55241000
1.65079996	95.55241000
1.65099996	95.55241000
1.65119996	95.55241000
1.65139996	95.55241000
1.65159996	95.55241000
1.65179996	93.68233000
1.65199996	95.55241000
1.65219996	95.55241000
1.65239996	95.55241000
1.65259996	95.55241000
1.65279996	95.55241000
1.65299996	95.55241000
1.65319996	93.68233000
1.65339996	95.55241000
1.65359996	95.55241000
1.65379996	93.68233000
1.65399996	95.55241000
1.65419996	95.55241000
1.65439996	93.68233000
1.65459996	95.55241000
1.65479996	93.68233000
1.65499996	93.68233000
1.65519996	93.68233000
1.65539996	93.68233000
1.65559996	93.68233000
1.65579996	93.68233000
1.65599996	93.68233000
1.65619996	93.68233000
1.65639996	93.68233000
1.65659996	93.68233000
1.65679996	93.68233000
1.65699996	93.68233000
1.65719996	93.68233000
1.65739996	93.68233000
1.65759996	93.68233000
1.65779996	93.68233000
1.65799996	93.68233000
1.65819996	93.68233000
1.65839996	93.68233000
1.65859996	93.68233000
1.65879996	93.68233000
1.65899996	93.68233000
1.65919996	93.68233000
1.65939996	93.68233000
1.65959996	93.68233000
1.65979996	93.68233000
1.65999996	93.68233000
1.66019996	93.68233000
1.66039996	93.68233000
1.66059996	93.68233000
1.66079996	93.68233000
1.66099996	93.68233000
1.66119996	93.68233000
1.66139996	93.68233000
1.66159996	93.68233000
1.66179996	93.68233000
1.66199996	93.68233000
1.66219996	93.68233000
1.66239996	93.68233000
1.66259996	93.68233000
1.66279996	93.68233000
1.66299996	93.68233000
1.66319996	93.68233000
1.66339996	93.68233000
1.66359996	93.68233000
1.66379996	93.68233000
1.66399996	93.68233000
1.66419996	93.68233000
1.66439996	93.68233000
1.66459996	93.68233000
1.66479996	93.68233000
1.66499996	93.68233000
1.66519996	93.68233000
1.66539996	93.68233000
1.66559996	93.68233000
1.66579996	93.68233000
1.66599996	93.68233000
1.66619996	93.68233000
1.66639996	93.68233000
1.66659996	93.68233000
1.66679996	93.68233000
1.66699996	93.68233000
1.66719996	93.68233000
1.66739996	93.68233000
1.66759996	93.68233000
1.66779996	93.68233000
1.66799996	93.68233000
1.66819996	93.68233000
1.66839996	93.68233000
1.66859996	93.68233000
1.66879996	93.68233000
1.66899996	93.68233000
1.66919996	93.68233000
1.66939996	93.68233000
1.66959996	93.68233000
1.66979996	93.68233000
1.66999996	93.68233000
1.67019996	93.68233000
1.67039996	93.68233000
1.67059996	93.68233000
1.67079996	93.68233000
1.67099996	93.68233000
1.67119996	93.68233000
1.67139996	93.68233000
1.67159996	93.68233000
1.67179996	91.80609000
1.67199996	93.68233000
1.67219996	91.80609000
1.67239996	91.80609000
1.67259996	91.80609000
1.67279996	91.80609000
1.67299996	93.68233000
1.67319996	93.68233000
1.67339996	91.80609000
1.67359996	93.68233000
1.67379996	91.80609000
1.67399996	91.80609000
1.67419996	91.80609000
1.67439996	93.68233000
1.67459996	93.68233000
1.67479996	93.68233000
1.67499996	91.80609000
1.67519996	93.68233000
1.67539996	93.68233000
1.67559996	91.80609000
1.67579996	91.80609000
1.67599996	91.80609000
1.67619996	91.80609000
1.67639996	91.80609000
1.67659996	91.80609000
1.67679996	93.68233000
1.67699996	91.80609000
1.67719996	91.80609000
1.67739996	91.80609000
1.67759996	93.68233000
1.67779996	91.80609000
1.67799996	93.68233000
1.67819996	93.68233000
1.67839996	93.68233000
1.67859996	93.68233000
1.67879996	93.68233000
1.67899996	93.68233000
1.67919996	93.68233000
1.67939996	93.68233000
1.67959996	93.68233000
1.67979996	93.68233000
1.67999996	93.68233000
1.68019996	93.68233000
1.68039996	93.68233000
1.68059996	93.68233000
1.68079996	93.68233000
1.68099996	93.68233000
1.68119996	93.68233000
1.68139996	93.68233000
1.68159996	93.68233000
1.68179996	91.80609000
1.68199996	93.68233000
1.68219996	91.80609000
1.68239996	91.80609000
1.68259996	93.68233000
1.68279996	93.68233000
1.68299996	93.68233000
1.68319996	93.68233000
1.68339996	93.68233000
1.68359996	93.68233000
1.68379996	93.68233000
1.68399996	93.68233000
1.68419996	93.68233000
1.68439996	93.68233000
1.68459996	93.68233000
1.68479996	93.68233000
1.68499996	93.68233000
1.68519996	93.68233000
1.68539996	93.68233000
1.68559996	93.68233000
1.68579996	93.68233000
1.68599996	93.68233000
1.68619996	93.68233000
1.68639996	93.68233000
1.68659996	93.68233000
1.68679996	93.68233000
1.68699996	93.68233000
1.68719996	93.68233000
1.68739996	93.68233000
1.68759996	93.68233000
1.68779996	91.80609000
1.68799996	93.68233000
1.68819996	93.68233000
1.68839996	93.68233000
1.68859996	93.68233000
1.68879996	93.68233000
1.68899996	93.68233000
1.68919996	93.68233000
1.68939996	93.68233000
1.68959996	93.68233000
1.68979996	93.68233000
1.68999996	93.68233000
1.69019996	93.68233000
1.69039996	93.68233000
1.69059996	93.68233000
1.69079996	93.68233000
1.69099996	91.80609000
1.69119996	93.68233000
1.69139996	93.68233000
1.69159996	93.68233000
1.69179996	91.80609000
1.69199996	93.68233000
1.69219996	91.80609000
1.69239996	91.80609000
1.69259996	91.80609000
1.69279996	91.80609000
1.69299996	91.80609000
1.69319996	91.80609000
1.69339996	91.80609000
1.69359996	91.80609000
1.69379996	91.80609000
1.69399996	91.80609000
1.69419996	91.80609000
1.69439996	91.80609000
1.69459996	91.80609000
1.69479996	91.80609000
1.69499996	91.80609000
1.69519996	93.68233000
1.69539996	91.80609000
1.69559996	91.80609000
1.69579996	93.68233000
1.69599996	93.68233000
1.69619996	93.68233000
1.69639996	91.80609000
1.69659996	93.68233000
1.69679996	93.68233000
1.69699996	93.68233000
1.69719996	93.68233000
1.69739996	93.68233000
1.69759996	93.68233000
1.69779996	93.68233000
1.69799996	93.68233000
1.69819996	93.68233000
1.69839996	93.68233000
1.69859996	93.68233000
1.69879996	93.68233000
1.69899996	93.68233000
1.69919996	93.68233000
1.69939996	93.68233000
1.69959996	93.68233000
1.69979996	93.68233000
1.69999996	93.68233000
1.70019996	93.68233000
1.70039996	93.68233000
1.70059996	93.68233000
1.70079996	93.68233000
1.70099996	93.68233000
1.70119996	93.68233000
1.70139996	93.68233000
1.70159996	93.68233000
1.70179996	93.68233000
1.70199996	93.68233000
1.70219996	93.68233000
1.70239996	93.68233000
1.70259996	93.68233000
1.70279996	93.68233000
1.70299996	93.68233000
1.70319996	93.68233000
1.70339996	93.68233000
1.70359996	93.68233000
1.70379996	93.68233000
1.70399996	93.68233000
1.70419996	93.68233000
1.70439996	93.68233000
1.70459996	93.68233000
1.70479996	93.68233000
1.70499996	93.68233000
1.70519996	93.68233000
1.70539996	93.68233000
1.70559996	93.68233000
1.70579996	93.68233000
1.70599996	93.68233000
1.70619996	93.68233000
1.70639996	93.68233000
1.70659996	93.68233000
1.70679996	93.68233000
1.70699996	93.68233000
1.70719996	93.68233000
1.70739996	93.68233000
1.70759996	93.68233000
1.70779996	93.68233000
1.70799996	93.68233000
1.70819996	93.68233000
1.70839996	93.68233000
1.70859996	93.68233000
1.70879996	93.68233000
1.70899996	93.68233000
1.70919996	93.68233000
1.70939996	93.68233000
1.70959996	93.68233000
1.70979996	93.68233000
1.70999996	93.68233000
1.71019996	93.68233000
1.71039996	93.68233000
1.71059996	93.68233000
1.71079996	93.68233000
1.71099996	93.68233000
1.71119996	93.68233000
1.71139996	93.68233000
1.71159996	93.68233000
1.71179996	93.68233000
1.71199996	93.68233000
1.71219996	93.68233000
1.71239996	93.68233000
1.71259996	93.68233000
1.71279996	93.68233000
1.71299996	93.68233000
1.71319996	93.68233000
1.71339996	93.68233000
1.71359996	93.68233000
1.71379996	93.68233000
1.71399996	93.68233000
1.71419996	93.68233000
1.71439996	93.68233000
1.71459996	93.68233000
1.71479996	93.68233000
1.71499996	93.68233000
1.71519996	93.68233000
1.71539996	93.68233000
1.71559996	93.68233000
1.71579996	93.68233000
1.71599996	93.68233000
1.71619996	93.68233000
1.71639996	93.68233000
1.71659996	93.68233000
1.71679996	93.68233000
1.71699996	93.68233000
1.71719996	93.68233000
1.71739996	93.68233000
1.71759996	93.68233000
1.71779996	93.68233000
1.71799996	93.68233000
1.71819996	93.68233000
1.71839996	93.68233000
1.71859996	93.68233000
1.71879996	93.68233000
1.71899996	93.68233000
1.71919996	93.68233000
1.71939996	93.68233000
1.71959996	93.68233000
1.71979996	93.68233000
1.71999996	93.68233000
1.72019996	93.68233000
1.72039996	93.68233000
1.72059996	93.68233000
1.72079996	93.68233000
1.72099996	93.68233000
1.72119996	93.68233000
1.72139996	93.68233000
1.72159996	93.68233000
1.72179996	93.68233000
1.72199996	93.68233000
1.72219996	93.68233000
1.72239996	93.68233000
1.72259996	93.68233000
1.72279996	93.68233000
1.72299996	93.68233000
1.72319996	93.68233000
1.72339996	93.68233000
1.72359996	93.68233000
1.72379996	93.68233000
1.72399996	93.68233000
1.72419996	93.68233000
1.72439996	93.68233000
1.72459996	93.68233000
1.72479996	93.68233000
1.72499996	93.68233000
1.72519996	93.68233000
1.72539996	93.68233000
1.72559996	93.68233000
1.72579996	93.68233000
1.72599996	93.68233000
1.72619996	93.68233000
1.72639996	93.68233000
1.72659996	93.68233000
1.72679996	93.68233000
1.72699996	93.68233000
1.72719996	93.68233000
1.72739996	93.68233000
1.72759996	93.68233000
1.72779996	93.68233000
1.72799996	93.68233000
1.72819996	93.68233000
1.72839996	93.68233000
1.72859996	93.68233000
1.72879996	93.68233000
1.72899996	93.68233000
1.72919996	93.68233000
1.72939996	93.68233000
1.72959996	93.68233000
1.72979996	93.68233000
1.72999996	93.68233000
1.73019996	93.68233000
1.73039996	93.68233000
1.73059996	93.68233000
1.73079996	93.68233000
1.73099996	93.68233000
1.73119996	93.68233000
1.73139996	93.68233000
1.73159996	93.68233000
1.73179996	93.68233000
1.73199996	93.68233000
1.73219996	93.68233000
1.73239996	93.68233000
1.73259996	93.68233000
1.73279996	93.68233000
1.73299996	93.68233000
1.73319996	93.68233000
1.73339996	93.68233000
1.73359996	93.68233000
1.73379996	93.68233000
1.73399996	93.68233000
1.73419996	93.68233000
1.73439996	93.68233000
1.73459996	93.68233000
1.73479996	93.68233000
1.73499996	93.68233000
1.73519996	93.68233000
1.73539996	93.68233000
1.73559996	93.68233000
1.73579996	93.68233000
1.73599996	93.68233000
1.73619996	93.68233000
1.73639996	93.68233000
1.73659996	93.68233000
1.73679996	93.68233000
1.73699996	93.68233000
1.73719996	93.68233000
1.73739996	93.68233000
1.73759996	93.68233000
1.73779996	91.80609000
1.73799996	93.68233000
1.73819996	93.68233000
1.73839996	93.68233000
1.73859996	91.80609000
1.73879996	91.80609000
1.73899996	91.80609000
1.73919996	91.80609000
1.73939996	91.80609000
1.73959996	91.80609000
1.73979996	91.80609000
1.73999996	91.80609000
1.74019996	91.80609000
1.74039996	91.80609000
1.74059996	91.80609000
1.74079996	91.80609000
1.74099996	91.80609000
1.74119996	91.80609000
1.74139996	91.80609000
1.74159996	91.80609000
1.74179996	91.80609000
1.74199996	91.80609000
1.74219996	91.80609000
1.74239996	91.80609000
1.74259996	91.80609000
1.74279996	91.80609000
1.74299996	91.80609000
1.74319996	91.80609000
1.74339996	91.80609000
1.74359996	91.80609000
1.74379996	91.80609000
1.74399996	91.80609000
1.74419996	91.80609000
1.74439996	91.80609000
1.74459996	91.80609000
1.74479996	91.80609000
1.74499996	91.80609000
1.74519996	91.80609000
1.74539996	91.80609000
1.74559996	91.80609000
1.74579996	91.80609000
1.74599996	91.80609000
1.74619996	91.80609000
1.74639996	91.80609000
1.74659996	91.80609000
1.74679996	91.80609000
1.74699996	91.80609000
1.74719996	91.80609000
1.74739996	91.80609000
1.74759996	91.80609000
1.74779996	91.80609000
1.74799996	91.80609000
1.74819996	91.80609000
1.74839996	91.80609000
1.74859996	91.80609000
1.74879996	91.80609000
1.74899996	91.80609000
1.74919996	91.80609000
1.74939996	91.80609000
1.74959996	91.80609000
1.74979996	91.80609000
1.74999996	91.80609000
1.75019996	91.80609000
1.75039996	91.80609000
1.75059996	91.80609000
1.75079996	91.80609000
1.75099996	91.80609000
1.75119996	91.80609000
1.75139996	91.80609000
1.75159996	91.80609000
1.75179996	91.80609000
1.75199996	91.80609000
1.75219996	91.80609000
1.75239996	91.80609000
1.75259996	91.80609000
1.75279996	89.93602000
1.75299996	89.93602000
1.75319996	89.93602000
1.75339996	91.80609000
1.75359996	89.93602000
1.75379996	89.93602000
1.75399996	89.93602000
1.75419996	91.80609000
1.75439996	89.93602000
1.75459996	89.93602000
1.75479996	89.93602000
1.75499996	89.93602000
1.75519996	89.93602000
1.75539996	89.93602000
1.75559996	89.93602000
1.75579996	89.93602000
1.75599996	89.93602000
1.75619996	89.93602000
1.75639996	89.93602000
1.75659996	89.93602000
1.75679996	89.93602000
1.75699996	89.93602000
1.75719996	89.93602000
1.75739996	89.93602000
1.75759996	89.93602000
1.75779996	89.93602000
1.75799996	89.93602000
1.75819996	89.93602000
1.75839996	89.93602000
1.75859996	89.93602000
1.75879996	89.93602000
1.75899996	89.93602000
1.75919996	89.93602000
1.75939996	89.93602000
1.75959996	89.93602000
1.75979996	89.93602000
1.75999996	89.93602000
1.76019996	89.93602000
1.76039996	89.93602000
1.76059996	89.93602000
1.76079996	89.93602000
1.76099996	89.93602000
1.76119996	89.93602000
1.76139996	89.93602000
1.76159996	89.93602000
1.76179996	89.93602000
1.76199996	89.93602000
1.76219996	89.93602000
1.76239996	89.93602000
1.76259996	89.93602000
1.76279996	89.93602000
1.76299996	89.93602000
1.76319996	89.93602000
1.76339996	89.93602000
1.76359996	89.93602000
1.76379996	89.93602000
1.76399996	89.93602000
1.76419996	89.93602000
1.76439996	89.93602000
1.76459996	89.93602000
1.76479996	89.93602000
1.76499996	89.93602000
1.76519996	89.93602000
1.76539996	89.93602000
1.76559996	89.93602000
1.76579996	89.93602000
1.76599996	89.93602000
1.76619996	89.93602000
1.76639996	89.93602000
1.76659996	89.93602000
1.76679996	89.93602000
1.76699996	89.93602000
1.76719996	89.93602000
1.76739996	89.93602000
1.76759996	88.05978000
1.76779996	88.05978000
1.76799996	88.05978000
1.76819996	88.05978000
1.76839996	88.05978000
1.76859996	88.05978000
1.76879996	88.05978000
1.76899996	88.05978000
1.76919996	88.05978000
1.76939996	88.05978000
1.76959996	88.05978000
1.76979996	88.05978000
1.76999996	88.05978000
1.77019996	88.05978000
1.77039996	88.05978000
1.77059996	88.05978000
1.77079996	86.18356000
1.77099996	86.18356000
1.77119996	88.05978000
1.77139996	86.18356000
1.77159996	86.18356000
1.77179996	86.18356000
1.77199996	86.18356000
1.77219996	86.18356000
1.77239996	86.18356000
1.77259996	86.18356000
1.77279996	86.18356000
1.77299996	86.18356000
1.77319996	86.18356000
1.77339996	86.18356000
1.77359996	86.18356000
1.77379996	86.18356000
1.77399996	86.18356000
1.77419996	86.18356000
1.77439996	86.18356000
1.77459996	86.18356000
1.77479996	86.18356000
1.77499996	86.18356000
1.77519996	86.18356000
1.77539996	86.18356000
1.77559996	86.18356000
1.77579996	86.18356000
1.77599996	86.18356000
1.77619996	86.18356000
1.77639996	86.18356000
1.77659996	86.18356000
1.77679996	86.18356000
1.77699996	86.18356000
1.77719996	86.18356000
1.77739996	86.18356000
1.77759996	86.18356000
1.77779996	86.18356000
1.77799996	86.18356000
1.77819996	86.18356000
1.77839996	86.18356000
1.77859996	86.18356000
1.77879996	86.18356000
1.77899996	86.18356000
1.77919996	86.18356000
1.77939996	86.18356000
1.77959996	86.18356000
1.77979996	86.18356000
1.77999996	86.18356000
1.78019996	86.18356000
1.78039996	86.18356000
1.78059996	86.18356000
1.78079996	86.18356000
1.78099996	86.18356000
1.78119996	86.18356000
1.78139995	86.18356000
1.78159995	86.18356000
1.78179995	86.18356000
1.78199995	86.18356000
1.78219995	86.18356000
1.78239995	86.18356000
1.78259995	86.18356000
1.78279995	86.18356000
1.78299995	86.18356000
1.78319995	86.18356000
1.78339995	86.18356000
1.78359995	86.18356000
1.78379995	86.18356000
1.78399995	84.31348000
1.78419995	86.18356000
1.78439995	86.18356000
1.78459995	84.31348000
1.78479995	84.31348000
1.78499995	84.31348000
1.78519995	84.31348000
1.78539995	84.31348000
1.78559995	84.31348000
1.78579995	84.31348000
1.78599995	84.31348000
1.78619995	84.31348000
1.78639995	82.43725000
1.78659995	84.31348000
1.78679995	84.31348000
1.78699995	82.43725000
1.78719995	82.43725000
1.78739995	82.43725000
1.78759995	82.43725000
1.78779995	82.43725000
1.78799995	82.43725000
1.78819995	82.43725000
1.78839995	82.43725000
1.78859995	82.43725000
1.78879995	82.43725000
1.78899995	82.43725000
1.78919995	82.43725000
1.78939995	82.43725000
1.78959995	82.43725000
1.78979995	82.43725000
1.78999995	80.56717000
1.79019995	80.56717000
1.79039995	80.56717000
1.79059995	80.56717000
1.79079995	80.56717000
1.79099995	80.56717000
1.79119995	80.56717000
1.79139995	80.56717000
1.79159995	80.56717000
1.79179995	80.56717000
1.79199995	80.56717000
1.79219995	80.56717000
1.79239995	80.56717000
1.79259995	80.56717000
1.79279995	80.56717000
1.79299995	80.56717000
1.79319995	80.56717000
1.79339995	80.56717000
1.79359995	80.56717000
1.79379995	80.56717000
1.79399995	80.56717000
1.79419995	80.56717000
1.79439995	80.56717000
1.79459995	80.56717000
1.79479995	80.56717000
1.79499995	80.56717000
1.79519995	80.56717000
1.79539995	80.56717000
1.79559995	80.56717000
1.79579995	80.56717000
1.79599995	80.56717000
1.79619995	80.56717000
1.79639995	80.56717000
1.79659995	80.56717000
1.79679995	80.56717000
1.79699995	80.56717000
1.79719995	80.56717000
1.79739995	80.56717000
1.79759995	80.56717000
1.79779995	80.56717000
1.79799995	80.56717000
1.79819995	80.56717000
1.79839995	80.56717000
1.79859995	80.56717000
1.79879995	80.56717000
1.79899995	80.56717000
1.79919995	80.56717000
1.79939995	80.56717000
1.79959995	80.56717000
1.79979995	80.56717000
1.79999995	80.56717000
1.80019995	80.56717000
1.80039995	80.56717000
1.80059995	80.56717000
1.80079995	78.69094000
1.80099995	78.69094000
1.80119995	78.69094000
1.80139995	78.69094000
1.80159995	78.69094000
1.80179995	78.69094000
1.80199995	78.69094000
1.80219995	78.69094000
1.80239995	78.69094000
1.80259995	78.69094000
1.80279995	78.69094000
1.80299995	78.69094000
1.80319995	78.69094000
1.80339995	78.69094000
1.80359995	76.82086000
1.80379995	76.82086000
1.80399995	76.82086000
1.80419995	76.82086000
1.80439995	76.82086000
1.80459995	76.82086000
1.80479995	76.82086000
1.80499995	76.82086000
1.80519995	76.82086000
1.80539995	74.94463000
1.80559995	74.94463000
1.80579995	74.94463000
1.80599995	74.94463000
1.80619995	74.94463000
1.80639995	74.94463000
1.80659995	74.94463000
1.80679995	74.94463000
1.80699995	74.94463000
1.80719995	74.94463000
1.80739995	73.06840000
1.80759995	73.06840000
1.80779995	73.06840000
1.80799995	73.06840000
1.80819995	73.06840000
1.80839995	73.06840000
1.80859995	73.06840000
1.80879995	73.06840000
1.80899995	73.06840000
1.80919995	73.06840000
1.80939995	73.06840000
1.80959995	73.06840000
1.80979995	73.06840000
1.80999995	73.06840000
1.81019995	73.06840000
1.81039995	73.06840000
1.81059995	73.06840000
1.81079995	73.06840000
1.81099995	73.06840000
1.81119995	73.06840000
1.81139995	73.06840000
1.81159995	73.06840000
1.81179995	73.06840000
1.81199995	73.06840000
1.81219995	73.06840000
1.81239995	73.06840000
1.81259995	73.06840000
1.81279995	73.06840000
1.81299995	73.06840000
1.81319995	73.06840000
1.81339995	73.06840000
1.81359995	73.06840000
1.81379995	73.06840000
1.81399995	73.06840000
1.81419995	73.06840000
1.81439995	73.06840000
1.81459995	73.06840000
1.81479995	73.06840000
1.81499995	73.06840000
1.81519995	73.06840000
1.81539995	73.06840000
1.81559995	73.06840000
1.81579995	73.06840000
1.81599995	73.06840000
1.81619995	73.06840000
1.81639995	73.06840000
1.81659995	73.06840000
1.81679995	73.06840000
1.81699995	73.06840000
1.81719995	73.06840000
1.81739995	73.06840000
1.81759995	71.19833000
1.81779995	71.19833000
1.81799995	71.19833000
1.81819995	71.19833000
1.81839995	71.19833000
1.81859995	71.19833000
1.81879995	71.19833000
1.81899995	71.19833000
1.81919995	71.19833000
1.81939995	71.19833000
1.81959995	71.19833000
1.81979995	71.19833000
1.81999995	71.19833000
1.82019995	71.19833000
1.82039995	69.32209000
1.82059995	69.32209000
1.82079995	69.32209000
1.82099995	69.32209000
1.82119995	69.32209000
1.82139995	69.32209000
1.82159995	69.32209000
1.82179995	69.32209000
1.82199995	67.45202000
1.82219995	67.45202000
1.82239995	67.45202000
1.82259995	67.45202000
1.82279995	67.45202000
1.82299995	67.45202000
1.82319995	67.45202000
1.82339995	67.45202000
1.82359995	67.45202000
1.82379995	67.45202000
1.82399995	67.45202000
1.82419995	65.57578000
1.82439995	65.57578000
1.82459995	65.57578000
1.82479995	65.57578000
1.82499995	65.57578000
1.82519995	65.57578000
1.82539995	65.57578000
1.82559995	65.57578000
1.82579995	65.57578000
1.82599995	65.57578000
1.82619995	65.57578000
1.82639995	65.57578000
1.82659995	65.57578000
1.82679995	65.57578000
1.82699995	65.57578000
1.82719995	65.57578000
1.82739995	63.69955000
1.82759995	63.69955000
1.82779995	63.69955000
1.82799995	63.69955000
1.82819995	63.69955000
1.82839995	63.69955000
1.82859995	63.69955000
1.82879995	63.69955000
1.82899995	63.69955000
1.82919995	63.69955000
1.82939995	63.69955000
1.82959995	63.69955000
1.82979995	63.69955000
1.82999995	63.69955000
1.83019995	63.69955000
1.83039995	63.69955000
1.83059995	63.69955000
1.83079995	63.69955000
1.83099995	63.69955000
1.83119995	63.69955000
1.83139995	63.69955000
1.83159995	63.69955000
1.83179995	63.69955000
1.83199995	63.69955000
1.83219995	63.69955000
1.83239995	63.69955000
1.83259995	63.69955000
1.83279995	63.69955000
1.83299995	63.69955000
1.83319995	63.69955000
1.83339995	65.57578000
1.83359995	63.69955000
1.83379995	63.69955000
1.83399995	63.69955000
1.83419995	63.69955000
1.83439995	63.69955000
1.83459995	63.69955000
1.83479995	63.69955000
1.83499995	63.69955000
1.83519995	63.69955000
1.83539995	63.69955000
1.83559995	63.69955000
1.83579995	63.69955000
1.83599995	63.69955000
1.83619995	63.69955000
1.83639995	63.69955000
1.83659995	63.69955000
1.83679995	63.69955000
1.83699995	63.69955000
1.83719995	63.69955000
1.83739995	61.82948000
1.83759995	61.82948000
1.83779995	61.82948000
1.83799995	61.82948000
1.83819995	61.82948000
1.83839995	61.82948000
1.83859995	59.95324000
1.83879995	59.95324000
1.83899995	59.95324000
1.83919995	59.95324000
1.83939995	59.95324000
1.83959995	59.95324000
1.83979995	59.95324000
1.83999995	59.95324000
1.84019995	59.95324000
1.84039995	59.95324000
1.84059995	58.08316000
1.84079995	58.08316000
1.84099995	58.08316000
1.84119995	58.08316000
1.84139995	58.08316000
1.84159995	58.08316000
1.84179995	58.08316000
1.84199995	58.08316000
1.84219995	58.08316000
1.84239995	58.08316000
1.84259995	58.08316000
1.84279995	58.08316000
1.84299995	58.08316000
1.84319995	58.08316000
1.84339995	58.08316000
1.84359995	58.08316000
1.84379995	58.08316000
1.84399995	58.08316000
1.84419995	58.08316000
1.84439995	58.08316000
1.84459995	58.08316000
1.84479995	58.08316000
1.84499995	58.08316000
1.84519995	58.08316000
1.84539995	58.08316000
1.84559995	58.08316000
1.84579995	58.08316000
1.84599995	58.08316000
1.84619995	58.08316000
1.84639995	58.08316000
1.84659995	58.08316000
1.84679995	58.08316000
1.84699995	58.08316000
1.84719995	58.08316000
1.84739995	58.08316000
1.84759995	58.08316000
1.84779995	58.08316000
1.84799995	58.08316000
1.84819995	58.08316000
1.84839995	58.08316000
1.84859995	58.08316000
1.84879995	58.08316000
1.84899995	58.08316000
1.84919995	58.08316000
1.84939995	58.08316000
1.84959995	58.08316000
1.84979995	58.08316000
1.84999995	58.08316000
1.85019995	58.08316000
1.85039995	58.08316000
1.85059995	58.08316000
1.85079995	58.08316000
1.85099995	58.08316000
1.85119995	58.08316000
1.85139995	58.08316000
1.85159995	58.08316000
1.85179995	58.08316000
1.85199995	58.08316000
1.85219995	58.08316000
1.85239995	58.08316000
1.85259995	58.08316000
1.85279995	58.08316000
1.85299995	58.08316000
1.85319995	58.08316000
1.85339995	58.08316000
1.85359995	58.08316000
1.85379995	58.08316000
1.85399995	58.08316000
1.85419995	58.08316000
1.85439995	58.08316000
1.85459995	59.95324000
1.85479995	59.95324000
1.85499995	58.08316000
1.85519995	59.95324000
1.85539995	58.08316000
1.85559995	59.95324000
1.85579995	59.95324000
1.85599995	59.95324000
1.85619995	59.95324000
1.85639995	59.95324000
1.85659995	59.95324000
1.85679995	59.95324000
1.85699995	59.95324000
1.85719995	59.95324000
1.85739995	59.95324000
1.85759995	59.95324000
1.85779995	59.95324000
1.85799995	59.95324000
1.85819995	59.95324000
1.85839995	59.95324000
1.85859995	59.95324000
1.85879995	59.95324000
1.85899995	59.95324000
1.85919995	61.82948000
1.85939995	61.82948000
1.85959995	61.82948000
1.85979995	61.82948000
1.85999995	61.82948000
1.86019995	61.82948000
1.86039995	61.82948000
1.86059995	61.82948000
1.86079995	61.82948000
1.86099995	61.82948000
1.86119995	61.82948000
1.86139995	61.82948000
1.86159995	61.82948000
1.86179995	61.82948000
1.86199995	61.82948000
1.86219995	63.69955000
1.86239995	63.69955000
1.86259995	63.69955000
1.86279995	63.69955000
1.86299995	63.69955000
1.86319995	63.69955000
1.86339995	63.69955000
1.86359995	63.69955000
1.86379995	63.69955000
1.86399995	63.69955000
1.86419995	63.69955000
1.86439995	63.69955000
1.86459995	63.69955000
1.86479995	63.69955000
1.86499995	63.69955000
1.86519995	63.69955000
1.86539995	63.69955000
1.86559995	63.69955000
1.86579995	63.69955000
1.86599995	65.57578000
1.86619995	65.57578000
1.86639995	65.57578000
1.86659995	65.57578000
1.86679995	65.57578000
1.86699995	65.57578000
1.86719995	65.57578000
1.86739995	65.57578000
1.86759995	65.57578000
1.86779995	65.57578000
1.86799995	67.45202000
1.86819995	67.45202000
1.86839995	67.45202000
1.86859995	67.45202000
1.86879995	67.45202000
1.86899995	67.45202000
1.86919995	67.45202000
1.86939995	67.45202000
1.86959995	67.45202000
1.86979995	67.45202000
1.86999995	67.45202000
1.87019995	67.45202000
1.87039995	67.45202000
1.87059995	67.45202000
1.87079995	69.32209000
1.87099995	69.32209000
1.87119995	69.32209000
1.87139995	69.32209000
1.87159995	69.32209000
1.87179995	69.32209000
1.87199995	69.32209000
1.87219995	69.32209000
1.87239995	69.32209000
1.87259995	71.19833000
1.87279995	71.19833000
1.87299995	71.19833000
1.87319995	71.19833000
1.87339995	71.19833000
1.87359995	71.19833000
1.87379995	71.19833000
1.87399995	71.19833000
1.87419995	71.19833000
1.87439995	71.19833000
1.87459995	71.19833000
1.87479995	73.06840000
1.87499995	73.06840000
1.87519995	73.06840000
1.87539995	73.06840000
1.87559995	73.06840000
1.87579995	74.94463000
1.87599995	74.94463000
1.87619995	74.94463000
1.87639995	74.94463000
1.87659995	74.94463000
1.87679995	74.94463000
1.87699995	76.82086000
1.87719995	76.82086000
1.87739995	76.82086000
1.87759995	76.82086000
1.87779995	76.82086000
1.87799995	78.69094000
1.87819995	76.82086000
1.87839995	78.69094000
1.87859995	78.69094000
1.87879995	78.69094000
1.87899995	78.69094000
1.87919995	78.69094000
1.87939995	78.69094000
1.87959995	78.69094000
1.87979995	80.56717000
1.87999995	80.56717000
1.88019995	80.56717000
1.88039995	80.56717000
1.88059995	80.56717000
1.88079995	80.56717000
1.88099995	80.56717000
1.88119995	80.56717000
1.88139995	82.43725000
1.88159995	82.43725000
1.88179995	82.43725000
1.88199995	82.43725000
1.88219995	82.43725000
1.88239995	82.43725000
1.88259995	82.43725000
1.88279995	82.43725000
1.88299995	82.43725000
1.88319995	82.43725000
1.88339995	82.43725000
1.88359995	82.43725000
1.88379995	82.43725000
1.88399995	82.43725000
1.88419995	82.43725000
1.88439995	82.43725000
1.88459995	82.43725000
1.88479995	84.31348000
1.88499995	84.31348000
1.88519995	84.31348000
1.88539995	84.31348000
1.88559995	84.31348000
1.88579995	84.31348000
1.88599995	84.31348000
1.88619995	84.31348000
1.88639995	86.18356000
1.88659995	84.31348000
1.88679995	86.18356000
1.88699995	86.18356000
1.88719995	86.18356000
1.88739995	86.18356000
1.88759995	86.18356000
1.88779995	86.18356000
1.88799995	86.18356000
1.88819995	88.05978000
1.88839995	88.05978000
1.88859995	88.05978000
1.88879995	88.05978000
1.88899995	88.05978000
1.88919995	88.05978000
1.88939995	88.05978000
1.88959995	88.05978000
1.88979995	88.05978000
1.88999995	88.05978000
1.89019995	88.05978000
1.89039995	89.93602000
1.89059995	89.93602000
1.89079995	89.93602000
1.89099995	89.93602000
1.89119995	89.93602000
1.89139995	89.93602000
1.89159995	89.93602000
1.89179995	89.93602000
1.89199995	89.93602000
1.89219995	89.93602000
1.89239995	89.93602000
1.89259995	89.93602000
1.89279995	89.93602000
1.89299995	89.93602000
1.89319995	91.80609000
1.89339995	91.80609000
1.89359995	91.80609000
1.89379995	91.80609000
1.89399995	91.80609000
1.89419995	91.80609000
1.89439995	91.80609000
1.89459995	91.80609000
1.89479995	91.80609000
1.89499995	91.80609000
1.89519995	91.80609000
1.89539995	91.80609000
1.89559995	93.68233000
1.89579995	93.68233000
1.89599995	93.68233000
1.89619995	93.68233000
1.89639995	93.68233000
1.89659995	93.68233000
1.89679995	93.68233000
1.89699995	93.68233000
1.89719995	93.68233000
1.89739995	93.68233000
1.89759995	93.68233000
1.89779995	93.68233000
1.89799995	93.68233000
1.89819995	93.68233000
1.89839995	93.68233000
1.89859995	93.68233000
1.89879995	93.68233000
1.89899995	95.55241000
1.89919995	95.55241000
1.89939995	95.55241000
1.89959995	95.55241000
1.89979995	95.55241000
1.89999995	95.55241000
1.90019995	95.55241000
1.90039995	95.55241000
1.90059995	95.55241000
1.90079995	95.55241000
1.90099995	95.55241000
1.90119995	95.55241000
1.90139995	95.55241000
1.90159995	95.55241000
1.90179995	95.55241000
1.90199995	95.55241000
1.90219995	95.55241000
1.90239995	95.55241000
1.90259995	95.55241000
1.90279995	95.55241000
1.90299995	95.55241000
1.90319995	95.55241000
1.90339995	97.42863000
1.90359995	97.42863000
1.90379995	97.42863000
1.90399995	97.42863000
1.90419995	97.42863000
1.90439995	97.42863000
1.90459995	97.42863000
1.90479995	97.42863000
1.90499995	97.42863000
1.90519995	97.42863000
1.90539995	97.42863000
1.90559995	97.42863000
1.90579995	97.42863000
1.90599995	99.30486000
1.90619995	97.42863000
1.90639995	97.42863000
1.90659995	99.30486000
1.90679995	99.30486000
1.90699995	99.30486000
1.90719995	99.30486000
1.90739995	99.30486000
1.90759995	99.30486000
1.90779995	99.30486000
1.90799995	99.30486000
1.90819995	99.30486000
1.90839995	99.30486000
1.90859995	99.30486000
1.90879995	99.30486000
1.90899995	99.30486000
1.90919995	99.30486000
1.90939995	99.30486000
1.90959995	99.30486000
1.90979995	99.30486000
1.90999995	99.30486000
1.91019995	99.30486000
1.91039995	99.30486000
1.91059995	99.30486000
1.91079995	101.17490000
1.91099995	101.17490000
1.91119995	101.17490000
1.91139995	101.17490000
1.91159995	101.17490000
1.91179995	101.17490000
1.91199995	101.17490000
1.91219995	101.17490000
1.91239995	101.17490000
1.91259995	101.17490000
1.91279995	101.17490000
1.91299995	101.17490000
1.91319995	101.17490000
1.91339995	101.17490000
1.91359995	101.17490000
1.91379995	101.17490000
1.91399995	101.17490000
1.91419995	101.17490000
1.91439995	101.17490000
1.91459995	101.17490000
1.91479995	101.17490000
1.91499995	101.17490000
1.91519995	101.17490000
1.91539995	101.17490000
1.91559995	101.17490000
1.91579995	101.17490000
1.91599995	101.17490000
1.91619995	101.17490000
1.91639995	101.17490000
1.91659995	101.17490000
1.91679995	101.17490000
1.91699995	101.17490000
1.91719995	101.17490000
1.91739995	101.17490000
1.91759995	101.17490000
1.91779995	101.17490000
1.91799995	101.17490000
1.91819995	101.17490000
1.91839995	101.17490000
1.91859995	101.17490000
1.91879995	101.17490000
1.91899995	101.17490000
1.91919995	101.17490000
1.91939995	101.17490000
1.91959995	101.17490000
1.91979995	101.17490000
1.91999995	101.17490000
1.92019995	101.17490000
1.92039995	101.17490000
1.92059995	101.17490000
1.92079995	101.17490000
1.92099995	101.17490000
1.92119995	101.17490000
1.92139995	101.17490000
1.92159995	101.17490000
1.92179995	101.17490000
1.92199995	101.17490000
1.92219995	101.17490000
1.92239995	101.17490000
1.92259995	101.17490000
1.92279995	101.17490000
1.92299995	101.17490000
1.92319995	101.17490000
1.92339995	101.17490000
1.92359995	101.17490000
1.92379995	101.17490000
1.92399995	101.17490000
1.92419995	101.17490000
1.92439995	101.17490000
1.92459995	101.17490000
1.92479995	101.17490000
1.92499995	101.17490000
1.92519995	101.17490000
1.92539995	101.17490000
1.92559995	101.17490000
1.92579995	101.17490000
1.92599995	101.17490000
1.92619995	101.17490000
1.92639995	101.17490000
1.92659995	101.17490000
1.92679995	101.17490000
1.92699995	101.17490000
1.92719995	101.17490000
1.92739995	101.17490000
1.92759995	101.17490000
1.92779995	101.17490000
1.92799995	101.17490000
1.92819995	101.17490000
1.92839995	101.17490000
1.92859995	101.17490000
1.92879995	101.17490000
1.92899995	101.17490000
1.92919995	101.17490000
1.92939995	101.17490000
1.92959995	101.17490000
1.92979995	101.17490000
1.92999995	101.17490000
1.93019995	101.17490000
1.93039995	101.17490000
1.93059995	101.17490000
1.93079995	101.17490000
1.93099995	101.17490000
1.93119995	101.17490000
1.93139995	101.17490000
1.93159995	101.17490000
1.93179995	101.17490000
1.93199995	101.17490000
1.93219995	101.17490000
1.93239995	101.17490000
1.93259995	101.17490000
1.93279995	99.30486000
1.93299995	101.17490000
1.93319995	99.30486000
1.93339995	101.17490000
1.93359995	99.30486000
1.93379995	101.17490000
1.93399995	99.30486000
1.93419995	99.30486000
1.93439995	99.30486000
1.93459995	99.30486000
1.93479995	99.30486000
1.93499995	101.17490000
1.93519995	101.17490000
1.93539995	99.30486000
1.93559995	99.30486000
1.93579995	99.30486000
1.93599995	99.30486000
1.93619995	99.30486000
1.93639995	99.30486000
1.93659995	99.30486000
1.93679995	99.30486000
1.93699995	99.30486000
1.93719995	99.30486000
1.93739995	99.30486000
1.93759995	99.30486000
1.93779995	99.30486000
1.93799995	99.30486000
1.93819995	99.30486000
1.93839995	99.30486000
1.93859995	99.30486000
1.93879995	99.30486000
1.93899995	99.30486000
1.93919995	99.30486000
1.93939995	99.30486000
1.93959995	99.30486000
1.93979995	99.30486000
1.93999995	99.30486000
1.94019995	99.30486000
1.94039995	99.30486000
1.94059995	99.30486000
1.94079995	99.30486000
1.94099995	97.42863000
1.94119995	97.42863000
1.94139995	97.42863000
1.94159995	97.42863000
1.94179995	97.42863000
1.94199995	97.42863000
1.94219995	97.42863000
1.94239995	97.42863000
1.94259995	97.42863000
1.94279995	97.42863000
1.94299995	97.42863000
1.94319995	97.42863000
1.94339995	97.42863000
1.94359995	97.42863000
1.94379995	97.42863000
1.94399995	97.42863000
1.94419995	97.42863000
1.94439995	97.42863000
1.94459995	95.55241000
1.94479995	95.55241000
1.94499995	95.55241000
1.94519995	95.55241000
1.94539995	95.55241000
1.94559995	95.55241000
1.94579995	95.55241000
1.94599995	95.55241000
1.94619995	95.55241000
1.94639995	95.55241000
1.94659995	95.55241000
1.94679995	93.68233000
1.94699995	93.68233000
1.94719995	93.68233000
1.94739995	93.68233000
1.94759995	93.68233000
1.94779995	93.68233000
1.94799995	93.68233000
1.94819995	93.68233000
1.94839995	93.68233000
1.94859995	93.68233000
1.94879995	91.80609000
1.94899995	91.80609000
1.94919995	91.80609000
1.94939995	91.80609000
1.94959995	91.80609000
1.94979995	91.80609000
1.94999995	91.80609000
1.95019995	91.80609000
1.95039995	91.80609000
1.95059995	91.80609000
1.95079995	91.80609000
1.95099995	91.80609000
1.95119995	91.80609000
1.95139995	91.80609000
1.95159995	91.80609000
1.95179995	91.80609000
1.95199995	91.80609000
1.95219995	89.93602000
1.95239995	89.93602000
1.95259995	89.93602000
1.95279995	89.93602000
1.95299995	89.93602000
1.95319995	89.93602000
1.95339995	89.93602000
1.95359995	89.93602000
1.95379995	89.93602000
1.95399995	89.93602000
1.95419995	89.93602000
1.95439995	89.93602000
1.95459995	89.93602000
1.95479995	89.93602000
1.95499995	89.93602000
1.95519995	89.93602000
1.95539995	89.93602000
1.95559995	89.93602000
1.95579995	89.93602000
1.95599995	89.93602000
1.95619995	89.93602000
1.95639995	89.93602000
1.95659995	89.93602000
1.95679995	89.93602000
1.95699995	89.93602000
1.95719995	89.93602000
1.95739995	89.93602000
1.95759995	89.93602000
1.95779995	89.93602000
1.95799995	89.93602000
1.95819995	89.93602000
1.95839995	89.93602000
1.95859995	88.05978000
1.95879995	88.05978000
1.95899995	88.05978000
1.95919995	88.05978000
1.95939995	88.05978000
1.95959995	88.05978000
1.95979995	88.05978000
1.95999995	88.05978000
1.96019995	88.05978000
1.96039995	88.05978000
1.96059995	88.05978000
1.96079995	88.05978000
1.96099995	88.05978000
1.96119995	88.05978000
1.96139995	86.18356000
1.96159995	86.18356000
1.96179995	86.18356000
1.96199995	86.18356000
1.96219995	86.18356000
1.96239995	86.18356000
1.96259995	86.18356000
1.96279995	86.18356000
1.96299995	86.18356000
1.96319995	84.31348000
1.96339995	84.31348000
1.96359995	84.31348000
1.96379995	84.31348000
1.96399995	84.31348000
1.96419995	84.31348000
1.96439995	84.31348000
1.96459995	84.31348000
1.96479995	82.43725000
1.96499995	82.43725000
1.96519995	82.43725000
1.96539995	82.43725000
1.96559995	82.43725000
1.96579995	80.56717000
1.96599995	80.56717000
1.96619995	80.56717000
1.96639995	80.56717000
1.96659995	80.56717000
1.96679995	80.56717000
1.96699995	80.56717000
1.96719995	78.69094000
1.96739995	78.69094000
1.96759995	78.69094000
1.96779995	78.69094000
1.96799995	78.69094000
1.96819995	76.82086000
1.96839995	76.82086000
1.96859995	76.82086000
1.96879995	76.82086000
1.96899995	76.82086000
1.96919995	76.82086000
1.96939995	76.82086000
1.96959995	76.82086000
1.96979995	76.82086000
1.96999995	76.82086000
1.97019995	76.82086000
1.97039995	74.94463000
1.97059995	74.94463000
1.97079995	74.94463000
1.97099995	74.94463000
1.97119995	74.94463000
1.97139995	74.94463000
1.97159995	74.94463000
1.97179995	74.94463000
1.97199995	74.94463000
1.97219995	74.94463000
1.97239995	74.94463000
1.97259995	74.94463000
1.97279995	74.94463000
1.97299995	74.94463000
1.97319995	74.94463000
1.97339995	74.94463000
1.97359995	74.94463000
1.97379995	74.94463000
1.97399995	74.94463000
1.97419995	74.94463000
1.97439995	74.94463000
1.97459995	74.94463000
1.97479995	74.94463000
1.97499995	74.94463000
1.97519995	74.94463000
1.97539995	74.94463000
1.97559995	74.94463000
1.97579995	74.94463000
1.97599995	74.94463000
1.97619995	74.94463000
1.97639995	74.94463000
1.97659995	74.94463000
1.97679995	74.94463000
1.97699995	74.94463000
1.97719995	74.94463000
1.97739995	73.06840000
1.97759995	74.94463000
1.97779995	73.06840000
1.97799995	73.06840000
1.97819995	73.06840000
1.97839995	73.06840000
1.97859995	73.06840000
1.97879995	73.06840000
1.97899995	73.06840000
1.97919995	73.06840000
1.97939995	73.06840000
1.97959995	73.06840000
1.97979995	73.06840000
1.97999995	73.06840000
1.98019995	73.06840000
1.98039995	73.06840000
1.98059995	73.06840000
1.98079995	73.06840000
1.98099995	71.19833000
1.98119995	71.19833000
1.98139995	71.19833000
1.98159995	71.19833000
1.98179995	71.19833000
1.98199995	71.19833000
1.98219995	71.19833000
1.98239995	71.19833000
1.98259995	71.19833000
1.98279995	71.19833000
1.98299995	71.19833000
1.98319995	71.19833000
1.98339995	69.32209000
1.98359995	69.32209000
1.98379995	69.32209000
1.98399995	69.32209000
1.98419995	69.32209000
1.98439995	69.32209000
1.98459995	67.45202000
1.98479995	67.45202000
1.98499995	67.45202000
1.98519995	67.45202000
1.98539995	67.45202000
1.98559995	67.45202000
1.98579995	67.45202000
1.98599995	67.45202000
1.98619995	65.57578000
1.98639995	65.57578000
1.98659995	65.57578000
1.98679995	65.57578000
1.98699995	65.57578000
1.98719995	65.57578000
1.98739995	65.57578000
1.98759995	65.57578000
1.98779995	65.57578000
1.98799995	63.69955000
1.98819995	63.69955000
1.98839995	63.69955000
1.98859995	63.69955000
1.98879995	63.69955000
1.98899995	63.69955000
1.98919995	63.69955000
1.98939995	63.69955000
1.98959995	61.82948000
1.98979995	61.82948000
1.98999995	61.82948000
1.99019995	61.82948000
1.99039995	61.82948000
1.99059995	61.82948000
1.99079995	61.82948000
1.99099995	61.82948000
1.99119995	61.82948000
1.99139995	61.82948000
1.99159995	61.82948000
1.99179995	61.82948000
1.99199995	61.82948000
1.99219995	61.82948000
1.99239995	61.82948000
1.99259995	61.82948000
1.99279995	61.82948000
1.99299995	61.82948000
1.99319995	61.82948000
1.99339995	61.82948000
1.99359995	61.82948000
1.99379995	63.69955000
1.99399995	61.82948000
1.99419995	61.82948000
1.99439995	61.82948000
1.99459995	61.82948000
1.99479995	61.82948000
1.99499995	61.82948000
1.99519995	63.69955000
1.99539995	63.69955000
1.99559995	63.69955000
1.99579995	63.69955000
1.99599995	61.82948000
1.99619995	61.82948000
1.99639995	63.69955000
1.99659995	63.69955000
1.99679995	63.69955000
1.99699995	63.69955000
1.99719995	63.69955000
1.99739995	61.82948000
1.99759995	63.69955000
1.99779995	61.82948000
1.99799995	61.82948000
1.99819995	61.82948000
1.99839995	63.69955000
1.99859995	63.69955000
1.99879995	63.69955000
1.99899995	63.69955000
1.99919995	63.69955000
1.99939995	63.69955000
1.99959995	63.69955000
1.99979995	61.82948000
1.99999995	63.69955000
2.00019995	61.82948000
2.00039995	63.69955000
2.00059995	63.69955000
2.00079995	61.82948000
2.00099995	63.69955000
2.00119995	61.82948000
2.00139995	61.82948000
2.00159995	63.69955000
2.00179995	63.69955000
2.00199995	63.69955000
2.00219995	63.69955000
2.00239995	63.69955000
2.00259995	63.69955000
2.00279995	63.69955000
2.00299995	63.69955000
2.00319995	63.69955000
2.00339995	63.69955000
2.00359995	63.69955000
2.00379995	63.69955000
2.00399995	63.69955000
2.00419995	63.69955000
2.00439995	63.69955000
2.00459995	63.69955000
2.00479995	63.69955000
2.00499995	63.69955000
2.00519995	63.69955000
2.00539995	61.82948000
2.00559995	61.82948000
2.00579995	61.82948000
2.00599995	61.82948000
2.00619995	61.82948000
2.00639995	61.82948000
2.00659995	61.82948000
2.00679995	61.82948000
2.00699995	61.82948000
2.00719995	61.82948000
2.00739995	61.82948000
2.00759995	61.82948000
2.00779995	61.82948000
2.00799995	61.82948000
2.00819995	61.82948000
2.00839995	61.82948000
2.00859995	61.82948000
2.00879995	61.82948000
2.00899995	61.82948000
2.00919995	61.82948000
2.00939995	61.82948000
2.00959995	59.95324000
2.00979995	61.82948000
2.00999995	59.95324000
2.01019995	61.82948000
2.01039995	59.95324000
2.01059995	59.95324000
2.01079995	59.95324000
2.01099995	59.95324000
2.01119995	59.95324000
2.01139995	59.95324000
2.01159995	59.95324000
2.01179995	59.95324000
2.01199995	59.95324000
2.01219995	59.95324000
2.01239995	59.95324000
2.01259995	59.95324000
2.01279995	59.95324000
2.01299995	59.95324000
2.01319995	59.95324000
2.01339995	59.95324000
2.01359995	59.95324000
2.01379995	59.95324000
2.01399995	59.95324000
2.01419995	59.95324000
2.01439995	59.95324000
2.01459995	59.95324000
2.01479995	59.95324000
2.01499995	59.95324000
2.01519995	59.95324000
2.01539995	59.95324000
2.01559995	59.95324000
2.01579995	59.95324000
2.01599995	59.95324000
2.01619995	59.95324000
2.01639995	59.95324000
2.01659995	59.95324000
2.01679995	59.95324000
2.01699995	59.95324000
2.01719995	59.95324000
2.01739995	59.95324000
2.01759995	59.95324000
2.01779995	61.82948000
2.01799995	61.82948000
2.01819995	61.82948000
2.01839995	61.82948000
2.01859995	61.82948000
2.01879995	61.82948000
2.01899995	61.82948000
2.01919995	61.82948000
2.01939995	61.82948000
2.01959995	61.82948000
2.01979995	61.82948000
2.01999995	61.82948000
2.02019995	61.82948000
2.02039995	61.82948000
2.02059995	61.82948000
2.02079995	61.82948000
2.02099995	61.82948000
2.02119995	61.82948000
2.02139995	61.82948000
2.02159995	61.82948000
2.02179995	61.82948000
2.02199995	61.82948000
2.02219995	61.82948000
2.02239995	61.82948000
2.02259995	61.82948000
2.02279995	61.82948000
2.02299995	61.82948000
2.02319995	61.82948000
2.02339995	63.69955000
2.02359995	61.82948000
2.02379995	61.82948000
2.02399995	61.82948000
2.02419995	61.82948000
2.02439995	61.82948000
2.02459995	61.82948000
2.02479995	61.82948000
2.02499995	61.82948000
2.02519995	61.82948000
2.02539995	61.82948000
2.02559995	61.82948000
2.02579995	61.82948000
2.02599995	61.82948000
2.02619995	61.82948000
2.02639995	61.82948000
2.02659995	61.82948000
2.02679995	61.82948000
2.02699995	61.82948000
2.02719995	61.82948000
2.02739995	61.82948000
2.02759995	61.82948000
2.02779995	61.82948000
2.02799995	61.82948000
2.02819995	61.82948000
2.02839995	61.82948000
2.02859995	61.82948000
2.02879995	61.82948000
2.02899995	61.82948000
2.02919995	61.82948000
2.02939995	61.82948000
2.02959995	61.82948000
2.02979995	61.82948000
2.02999995	61.82948000
2.03019995	61.82948000
2.03039995	61.82948000
2.03059995	61.82948000
2.03079995	61.82948000
2.03099995	61.82948000
2.03119995	61.82948000
2.03139995	61.82948000
2.03159995	61.82948000
2.03179995	61.82948000
2.03199995	61.82948000
2.03219995	61.82948000
2.03239995	61.82948000
2.03259995	61.82948000
2.03279995	61.82948000
2.03299995	61.82948000
2.03319995	61.82948000
2.03339995	61.82948000
2.03359995	61.82948000
2.03379995	61.82948000
2.03399995	61.82948000
2.03419995	63.69955000
2.03439995	63.69955000
2.03459995	63.69955000
2.03479995	63.69955000
2.03499995	63.69955000
2.03519995	63.69955000
2.03539995	61.82948000
2.03559995	63.69955000
2.03579995	63.69955000
2.03599995	63.69955000
2.03619995	63.69955000
2.03639995	63.69955000
2.03659995	63.69955000
2.03679995	63.69955000
2.03699995	63.69955000
2.03719995	63.69955000
2.03739995	63.69955000
2.03759995	63.69955000
2.03779995	63.69955000
2.03799995	63.69955000
2.03819995	63.69955000
2.03839995	63.69955000
2.03859995	63.69955000
2.03879995	63.69955000
2.03899995	63.69955000
2.03919995	63.69955000
2.03939995	63.69955000
2.03959995	63.69955000
2.03979995	63.69955000
2.03999995	63.69955000
2.04019995	63.69955000
2.04039995	63.69955000
2.04059995	63.69955000
2.04079995	63.69955000
2.04099995	63.69955000
2.04119995	63.69955000
2.04139995	63.69955000
2.04159995	63.69955000
2.04179995	63.69955000
2.04199995	63.69955000
2.04219995	63.69955000
2.04239995	65.57578000
2.04259995	65.57578000
2.04279995	65.57578000
2.04299995	65.57578000
2.04319995	65.57578000
2.04339995	65.57578000
2.04359995	65.57578000
2.04379995	65.57578000
2.04399995	65.57578000
2.04419995	65.57578000
2.04439995	65.57578000
2.04459995	65.57578000
2.04479995	65.57578000
2.04499995	67.45202000
2.04519995	65.57578000
2.04539995	67.45202000
2.04559995	67.45202000
2.04579995	65.57578000
2.04599995	65.57578000
2.04619995	67.45202000
2.04639995	65.57578000
2.04659995	65.57578000
2.04679995	65.57578000
2.04699995	65.57578000
2.04719995	65.57578000
2.04739995	65.57578000
2.04759995	65.57578000
2.04779995	65.57578000
2.04799995	65.57578000
2.04819995	65.57578000
2.04839995	65.57578000
2.04859995	65.57578000
2.04879995	65.57578000
2.04899995	65.57578000
2.04919995	65.57578000
2.04939995	65.57578000
2.04959995	65.57578000
2.04979995	65.57578000
2.04999995	65.57578000
2.05019995	65.57578000
2.05039995	65.57578000
2.05059995	65.57578000
2.05079995	65.57578000
2.05099995	65.57578000
2.05119995	65.57578000
2.05139995	65.57578000
2.05159995	65.57578000
2.05179995	65.57578000
2.05199995	65.57578000
2.05219995	65.57578000
2.05239995	65.57578000
2.05259995	65.57578000
2.05279995	65.57578000
2.05299995	65.57578000
2.05319995	65.57578000
2.05339995	65.57578000
2.05359995	65.57578000
2.05379995	65.57578000
2.05399995	65.57578000
2.05419995	65.57578000
2.05439995	65.57578000
2.05459995	65.57578000
2.05479995	65.57578000
2.05499995	65.57578000
2.05519995	65.57578000
2.05539995	65.57578000
2.05559995	65.57578000
2.05579995	67.45202000
2.05599995	67.45202000
2.05619995	65.57578000
2.05639995	65.57578000
2.05659995	65.57578000
2.05679995	65.57578000
2.05699995	65.57578000
2.05719995	65.57578000
2.05739995	67.45202000
2.05759995	67.45202000
2.05779995	67.45202000
2.05799995	65.57578000
2.05819995	67.45202000
2.05839995	65.57578000
2.05859995	67.45202000
2.05879995	67.45202000
2.05899995	65.57578000
2.05919995	67.45202000
2.05939995	67.45202000
2.05959995	67.45202000
2.05979995	67.45202000
2.05999995	67.45202000
2.06019995	67.45202000
2.06039995	67.45202000
2.06059995	67.45202000
2.06079995	67.45202000
2.06099995	67.45202000
2.06119995	67.45202000
2.06139995	67.45202000
2.06159995	67.45202000
2.06179995	69.32209000
2.06199995	69.32209000
2.06219995	69.32209000
2.06239995	69.32209000
2.06259995	69.32209000
2.06279995	69.32209000
2.06299995	69.32209000
2.06319995	69.32209000
2.06339995	69.32209000
2.06359995	69.32209000
2.06379995	69.32209000
2.06399995	69.32209000
2.06419995	69.32209000
2.06439995	69.32209000
2.06459995	69.32209000
2.06479995	69.32209000
2.06499995	69.32209000
2.06519995	69.32209000
2.06539995	69.32209000
2.06559995	69.32209000
2.06579995	69.32209000
2.06599995	69.32209000
2.06619995	69.32209000
2.06639995	69.32209000
2.06659995	69.32209000
2.06679995	69.32209000
2.06699995	69.32209000
2.06719995	69.32209000
2.06739995	69.32209000
2.06759995	69.32209000
2.06779995	69.32209000
2.06799995	69.32209000
2.06819995	69.32209000
2.06839995	69.32209000
2.06859995	69.32209000
2.06879995	69.32209000
2.06899995	69.32209000
2.06919995	69.32209000
2.06939995	69.32209000
2.06959995	69.32209000
2.06979995	67.45202000
2.06999995	69.32209000
2.07019995	69.32209000
2.07039995	67.45202000
2.07059995	69.32209000
2.07079995	69.32209000
2.07099995	67.45202000
2.07119995	67.45202000
2.07139995	69.32209000
2.07159995	67.45202000
2.07179995	67.45202000
2.07199995	67.45202000
2.07219995	67.45202000
2.07239995	67.45202000
2.07259995	67.45202000
2.07279995	67.45202000
2.07299995	67.45202000
2.07319995	67.45202000
2.07339995	67.45202000
2.07359995	67.45202000
2.07379995	67.45202000
2.07399995	67.45202000
2.07419995	67.45202000
2.07439995	67.45202000
2.07459995	67.45202000
2.07479995	67.45202000
2.07499995	67.45202000
2.07519995	67.45202000
2.07539995	67.45202000
2.07559995	67.45202000
2.07579995	67.45202000
2.07599995	67.45202000
2.07619995	67.45202000
2.07639995	67.45202000
2.07659995	67.45202000
2.07679995	67.45202000
2.07699995	67.45202000
2.07719995	67.45202000
2.07739995	67.45202000
2.07759995	67.45202000
2.07779995	67.45202000
2.07799995	67.45202000
2.07819995	67.45202000
2.07839995	67.45202000
2.07859995	67.45202000
2.07879995	67.45202000
2.07899995	67.45202000
2.07919995	67.45202000
2.07939995	67.45202000
2.07959995	67.45202000
2.07979995	67.45202000
2.07999995	67.45202000
2.08019995	67.45202000
2.08039995	67.45202000
2.08059995	67.45202000
2.08079995	67.45202000
2.08099995	67.45202000
2.08119995	67.45202000
2.08139995	67.45202000
2.08159995	67.45202000
2.08179995	67.45202000
2.08199995	67.45202000
2.08219995	69.32209000
2.08239995	69.32209000
2.08259995	69.32209000
2.08279995	69.32209000
2.08299995	69.32209000
2.08319995	69.32209000
2.08339995	69.32209000
2.08359995	69.32209000
2.08379995	69.32209000
2.08399995	69.32209000
2.08419995	69.32209000
2.08439995	69.32209000
2.08459995	69.32209000
2.08479995	69.32209000
2.08499995	69.32209000
2.08519995	69.32209000
2.08539995	69.32209000
2.08559995	69.32209000
2.08579995	69.32209000
2.08599995	69.32209000
2.08619995	69.32209000
2.08639995	69.32209000
2.08659995	69.32209000
2.08679995	67.45202000
2.08699995	69.32209000
2.08719995	69.32209000
2.08739995	69.32209000
2.08759995	67.45202000
2.08779995	67.45202000
2.08799995	69.32209000
2.08819995	67.45202000
2.08839995	67.45202000
2.08859995	67.45202000
2.08879995	67.45202000
2.08899995	67.45202000
2.08919995	67.45202000
2.08939995	67.45202000
2.08959995	67.45202000
2.08979995	67.45202000
2.08999995	67.45202000
2.09019995	67.45202000
2.09039995	67.45202000
2.09059995	67.45202000
2.09079995	67.45202000
2.09099995	67.45202000
2.09119995	67.45202000
2.09139995	67.45202000
2.09159995	67.45202000
2.09179995	67.45202000
2.09199995	67.45202000
2.09219995	67.45202000
2.09239995	67.45202000
2.09259995	67.45202000
2.09279995	67.45202000
2.09299995	67.45202000
2.09319995	67.45202000
2.09339995	67.45202000
2.09359995	67.45202000
2.09379995	67.45202000
2.09399995	67.45202000
2.09419995	67.45202000
2.09439995	67.45202000
2.09459995	67.45202000
2.09479995	67.45202000
2.09499995	67.45202000
2.09519995	67.45202000
2.09539995	67.45202000
2.09559995	67.45202000
2.09579995	67.45202000
2.09599995	67.45202000
2.09619995	67.45202000
2.09639995	67.45202000
2.09659995	67.45202000
2.09679995	67.45202000
2.09699995	67.45202000
2.09719995	67.45202000
2.09739995	67.45202000
2.09759995	67.45202000
2.09779995	67.45202000
2.09799995	67.45202000
2.09819995	67.45202000
2.09839995	67.45202000
2.09859995	67.45202000
2.09879995	67.45202000
2.09899995	67.45202000
2.09919995	67.45202000
2.09939995	67.45202000
2.09959995	69.32209000
2.09979995	67.45202000
2.09999995	67.45202000
2.10019995	69.32209000
2.10039995	69.32209000
2.10059995	69.32209000
2.10079995	69.32209000
2.10099995	69.32209000
2.10119995	69.32209000
2.10139995	69.32209000
2.10159995	69.32209000
2.10179995	69.32209000
2.10199995	69.32209000
2.10219995	69.32209000
2.10239995	69.32209000
2.10259995	69.32209000
2.10279995	69.32209000
2.10299995	69.32209000
2.10319995	69.32209000
2.10339995	69.32209000
2.10359995	69.32209000
2.10379995	69.32209000
2.10399995	69.32209000
2.10419995	69.32209000
2.10439995	71.19833000
2.10459995	71.19833000
2.10479995	71.19833000
2.10499995	71.19833000
2.10519995	71.19833000
2.10539995	71.19833000
2.10559995	71.19833000
2.10579995	71.19833000
2.10599995	71.19833000
2.10619995	73.06840000
2.10639995	73.06840000
2.10659995	73.06840000
2.10679995	73.06840000
2.10699995	73.06840000
2.10719995	73.06840000
2.10739995	74.94463000
2.10759995	74.94463000
2.10779995	74.94463000
2.10799995	74.94463000
2.10819995	74.94463000
2.10839995	74.94463000
2.10859995	74.94463000
2.10879995	76.82086000
2.10899995	76.82086000
2.10919995	76.82086000
2.10939995	76.82086000
2.10959995	76.82086000
2.10979995	76.82086000
2.10999995	76.82086000
2.11019995	76.82086000
2.11039995	78.69094000
2.11059995	78.69094000
2.11079995	78.69094000
2.11099995	78.69094000
2.11119995	78.69094000
2.11139995	78.69094000
2.11159995	80.56717000
2.11179995	80.56717000
2.11199995	80.56717000
2.11219995	80.56717000
2.11239995	80.56717000
2.11259995	80.56717000
2.11279995	80.56717000
2.11299995	80.56717000
2.11319995	82.43725000
2.11339995	82.43725000
2.11359995	82.43725000
2.11379995	82.43725000
2.11399995	82.43725000
2.11419995	82.43725000
2.11439995	82.43725000
2.11459995	82.43725000
2.11479995	82.43725000
2.11499995	82.43725000
2.11519995	82.43725000
2.11539995	82.43725000
2.11559995	82.43725000
2.11579995	82.43725000
2.11599995	82.43725000
2.11619995	84.31348000
2.11639995	84.31348000
2.11659995	84.31348000
2.11679995	84.31348000
2.11699995	84.31348000
2.11719995	84.31348000
2.11739995	84.31348000
2.11759995	84.31348000
2.11779995	86.18356000
2.11799995	84.31348000
2.11819995	86.18356000
2.11839995	86.18356000
2.11859995	86.18356000
2.11879995	84.31348000
2.11899995	84.31348000
2.11919995	86.18356000
2.11939995	86.18356000
2.11959995	86.18356000
2.11979995	86.18356000
2.11999995	86.18356000
2.12019995	86.18356000
2.12039995	86.18356000
2.12059995	86.18356000
2.12079995	86.18356000
2.12099995	86.18356000
2.12119995	86.18356000
2.12139995	86.18356000
2.12159995	86.18356000
2.12179995	86.18356000
2.12199995	86.18356000
2.12219995	86.18356000
2.12239995	86.18356000
2.12259995	86.18356000
2.12279995	86.18356000
2.12299995	86.18356000
2.12319995	88.05978000
2.12339995	88.05978000
2.12359995	88.05978000
2.12379995	88.05978000
2.12399995	88.05978000
2.12419995	88.05978000
2.12439995	88.05978000
2.12459995	88.05978000
2.12479995	88.05978000
2.12499995	86.18356000
2.12519995	86.18356000
2.12539995	88.05978000
2.12559995	88.05978000
2.12579995	88.05978000
2.12599995	88.05978000
2.12619995	88.05978000
2.12639995	88.05978000
2.12659995	89.93602000
2.12679995	89.93602000
2.12699995	89.93602000
2.12719995	89.93602000
2.12739995	89.93602000
2.12759995	91.80609000
2.12779995	89.93602000
2.12799995	89.93602000
2.12819995	91.80609000
2.12839995	91.80609000
2.12859995	91.80609000
2.12879995	91.80609000
2.12899995	91.80609000
2.12919995	91.80609000
2.12939995	91.80609000
2.12959995	93.68233000
2.12979995	93.68233000
2.12999995	93.68233000
2.13019995	93.68233000
2.13039995	93.68233000
2.13059995	93.68233000
2.13079995	93.68233000
2.13099995	93.68233000
2.13119995	93.68233000
2.13139995	93.68233000
2.13159995	93.68233000
2.13179995	93.68233000
2.13199995	93.68233000
2.13219995	95.55241000
2.13239995	95.55241000
2.13259995	95.55241000
2.13279995	95.55241000
2.13299995	95.55241000
2.13319995	95.55241000
2.13339995	97.42863000
2.13359995	97.42863000
2.13379995	97.42863000
2.13399995	97.42863000
2.13419995	97.42863000
2.13439995	97.42863000
2.13459995	97.42863000
2.13479995	97.42863000
2.13499995	97.42863000
2.13519995	97.42863000
2.13539995	97.42863000
2.13559995	97.42863000
2.13579995	97.42863000
2.13599995	97.42863000
2.13619995	97.42863000
2.13639995	99.30486000
2.13659995	99.30486000
2.13679995	99.30486000
2.13699995	99.30486000
2.13719995	97.42863000
2.13739995	97.42863000
2.13759995	99.30486000
2.13779995	97.42863000
2.13799995	97.42863000
2.13819995	97.42863000
2.13839995	99.30486000
2.13859995	99.30486000
2.13879995	99.30486000
2.13899995	99.30486000
2.13919995	99.30486000
2.13939995	99.30486000
2.13959995	99.30486000
2.13979995	99.30486000
2.13999995	99.30486000
2.14019995	99.30486000
2.14039995	99.30486000
2.14059995	99.30486000
2.14079995	99.30486000
2.14099995	99.30486000
2.14119995	99.30486000
2.14139995	99.30486000
2.14159995	97.42863000
2.14179995	99.30486000
2.14199995	99.30486000
2.14219995	99.30486000
2.14239995	99.30486000
2.14259995	99.30486000
2.14279995	99.30486000
2.14299995	99.30486000
2.14319995	99.30486000
2.14339995	99.30486000
2.14359995	99.30486000
2.14379995	99.30486000
2.14399995	99.30486000
2.14419995	99.30486000
2.14439995	99.30486000
2.14459995	99.30486000
2.14479995	99.30486000
2.14499995	99.30486000
2.14519995	99.30486000
2.14539995	99.30486000
2.14559995	99.30486000
2.14579995	99.30486000
2.14599995	99.30486000
2.14619995	99.30486000
2.14639995	99.30486000
2.14659995	99.30486000
2.14679995	99.30486000
2.14699995	99.30486000
2.14719995	99.30486000
2.14739995	99.30486000
2.14759995	99.30486000
2.14779995	99.30486000
2.14799995	99.30486000
2.14819995	99.30486000
2.14839995	99.30486000
2.14859995	101.17490000
2.14879995	101.17490000
2.14899995	101.17490000
2.14919995	101.17490000
2.14939995	101.17490000
2.14959995	101.17490000
2.14979995	101.17490000
2.14999995	101.17490000
2.15019995	101.17490000
2.15039995	101.17490000
2.15059995	101.17490000
2.15079995	101.17490000
2.15099995	101.17490000
2.15119995	101.17490000
2.15139995	101.17490000
2.15159995	101.17490000
2.15179995	101.17490000
2.15199995	101.17490000
2.15219995	103.05120000
2.15239995	101.17490000
2.15259995	103.05120000
2.15279995	101.17490000
2.15299995	101.17490000
2.15319995	101.17490000
2.15339995	101.17490000
2.15359995	101.17490000
2.15379995	103.05120000
2.15399995	103.05120000
2.15419995	103.05120000
2.15439995	103.05120000
2.15459995	103.05120000
2.15479995	103.05120000
2.15499995	103.05120000
2.15519995	103.05120000
2.15539995	103.05120000
2.15559995	103.05120000
2.15579995	103.05120000
2.15599995	103.05120000
2.15619995	103.05120000
2.15639995	103.05120000
2.15659995	103.05120000
2.15679995	103.05120000
2.15699995	103.05120000
2.15719995	103.05120000
2.15739995	103.05120000
2.15759995	103.05120000
2.15779995	103.05120000
2.15799995	103.05120000
2.15819995	103.05120000
2.15839995	103.05120000
2.15859995	103.05120000
2.15879995	103.05120000
2.15899995	103.05120000
2.15919995	103.05120000
2.15939995	103.05120000
2.15959995	103.05120000
2.15979995	103.05120000
2.15999995	103.05120000
2.16019995	103.05120000
2.16039995	103.05120000
2.16059995	103.05120000
2.16079995	103.05120000
2.16099995	103.05120000
2.16119995	103.05120000
2.16139995	103.05120000
2.16159995	103.05120000
2.16179995	103.05120000
2.16199995	103.05120000
2.16219995	103.05120000
2.16239995	103.05120000
2.16259995	103.05120000
2.16279995	103.05120000
2.16299995	103.05120000
2.16319995	103.05120000
2.16339995	103.05120000
2.16359995	103.05120000
2.16379995	103.05120000
2.16399995	103.05120000
2.16419995	103.05120000
2.16439995	103.05120000
2.16459995	103.05120000
2.16479995	103.05120000
2.16499995	103.05120000
2.16519995	103.05120000
2.16539995	103.05120000
2.16559995	103.05120000
2.16579995	103.05120000
2.16599995	101.17490000
2.16619995	103.05120000
2.16639995	103.05120000
2.16659995	103.05120000
2.16679995	103.05120000
2.16699995	103.05120000
2.16719995	103.05120000
2.16739995	103.05120000
2.16759995	103.05120000
2.16779995	103.05120000
2.16799995	103.05120000
2.16819995	103.05120000
2.16839995	103.05120000
2.16859995	103.05120000
2.16879995	103.05120000
2.16899995	101.17490000
2.16919995	103.05120000
2.16939995	101.17490000
2.16959995	101.17490000
2.16979995	101.17490000
2.16999995	101.17490000
2.17019995	101.17490000
2.17039995	103.05120000
2.17059995	101.17490000
2.17079995	101.17490000
2.17099995	103.05120000
2.17119995	103.05120000
2.17139995	103.05120000
2.17159995	101.17490000
2.17179995	103.05120000
2.17199995	101.17490000
2.17219995	101.17490000
2.17239995	101.17490000
2.17259995	101.17490000
2.17279995	101.17490000
2.17299995	101.17490000
2.17319995	101.17490000
2.17339995	101.17490000
2.17359995	101.17490000
2.17379995	101.17490000
2.17399995	101.17490000
2.17419995	101.17490000
2.17439995	101.17490000
2.17459995	101.17490000
2.17479995	101.17490000
2.17499995	101.17490000
2.17519995	101.17490000
2.17539995	101.17490000
2.17559995	101.17490000
2.17579995	101.17490000
2.17599995	101.17490000
2.17619995	101.17490000
2.17639995	101.17490000
2.17659995	101.17490000
2.17679995	101.17490000
2.17699995	101.17490000
2.17719994	101.17490000
2.17739994	101.17490000
2.17759994	101.17490000
2.17779994	101.17490000
2.17799994	101.17490000
2.17819994	101.17490000
2.17839994	101.17490000
2.17859994	101.17490000
2.17879994	101.17490000
2.17899994	101.17490000
2.17919994	101.17490000
2.17939994	101.17490000
2.17959994	101.17490000
2.17979994	101.17490000
2.17999994	101.17490000
2.18019994	101.17490000
2.18039994	101.17490000
2.18059994	101.17490000
2.18079994	101.17490000
2.18099994	101.17490000
2.18119994	101.17490000
2.18139994	101.17490000
2.18159994	101.17490000
2.18179994	101.17490000
2.18199994	101.17490000
2.18219994	101.17490000
2.18239994	99.30486000
2.18259994	99.30486000
2.18279994	99.30486000
2.18299994	99.30486000
2.18319994	99.30486000
2.18339994	99.30486000
2.18359994	99.30486000
2.18379994	99.30486000
2.18399994	99.30486000
2.18419994	99.30486000
2.18439994	99.30486000
2.18459994	99.30486000
2.18479994	99.30486000
2.18499994	99.30486000
2.18519994	99.30486000
2.18539994	99.30486000
2.18559994	99.30486000
2.18579994	99.30486000
2.18599994	99.30486000
2.18619994	99.30486000
2.18639994	99.30486000
2.18659994	99.30486000
2.18679994	99.30486000
2.18699994	99.30486000
2.18719994	99.30486000
2.18739994	99.30486000
2.18759994	99.30486000
2.18779994	99.30486000
2.18799994	99.30486000
2.18819994	99.30486000
2.18839994	99.30486000
2.18859994	99.30486000
2.18879994	99.30486000
2.18899994	99.30486000
2.18919994	99.30486000
2.18939994	99.30486000
2.18959994	99.30486000
2.18979994	99.30486000
2.18999994	99.30486000
2.19019994	99.30486000
2.19039994	99.30486000
2.19059994	99.30486000
2.19079994	99.30486000
2.19099994	99.30486000
2.19119994	99.30486000
2.19139994	97.42863000
2.19159994	97.42863000
2.19179994	97.42863000
2.19199994	97.42863000
2.19219994	97.42863000
2.19239994	97.42863000
2.19259994	97.42863000
2.19279994	97.42863000
2.19299994	97.42863000
2.19319994	97.42863000
2.19339994	97.42863000
2.19359994	97.42863000
2.19379994	97.42863000
2.19399994	97.42863000
2.19419994	97.42863000
2.19439994	97.42863000
2.19459994	97.42863000
2.19479994	97.42863000
2.19499994	97.42863000
2.19519994	97.42863000
2.19539994	97.42863000
2.19559994	97.42863000
2.19579994	97.42863000
2.19599994	97.42863000
2.19619994	97.42863000
2.19639994	97.42863000
2.19659994	97.42863000
2.19679994	95.55241000
2.19699994	95.55241000
2.19719994	95.55241000
2.19739994	95.55241000
2.19759994	95.55241000
2.19779994	95.55241000
2.19799994	95.55241000
2.19819994	95.55241000
2.19839994	95.55241000
2.19859994	95.55241000
2.19879994	95.55241000
2.19899994	95.55241000
2.19919994	95.55241000
2.19939994	95.55241000
2.19959994	95.55241000
2.19979994	95.55241000
2.19999994	95.55241000
2.20019994	95.55241000
2.20039994	95.55241000
2.20059994	93.68233000
2.20079994	95.55241000
2.20099994	93.68233000
2.20119994	93.68233000
2.20139994	95.55241000
2.20159994	93.68233000
2.20179994	93.68233000
2.20199994	93.68233000
2.20219994	93.68233000
2.20239994	93.68233000
2.20259994	93.68233000
2.20279994	93.68233000
2.20299994	93.68233000
2.20319994	93.68233000
2.20339994	93.68233000
2.20359994	93.68233000
2.20379994	93.68233000
2.20399994	93.68233000
2.20419994	93.68233000
2.20439994	93.68233000
2.20459994	93.68233000
2.20479994	93.68233000
2.20499994	93.68233000
2.20519994	93.68233000
2.20539994	93.68233000
2.20559994	93.68233000
2.20579994	93.68233000
2.20599994	93.68233000
2.20619994	93.68233000
2.20639994	93.68233000
2.20659994	93.68233000
2.20679994	93.68233000
2.20699994	93.68233000
2.20719994	93.68233000
2.20739994	93.68233000
2.20759994	93.68233000
2.20779994	93.68233000
2.20799994	93.68233000
2.20819994	91.80609000
2.20839994	91.80609000
2.20859994	93.68233000
2.20879994	91.80609000
2.20899994	91.80609000
2.20919994	91.80609000
2.20939994	91.80609000
2.20959994	91.80609000
2.20979994	91.80609000
2.20999994	91.80609000
2.21019994	91.80609000
2.21039994	91.80609000
2.21059994	91.80609000
2.21079994	91.80609000
2.21099994	91.80609000
2.21119994	91.80609000
2.21139994	91.80609000
2.21159994	91.80609000
2.21179994	91.80609000
2.21199994	91.80609000
2.21219994	91.80609000
2.21239994	91.80609000
2.21259994	91.80609000
2.21279994	89.93602000
2.21299994	89.93602000
2.21319994	91.80609000
2.21339994	89.93602000
2.21359994	91.80609000
2.21379994	91.80609000
2.21399994	89.93602000
2.21419994	89.93602000
2.21439994	89.93602000
2.21459994	89.93602000
2.21479994	89.93602000
2.21499994	89.93602000
2.21519994	89.93602000
2.21539994	89.93602000
2.21559994	89.93602000
2.21579994	89.93602000
2.21599994	89.93602000
2.21619994	89.93602000
2.21639994	89.93602000
2.21659994	89.93602000
2.21679994	89.93602000
2.21699994	88.05978000
2.21719994	89.93602000
2.21739994	88.05978000
2.21759994	88.05978000
2.21779994	88.05978000
2.21799994	88.05978000
2.21819994	88.05978000
2.21839994	88.05978000
2.21859994	88.05978000
2.21879994	88.05978000
2.21899994	88.05978000
2.21919994	88.05978000
2.21939994	88.05978000
2.21959994	86.18356000
2.21979994	86.18356000
2.21999994	86.18356000
2.22019994	86.18356000
2.22039994	86.18356000
2.22059994	86.18356000
2.22079994	86.18356000
2.22099994	86.18356000
2.22119994	86.18356000
2.22139994	86.18356000
2.22159994	86.18356000
2.22179994	86.18356000
2.22199994	86.18356000
2.22219994	86.18356000
2.22239994	86.18356000
2.22259994	84.31348000
2.22279994	84.31348000
2.22299994	84.31348000
2.22319994	84.31348000
2.22339994	84.31348000
2.22359994	84.31348000
2.22379994	86.18356000
2.22399994	86.18356000
2.22419994	86.18356000
2.22439994	86.18356000
2.22459994	86.18356000
2.22479994	84.31348000
2.22499994	84.31348000
2.22519994	84.31348000
2.22539994	84.31348000
2.22559994	84.31348000
2.22579994	84.31348000
2.22599994	84.31348000
2.22619994	84.31348000
2.22639994	84.31348000
2.22659994	84.31348000
2.22679994	84.31348000
2.22699994	84.31348000
2.22719994	84.31348000
2.22739994	84.31348000
2.22759994	84.31348000
2.22779994	84.31348000
2.22799994	84.31348000
2.22819994	84.31348000
2.22839994	82.43725000
2.22859994	82.43725000
2.22879994	82.43725000
2.22899994	82.43725000
2.22919994	82.43725000
2.22939994	82.43725000
2.22959994	82.43725000
2.22979994	82.43725000
2.22999994	82.43725000
2.23019994	82.43725000
2.23039994	82.43725000
2.23059994	80.56717000
2.23079994	82.43725000
2.23099994	82.43725000
2.23119994	82.43725000
2.23139994	80.56717000
2.23159994	80.56717000
2.23179994	80.56717000
2.23199994	80.56717000
2.23219994	78.69094000
2.23239994	80.56717000
2.23259994	78.69094000
2.23279994	80.56717000
2.23299994	78.69094000
2.23319994	78.69094000
2.23339994	78.69094000
2.23359994	78.69094000
2.23379994	78.69094000
2.23399994	78.69094000
2.23419994	78.69094000
2.23439994	78.69094000
2.23459994	78.69094000
2.23479994	78.69094000
2.23499994	78.69094000
2.23519994	76.82086000
2.23539994	76.82086000
2.23559994	76.82086000
2.23579994	76.82086000
2.23599994	78.69094000
2.23619994	76.82086000
2.23639994	76.82086000
2.23659994	76.82086000
2.23679994	76.82086000
2.23699994	76.82086000
2.23719994	76.82086000
2.23739994	76.82086000
2.23759994	76.82086000
2.23779994	76.82086000
2.23799994	74.94463000
2.23819994	74.94463000
2.23839994	74.94463000
2.23859994	74.94463000
2.23879994	74.94463000
2.23899994	74.94463000
2.23919994	74.94463000
2.23939994	74.94463000
2.23959994	74.94463000
2.23979994	74.94463000
2.23999994	73.06840000
2.24019994	73.06840000
2.24039994	73.06840000
2.24059994	74.94463000
2.24079994	74.94463000
2.24099994	74.94463000
2.24119994	74.94463000
2.24139994	74.94463000
2.24159994	73.06840000
2.24179994	73.06840000
2.24199994	73.06840000
2.24219994	73.06840000
2.24239994	73.06840000
2.24259994	73.06840000
2.24279994	73.06840000
2.24299994	73.06840000
2.24319994	73.06840000
2.24339994	73.06840000
2.24359994	73.06840000
2.24379994	73.06840000
2.24399994	73.06840000
2.24419994	73.06840000
2.24439994	73.06840000
2.24459994	73.06840000
2.24479994	73.06840000
2.24499994	73.06840000
2.24519994	73.06840000
2.24539994	73.06840000
2.24559994	73.06840000
2.24579994	73.06840000
2.24599994	73.06840000
2.24619994	73.06840000
2.24639994	73.06840000
2.24659994	73.06840000
2.24679994	73.06840000
2.24699994	71.19833000
2.24719994	71.19833000
2.24739994	71.19833000
2.24759994	71.19833000
2.24779994	71.19833000
2.24799994	71.19833000
2.24819994	71.19833000
2.24839994	71.19833000
2.24859994	71.19833000
2.24879994	71.19833000
2.24899994	71.19833000
2.24919994	71.19833000
2.24939994	71.19833000
2.24959994	69.32209000
2.24979994	69.32209000
2.24999994	69.32209000
2.25019994	69.32209000
2.25039994	69.32209000
2.25059994	69.32209000
2.25079994	69.32209000
2.25099994	69.32209000
2.25119994	69.32209000
2.25139994	69.32209000
2.25159994	69.32209000
2.25179994	69.32209000
2.25199994	69.32209000
2.25219994	69.32209000
2.25239994	69.32209000
2.25259994	69.32209000
2.25279994	69.32209000
2.25299994	69.32209000
2.25319994	69.32209000
2.25339994	67.45202000
2.25359994	67.45202000
2.25379994	67.45202000
2.25399994	67.45202000
2.25419994	67.45202000
2.25439994	67.45202000
2.25459994	67.45202000
2.25479994	65.57578000
2.25499994	65.57578000
2.25519994	65.57578000
2.25539994	65.57578000
2.25559994	65.57578000
2.25579994	65.57578000
2.25599994	65.57578000
2.25619994	63.69955000
2.25639994	63.69955000
2.25659994	63.69955000
2.25679994	61.82948000
2.25699994	61.82948000
2.25719994	63.69955000
2.25739994	63.69955000
2.25759994	63.69955000
2.25779994	63.69955000
2.25799994	63.69955000
2.25819994	63.69955000
2.25839994	61.82948000
2.25859994	61.82948000
2.25879994	61.82948000
2.25899994	61.82948000
2.25919994	61.82948000
2.25939994	61.82948000
2.25959994	61.82948000
2.25979994	61.82948000
2.25999994	59.95324000
2.26019994	59.95324000
2.26039994	59.95324000
2.26059994	61.82948000
2.26079994	61.82948000
2.26099994	61.82948000
2.26119994	61.82948000
2.26139994	61.82948000
2.26159994	59.95324000
2.26179994	59.95324000
2.26199994	59.95324000
2.26219994	59.95324000
2.26239994	59.95324000
2.26259994	61.82948000
2.26279994	61.82948000
2.26299994	61.82948000
2.26319994	59.95324000
2.26339994	59.95324000
2.26359994	61.82948000
2.26379994	61.82948000
2.26399994	61.82948000
2.26419994	61.82948000
2.26439994	61.82948000
2.26459994	61.82948000
2.26479994	61.82948000
2.26499994	59.95324000
2.26519994	59.95324000
2.26539994	59.95324000
2.26559994	59.95324000
2.26579994	59.95324000
2.26599994	59.95324000
2.26619994	59.95324000
2.26639994	59.95324000
2.26659994	59.95324000
2.26679994	59.95324000
2.26699994	59.95324000
2.26719994	59.95324000
2.26739994	59.95324000
2.26759994	59.95324000
2.26779994	59.95324000
2.26799994	59.95324000
2.26819994	59.95324000
2.26839994	59.95324000
2.26859994	59.95324000
2.26879994	59.95324000
2.26899994	59.95324000
2.26919994	59.95324000
2.26939994	59.95324000
2.26959994	59.95324000
2.26979994	58.08316000
2.26999994	58.08316000
2.27019994	59.95324000
2.27039994	59.95324000
2.27059994	59.95324000
2.27079994	59.95324000
2.27099994	59.95324000
2.27119994	58.08316000
2.27139994	58.08316000
2.27159994	58.08316000
2.27179994	58.08316000
2.27199994	58.08316000
2.27219994	58.08316000
2.27239994	59.95324000
2.27259994	58.08316000
2.27279994	58.08316000
2.27299994	58.08316000
2.27319994	58.08316000
2.27339994	58.08316000
2.27359994	59.95324000
2.27379994	59.95324000
2.27399994	59.95324000
2.27419994	59.95324000
2.27439994	59.95324000
2.27459994	58.08316000
2.27479994	58.08316000
2.27499994	58.08316000
2.27519994	58.08316000
2.27539994	58.08316000
2.27559994	58.08316000
2.27579994	58.08316000
2.27599994	58.08316000
2.27619994	58.08316000
2.27639994	58.08316000
2.27659994	58.08316000
2.27679994	58.08316000
2.27699994	58.08316000
2.27719994	58.08316000
2.27739994	58.08316000
2.27759994	58.08316000
2.27779994	58.08316000
2.27799994	58.08316000
2.27819994	58.08316000
2.27839994	58.08316000
2.27859994	58.08316000
2.27879994	58.08316000
2.27899994	58.08316000
2.27919994	58.08316000
2.27939994	59.95324000
2.27959994	59.95324000
2.27979994	59.95324000
2.27999994	59.95324000
2.28019994	59.95324000
2.28039994	59.95324000
2.28059994	59.95324000
2.28079994	59.95324000
2.28099994	59.95324000
2.28119994	59.95324000
2.28139994	59.95324000
2.28159994	59.95324000
2.28179994	59.95324000
2.28199994	59.95324000
2.28219994	59.95324000
2.28239994	59.95324000
2.28259994	59.95324000
2.28279994	59.95324000
2.28299994	59.95324000
2.28319994	59.95324000
2.28339994	59.95324000
2.28359994	59.95324000
2.28379994	59.95324000
2.28399994	59.95324000
2.28419994	61.82948000
2.28439994	61.82948000
2.28459994	61.82948000
2.28479994	59.95324000
2.28499994	61.82948000
2.28519994	61.82948000
2.28539994	61.82948000
2.28559994	61.82948000
2.28579994	61.82948000
2.28599994	61.82948000
2.28619994	61.82948000
2.28639994	61.82948000
2.28659994	61.82948000
2.28679994	61.82948000
2.28699994	61.82948000
2.28719994	61.82948000
2.28739994	63.69955000
2.28759994	63.69955000
2.28779994	63.69955000
2.28799994	63.69955000
2.28819994	63.69955000
2.28839994	63.69955000
2.28859994	63.69955000
2.28879994	63.69955000
2.28899994	63.69955000
2.28919994	63.69955000
2.28939994	63.69955000
2.28959994	63.69955000
2.28979994	63.69955000
2.28999994	63.69955000
2.29019994	65.57578000
2.29039994	65.57578000
2.29059994	65.57578000
2.29079994	65.57578000
2.29099994	63.69955000
2.29119994	65.57578000
2.29139994	65.57578000
2.29159994	65.57578000
2.29179994	65.57578000
2.29199994	65.57578000
2.29219994	65.57578000
2.29239994	65.57578000
2.29259994	65.57578000
2.29279994	65.57578000
2.29299994	67.45202000
2.29319994	67.45202000
2.29339994	67.45202000
2.29359994	67.45202000
2.29379994	67.45202000
2.29399994	67.45202000
2.29419994	67.45202000
2.29439994	67.45202000
2.29459994	69.32209000
2.29479994	69.32209000
2.29499994	69.32209000
2.29519994	69.32209000
2.29539994	69.32209000
2.29559994	69.32209000
2.29579994	69.32209000
2.29599994	69.32209000
2.29619994	69.32209000
2.29639994	71.19833000
2.29659994	71.19833000
2.29679994	71.19833000
2.29699994	71.19833000
2.29719994	71.19833000
2.29739994	71.19833000
2.29759994	73.06840000
2.29779994	73.06840000
2.29799994	73.06840000
2.29819994	73.06840000
2.29839994	73.06840000
2.29859994	73.06840000
2.29879994	73.06840000
2.29899994	73.06840000
2.29919994	74.94463000
2.29939994	74.94463000
2.29959994	74.94463000
2.29979994	74.94463000
2.29999994	74.94463000
2.30019994	74.94463000
2.30039994	74.94463000
2.30059994	74.94463000
2.30079994	74.94463000
2.30099994	74.94463000
2.30119994	74.94463000
2.30139994	74.94463000
2.30159994	74.94463000
2.30179994	74.94463000
2.30199994	74.94463000
2.30219994	74.94463000
2.30239994	74.94463000
2.30259994	74.94463000
2.30279994	74.94463000
2.30299994	76.82086000
2.30319994	76.82086000
2.30339994	76.82086000
2.30359994	76.82086000
2.30379994	76.82086000
2.30399994	76.82086000
2.30419994	76.82086000
2.30439994	76.82086000
2.30459994	76.82086000
2.30479994	76.82086000
2.30499994	76.82086000
2.30519994	76.82086000
2.30539994	76.82086000
2.30559994	78.69094000
2.30579994	76.82086000
2.30599994	76.82086000
2.30619994	78.69094000
2.30639994	78.69094000
2.30659994	78.69094000
2.30679994	78.69094000
2.30699994	78.69094000
2.30719994	78.69094000
2.30739994	78.69094000
2.30759994	78.69094000
2.30779994	78.69094000
2.30799994	78.69094000
2.30819994	78.69094000
2.30839994	78.69094000
2.30859994	80.56717000
2.30879994	80.56717000
2.30899994	80.56717000
2.30919994	80.56717000
2.30939994	80.56717000
2.30959994	80.56717000
2.30979994	80.56717000
2.30999994	80.56717000
2.31019994	80.56717000
2.31039994	80.56717000
2.31059994	80.56717000
2.31079994	80.56717000
2.31099994	80.56717000
2.31119994	80.56717000
2.31139994	82.43725000
2.31159994	80.56717000
2.31179994	82.43725000
2.31199994	82.43725000
2.31219994	82.43725000
2.31239994	82.43725000
2.31259994	82.43725000
2.31279994	82.43725000
2.31299994	82.43725000
2.31319994	82.43725000
2.31339994	82.43725000
2.31359994	82.43725000
2.31379994	82.43725000
2.31399994	82.43725000
2.31419994	84.31348000
2.31439994	84.31348000
2.31459994	84.31348000
2.31479994	84.31348000
2.31499994	84.31348000
2.31519994	86.18356000
2.31539994	86.18356000
2.31559994	86.18356000
2.31579994	86.18356000
2.31599994	86.18356000
2.31619994	86.18356000
2.31639994	86.18356000
2.31659994	86.18356000
2.31679994	86.18356000
2.31699994	88.05978000
2.31719994	88.05978000
2.31739994	88.05978000
2.31759994	88.05978000
2.31779994	88.05978000
2.31799994	89.93602000
2.31819994	89.93602000
2.31839994	89.93602000
2.31859994	89.93602000
2.31879994	89.93602000
2.31899994	89.93602000
2.31919994	89.93602000
2.31939994	89.93602000
2.31959994	91.80609000
2.31979994	91.80609000
2.31999994	91.80609000
2.32019994	91.80609000
2.32039994	91.80609000
2.32059994	91.80609000
2.32079994	91.80609000
2.32099994	91.80609000
2.32119994	91.80609000
2.32139994	91.80609000
2.32159994	91.80609000
2.32179994	91.80609000
2.32199994	91.80609000
2.32219994	91.80609000
2.32239994	91.80609000
2.32259994	91.80609000
2.32279994	91.80609000
2.32299994	91.80609000
2.32319994	91.80609000
2.32339994	91.80609000
2.32359994	91.80609000
2.32379994	91.80609000
2.32399994	93.68233000
2.32419994	93.68233000
2.32439994	91.80609000
2.32459994	93.68233000
2.32479994	93.68233000
2.32499994	93.68233000
2.32519994	93.68233000
2.32539994	93.68233000
2.32559994	93.68233000
2.32579994	93.68233000
2.32599994	93.68233000
2.32619994	93.68233000
2.32639994	93.68233000
2.32659994	93.68233000
2.32679994	93.68233000
2.32699994	93.68233000
2.32719994	95.55241000
2.32739994	93.68233000
2.32759994	93.68233000
2.32779994	93.68233000
2.32799994	95.55241000
2.32819994	95.55241000
2.32839994	95.55241000
2.32859994	95.55241000
2.32879994	95.55241000
2.32899994	95.55241000
2.32919994	95.55241000
2.32939994	95.55241000
2.32959994	95.55241000
2.32979994	95.55241000
2.32999994	95.55241000
2.33019994	95.55241000
2.33039994	95.55241000
2.33059994	95.55241000
2.33079994	95.55241000
2.33099994	95.55241000
2.33119994	95.55241000
2.33139994	95.55241000
2.33159994	95.55241000
2.33179994	95.55241000
2.33199994	95.55241000
2.33219994	95.55241000
2.33239994	95.55241000
2.33259994	95.55241000
2.33279994	95.55241000
2.33299994	95.55241000
2.33319994	95.55241000
2.33339994	95.55241000
2.33359994	95.55241000
2.33379994	95.55241000
2.33399994	97.42863000
2.33419994	97.42863000
2.33439994	95.55241000
2.33459994	97.42863000
2.33479994	97.42863000
2.33499994	97.42863000
2.33519994	97.42863000
2.33539994	97.42863000
2.33559994	97.42863000
2.33579994	97.42863000
2.33599994	97.42863000
2.33619994	97.42863000
2.33639994	97.42863000
2.33659994	97.42863000
2.33679994	97.42863000
2.33699994	99.30486000
2.33719994	99.30486000
2.33739994	99.30486000
2.33759994	99.30486000
2.33779994	99.30486000
2.33799994	99.30486000
2.33819994	99.30486000
2.33839994	99.30486000
2.33859994	99.30486000
2.33879994	99.30486000
2.33899994	99.30486000
2.33919994	99.30486000
2.33939994	99.30486000
2.33959994	99.30486000
2.33979994	99.30486000
2.33999994	99.30486000
2.34019994	99.30486000
2.34039994	99.30486000
2.34059994	99.30486000
2.34079994	99.30486000
2.34099994	99.30486000
2.34119994	99.30486000
2.34139994	99.30486000
2.34159994	101.17490000
2.34179994	101.17490000
2.34199994	99.30486000
2.34219994	101.17490000
2.34239994	99.30486000
2.34259994	101.17490000
2.34279994	99.30486000
2.34299994	101.17490000
2.34319994	101.17490000
2.34339994	101.17490000
2.34359994	101.17490000
2.34379994	101.17490000
2.34399994	101.17490000
2.34419994	101.17490000
2.34439994	101.17490000
2.34459994	101.17490000
2.34479994	101.17490000
2.34499994	101.17490000
2.34519994	101.17490000
2.34539994	101.17490000
2.34559994	101.17490000
2.34579994	101.17490000
2.34599994	101.17490000
2.34619994	101.17490000
2.34639994	101.17490000
2.34659994	101.17490000
2.34679994	101.17490000
2.34699994	101.17490000
2.34719994	99.30486000
2.34739994	101.17490000
2.34759994	101.17490000
2.34779994	101.17490000
2.34799994	101.17490000
2.34819994	101.17490000
2.34839994	101.17490000
2.34859994	101.17490000
2.34879994	101.17490000
2.34899994	101.17490000
2.34919994	101.17490000
2.34939994	101.17490000
2.34959994	99.30486000
2.34979994	101.17490000
2.34999994	101.17490000
2.35019994	101.17490000
2.35039994	101.17490000
2.35059994	101.17490000
2.35079994	99.30486000
2.35099994	101.17490000
2.35119994	99.30486000
2.35139994	99.30486000
2.35159994	101.17490000
2.35179994	99.30486000
2.35199994	99.30486000
2.35219994	99.30486000
2.35239994	99.30486000
2.35259994	99.30486000
2.35279994	99.30486000
2.35299994	99.30486000
2.35319994	99.30486000
2.35339994	99.30486000
2.35359994	99.30486000
2.35379994	99.30486000
2.35399994	99.30486000
2.35419994	99.30486000
2.35439994	99.30486000
2.35459994	99.30486000
2.35479994	101.17490000
2.35499994	99.30486000
2.35519994	101.17490000
2.35539994	101.17490000
2.35559994	101.17490000
2.35579994	101.17490000
2.35599994	99.30486000
2.35619994	101.17490000
2.35639994	99.30486000
2.35659994	101.17490000
2.35679994	101.17490000
2.35699994	101.17490000
2.35719994	101.17490000
2.35739994	101.17490000
2.35759994	101.17490000
2.35779994	101.17490000
2.35799994	101.17490000
2.35819994	101.17490000
2.35839994	101.17490000
2.35859994	101.17490000
2.35879994	101.17490000
2.35899994	101.17490000
2.35919994	101.17490000
2.35939994	101.17490000
2.35959994	101.17490000
2.35979994	101.17490000
2.35999994	101.17490000
2.36019994	101.17490000
2.36039994	101.17490000
2.36059994	101.17490000
2.36079994	101.17490000
2.36099994	101.17490000
2.36119994	101.17490000
2.36139994	101.17490000
2.36159994	101.17490000
2.36179994	101.17490000
2.36199994	101.17490000
2.36219994	101.17490000
2.36239994	101.17490000
2.36259994	99.30486000
2.36279994	101.17490000
2.36299994	101.17490000
2.36319994	99.30486000
2.36339994	99.30486000
2.36359994	101.17490000
2.36379994	101.17490000
2.36399994	99.30486000
2.36419994	101.17490000
2.36439994	99.30486000
2.36459994	101.17490000
2.36479994	99.30486000
2.36499994	99.30486000
2.36519994	101.17490000
2.36539994	99.30486000
2.36559994	99.30486000
2.36579994	99.30486000
2.36599994	99.30486000
2.36619994	99.30486000
2.36639994	99.30486000
2.36659994	99.30486000
2.36679994	99.30486000
2.36699994	99.30486000
2.36719994	99.30486000
2.36739994	99.30486000
2.36759994	99.30486000
2.36779994	99.30486000
2.36799994	99.30486000
2.36819994	99.30486000
2.36839994	99.30486000
2.36859994	99.30486000
2.36879994	99.30486000
2.36899994	99.30486000
2.36919994	99.30486000
2.36939994	99.30486000
2.36959994	99.30486000
2.36979994	99.30486000
2.36999994	99.30486000
2.37019994	99.30486000
2.37039994	99.30486000
2.37059994	99.30486000
2.37079994	99.30486000
2.37099994	99.30486000
2.37119994	99.30486000
2.37139994	99.30486000
2.37159994	99.30486000
2.37179994	99.30486000
2.37199994	99.30486000
2.37219994	99.30486000
2.37239994	99.30486000
2.37259994	99.30486000
2.37279994	99.30486000
2.37299994	99.30486000
2.37319994	99.30486000
2.37339994	99.30486000
2.37359994	97.42863000
2.37379994	97.42863000
2.37399994	97.42863000
2.37419994	97.42863000
2.37439994	97.42863000
2.37459994	97.42863000
2.37479994	97.42863000
2.37499994	97.42863000
2.37519994	97.42863000
2.37539994	97.42863000
2.37559994	97.42863000
2.37579994	97.42863000
2.37599994	97.42863000
2.37619994	97.42863000
2.37639994	97.42863000
2.37659994	97.42863000
2.37679994	97.42863000
2.37699994	97.42863000
2.37719994	97.42863000
2.37739994	97.42863000
2.37759994	97.42863000
2.37779994	95.55241000
2.37799994	97.42863000
2.37819994	95.55241000
2.37839994	95.55241000
2.37859994	95.55241000
2.37879994	95.55241000
2.37899994	95.55241000
2.37919994	95.55241000
2.37939994	95.55241000
2.37959994	95.55241000
2.37979994	95.55241000
2.37999994	95.55241000
2.38019994	95.55241000
2.38039994	95.55241000
2.38059994	95.55241000
2.38079994	95.55241000
2.38099994	95.55241000
2.38119994	95.55241000
2.38139994	95.55241000
2.38159994	95.55241000
2.38179994	93.68233000
2.38199994	93.68233000
2.38219994	93.68233000
2.38239994	93.68233000
2.38259994	93.68233000
2.38279994	93.68233000
2.38299994	93.68233000
2.38319994	93.68233000
2.38339994	93.68233000
2.38359994	93.68233000
2.38379994	93.68233000
2.38399994	93.68233000
2.38419994	93.68233000
2.38439994	93.68233000
2.38459994	93.68233000
2.38479994	93.68233000
2.38499994	93.68233000
2.38519994	93.68233000
2.38539994	93.68233000
2.38559994	93.68233000
2.38579994	93.68233000
2.38599994	93.68233000
2.38619994	93.68233000
2.38639994	91.80609000
2.38659994	93.68233000
2.38679994	91.80609000
2.38699994	91.80609000
2.38719994	91.80609000
2.38739994	91.80609000
2.38759994	91.80609000
2.38779994	91.80609000
2.38799994	91.80609000
2.38819994	91.80609000
2.38839994	91.80609000
2.38859994	91.80609000
2.38879994	91.80609000
2.38899994	91.80609000
2.38919994	91.80609000
2.38939994	91.80609000
2.38959994	91.80609000
2.38979994	91.80609000
2.38999994	91.80609000
2.39019994	89.93602000
2.39039994	89.93602000
2.39059994	89.93602000
2.39079994	89.93602000
2.39099994	89.93602000
2.39119994	89.93602000
2.39139994	89.93602000
2.39159994	89.93602000
2.39179994	89.93602000
2.39199994	89.93602000
2.39219994	89.93602000
2.39239994	89.93602000
2.39259994	89.93602000
2.39279994	89.93602000
2.39299994	89.93602000
2.39319994	89.93602000
2.39339994	89.93602000
2.39359994	89.93602000
2.39379994	89.93602000
2.39399994	89.93602000
2.39419994	89.93602000
2.39439994	89.93602000
2.39459994	89.93602000
2.39479994	89.93602000
2.39499994	88.05978000
2.39519994	88.05978000
2.39539994	88.05978000
2.39559994	88.05978000
2.39579994	88.05978000
2.39599994	88.05978000
2.39619994	88.05978000
2.39639994	88.05978000
2.39659994	88.05978000
2.39679994	88.05978000
2.39699994	88.05978000
2.39719994	88.05978000
2.39739994	88.05978000
2.39759994	88.05978000
2.39779994	88.05978000
2.39799994	86.18356000
2.39819994	86.18356000
2.39839994	86.18356000
2.39859994	86.18356000
2.39879994	86.18356000
2.39899994	86.18356000
2.39919994	86.18356000
2.39939994	86.18356000
2.39959994	84.31348000
2.39979994	84.31348000
2.39999994	84.31348000
2.40019994	84.31348000
2.40039994	84.31348000
2.40059994	84.31348000
2.40079994	84.31348000
2.40099994	84.31348000
2.40119994	84.31348000
2.40139994	84.31348000
2.40159994	84.31348000
2.40179994	84.31348000
2.40199994	82.43725000
2.40219994	82.43725000
2.40239994	82.43725000
2.40259994	82.43725000
2.40279994	82.43725000
2.40299994	82.43725000
2.40319994	82.43725000
2.40339994	82.43725000
2.40359994	82.43725000
2.40379994	82.43725000
2.40399994	80.56717000
2.40419994	80.56717000
2.40439994	80.56717000
2.40459994	80.56717000
2.40479994	80.56717000
2.40499994	80.56717000
2.40519994	80.56717000
2.40539994	80.56717000
2.40559994	80.56717000
2.40579994	80.56717000
2.40599994	80.56717000
2.40619994	80.56717000
2.40639994	80.56717000
2.40659994	80.56717000
2.40679994	80.56717000
2.40699994	78.69094000
2.40719994	78.69094000
2.40739994	78.69094000
2.40759994	78.69094000
2.40779994	78.69094000
2.40799994	78.69094000
2.40819994	78.69094000
2.40839994	78.69094000
2.40859994	78.69094000
2.40879994	78.69094000
2.40899994	78.69094000
2.40919994	76.82086000
2.40939994	76.82086000
2.40959994	76.82086000
2.40979994	76.82086000
2.40999994	76.82086000
2.41019994	76.82086000
2.41039994	76.82086000
2.41059994	76.82086000
2.41079994	76.82086000
2.41099994	76.82086000
2.41119994	76.82086000
2.41139994	76.82086000
2.41159994	74.94463000
2.41179994	74.94463000
2.41199994	74.94463000
2.41219994	74.94463000
2.41239994	74.94463000
2.41259994	74.94463000
2.41279994	74.94463000
2.41299994	74.94463000
2.41319994	73.06840000
2.41339994	73.06840000
2.41359994	73.06840000
2.41379994	73.06840000
2.41399994	73.06840000
2.41419994	73.06840000
2.41439994	73.06840000
2.41459994	73.06840000
2.41479994	73.06840000
2.41499994	73.06840000
2.41519994	71.19833000
2.41539994	71.19833000
2.41559994	71.19833000
2.41579994	71.19833000
2.41599994	71.19833000
2.41619994	71.19833000
2.41639994	71.19833000
2.41659994	69.32209000
2.41679994	69.32209000
2.41699994	71.19833000
2.41719994	69.32209000
2.41739994	69.32209000
2.41759994	69.32209000
2.41779994	69.32209000
2.41799994	69.32209000
2.41819994	69.32209000
2.41839994	69.32209000
2.41859994	69.32209000
2.41879994	69.32209000
2.41899994	67.45202000
2.41919994	67.45202000
2.41939994	67.45202000
2.41959994	67.45202000
2.41979994	67.45202000
2.41999994	67.45202000
2.42019994	67.45202000
2.42039994	67.45202000
2.42059994	67.45202000
2.42079994	67.45202000
2.42099994	67.45202000
2.42119994	67.45202000
2.42139994	67.45202000
2.42159994	65.57578000
2.42179994	65.57578000
2.42199994	65.57578000
2.42219994	65.57578000
2.42239994	65.57578000
2.42259994	65.57578000
2.42279994	65.57578000
2.42299994	65.57578000
2.42319994	65.57578000
2.42339994	65.57578000
2.42359994	63.69955000
2.42379994	65.57578000
2.42399994	63.69955000
2.42419994	63.69955000
2.42439994	63.69955000
2.42459994	63.69955000
2.42479994	63.69955000
2.42499994	63.69955000
2.42519994	63.69955000
2.42539994	63.69955000
2.42559994	61.82948000
2.42579994	61.82948000
2.42599994	61.82948000
2.42619994	61.82948000
2.42639994	61.82948000
2.42659994	61.82948000
2.42679994	61.82948000
2.42699994	61.82948000
2.42719994	61.82948000
2.42739994	61.82948000
2.42759994	59.95324000
2.42779994	59.95324000
2.42799994	59.95324000
2.42819994	59.95324000
2.42839994	59.95324000
2.42859994	59.95324000
2.42879994	59.95324000
2.42899994	59.95324000
2.42919994	59.95324000
2.42939994	59.95324000
2.42959994	59.95324000
2.42979994	59.95324000
2.42999994	59.95324000
2.43019994	59.95324000
2.43039994	59.95324000
2.43059994	58.08316000
2.43079994	58.08316000
2.43099994	58.08316000
2.43119994	58.08316000
2.43139994	58.08316000
2.43159994	58.08316000
2.43179994	58.08316000
2.43199994	58.08316000
2.43219994	58.08316000
2.43239994	58.08316000
2.43259994	58.08316000
2.43279994	58.08316000
2.43299994	58.08316000
2.43319994	58.08316000
2.43339994	58.08316000
2.43359994	58.08316000
2.43379994	58.08316000
2.43399994	58.08316000
2.43419994	58.08316000
2.43439994	58.08316000
2.43459994	58.08316000
2.43479994	58.08316000
2.43499994	58.08316000
2.43519994	58.08316000
2.43539994	58.08316000
2.43559994	58.08316000
2.43579994	58.08316000
2.43599994	58.08316000
2.43619994	58.08316000
2.43639994	58.08316000
2.43659994	58.08316000
2.43679994	58.08316000
2.43699994	58.08316000
2.43719994	58.08316000
2.43739994	58.08316000
2.43759994	58.08316000
2.43779994	58.08316000
2.43799994	58.08316000
2.43819994	58.08316000
2.43839994	58.08316000
2.43859994	58.08316000
2.43879994	58.08316000
2.43899994	58.08316000
2.43919994	58.08316000
2.43939994	58.08316000
2.43959994	56.20694000
2.43979994	58.08316000
2.43999994	58.08316000
2.44019994	58.08316000
2.44039994	58.08316000
2.44059994	58.08316000
2.44079994	58.08316000
2.44099994	58.08316000
2.44119994	58.08316000
2.44139994	58.08316000
2.44159994	58.08316000
2.44179994	58.08316000
2.44199994	58.08316000
2.44219994	58.08316000
2.44239994	58.08316000
2.44259994	58.08316000
2.44279994	58.08316000
2.44299994	58.08316000
2.44319994	58.08316000
2.44339994	58.08316000
2.44359994	58.08316000
2.44379994	58.08316000
2.44399994	58.08316000
2.44419994	58.08316000
2.44439994	58.08316000
2.44459994	58.08316000
2.44479994	58.08316000
2.44499994	58.08316000
2.44519994	58.08316000
2.44539994	58.08316000
2.44559994	58.08316000
2.44579994	58.08316000
2.44599994	58.08316000
2.44619994	59.95324000
2.44639994	59.95324000
2.44659994	59.95324000
2.44679994	59.95324000
2.44699994	59.95324000
2.44719994	59.95324000
2.44739994	59.95324000
2.44759994	59.95324000
2.44779994	59.95324000
2.44799994	59.95324000
2.44819994	59.95324000
2.44839994	59.95324000
2.44859994	59.95324000
2.44879994	61.82948000
2.44899994	61.82948000
2.44919994	61.82948000
2.44939994	61.82948000
2.44959994	61.82948000
2.44979994	61.82948000
2.44999994	61.82948000
2.45019994	61.82948000
2.45039994	61.82948000
2.45059994	61.82948000
2.45079994	61.82948000
2.45099994	61.82948000
2.45119994	61.82948000
2.45139994	61.82948000
2.45159994	61.82948000
2.45179994	61.82948000
2.45199994	63.69955000
2.45219994	63.69955000
2.45239994	63.69955000
2.45259994	63.69955000
2.45279994	63.69955000
2.45299994	63.69955000
2.45319994	63.69955000
2.45339994	63.69955000
2.45359994	63.69955000
2.45379994	63.69955000
2.45399994	65.57578000
2.45419994	63.69955000
2.45439994	65.57578000
2.45459994	65.57578000
2.45479994	65.57578000
2.45499994	65.57578000
2.45519994	65.57578000
2.45539994	65.57578000
2.45559994	65.57578000
2.45579994	65.57578000
2.45599994	65.57578000
2.45619994	65.57578000
2.45639994	65.57578000
2.45659994	67.45202000
2.45679994	67.45202000
2.45699994	67.45202000
2.45719994	67.45202000
2.45739994	67.45202000
2.45759994	67.45202000
2.45779994	67.45202000
2.45799994	67.45202000
2.45819994	67.45202000
2.45839994	69.32209000
2.45859994	69.32209000
2.45879994	69.32209000
2.45899994	69.32209000
2.45919994	69.32209000
2.45939994	69.32209000
2.45959994	69.32209000
2.45979994	69.32209000
2.45999994	71.19833000
2.46019994	71.19833000
2.46039994	71.19833000
2.46059994	71.19833000
2.46079994	73.06840000
2.46099994	71.19833000
2.46119994	73.06840000
2.46139994	73.06840000
2.46159994	73.06840000
2.46179994	73.06840000
2.46199994	73.06840000
2.46219994	74.94463000
2.46239994	74.94463000
2.46259994	74.94463000
2.46279994	74.94463000
2.46299994	74.94463000
2.46319994	74.94463000
2.46339994	74.94463000
2.46359994	76.82086000
2.46379994	76.82086000
2.46399994	76.82086000
2.46419994	76.82086000
2.46439994	76.82086000
2.46459994	76.82086000
2.46479994	78.69094000
2.46499994	78.69094000
2.46519994	78.69094000
2.46539994	78.69094000
2.46559994	78.69094000
2.46579994	78.69094000
2.46599994	78.69094000
2.46619994	78.69094000
2.46639994	80.56717000
2.46659994	80.56717000
2.46679994	80.56717000
2.46699994	80.56717000
2.46719994	80.56717000
2.46739994	80.56717000
2.46759994	80.56717000
2.46779994	80.56717000
2.46799994	80.56717000
2.46819994	80.56717000
2.46839994	80.56717000
2.46859994	80.56717000
2.46879994	80.56717000
2.46899994	80.56717000
2.46919994	80.56717000
2.46939994	82.43725000
2.46959994	82.43725000
2.46979994	82.43725000
2.46999994	82.43725000
2.47019994	82.43725000
2.47039994	82.43725000
2.47059994	82.43725000
2.47079994	82.43725000
2.47099994	82.43725000
2.47119994	82.43725000
2.47139994	82.43725000
2.47159994	82.43725000
2.47179994	82.43725000
2.47199994	82.43725000
2.47219994	82.43725000
2.47239994	84.31348000
2.47259994	84.31348000
2.47279994	84.31348000
2.47299994	84.31348000
2.47319994	84.31348000
2.47339994	84.31348000
2.47359994	84.31348000
2.47379994	84.31348000
2.47399994	84.31348000
2.47419994	84.31348000
2.47439994	84.31348000
2.47459994	84.31348000
2.47479994	84.31348000
2.47499994	84.31348000
2.47519994	84.31348000
2.47539994	84.31348000
2.47559994	86.18356000
2.47579994	86.18356000
2.47599994	86.18356000
2.47619994	86.18356000
2.47639994	86.18356000
2.47659994	86.18356000
2.47679994	86.18356000
2.47699994	86.18356000
2.47719994	86.18356000
2.47739994	86.18356000
2.47759994	86.18356000
2.47779994	88.05978000
2.47799994	86.18356000
2.47819994	86.18356000
2.47839994	88.05978000
2.47859994	88.05978000
2.47879994	88.05978000
2.47899994	88.05978000
2.47919994	88.05978000
2.47939994	88.05978000
2.47959994	88.05978000
2.47979994	88.05978000
2.47999994	88.05978000
2.48019994	89.93602000
2.48039994	89.93602000
2.48059994	89.93602000
2.48079994	89.93602000
2.48099994	89.93602000
2.48119994	89.93602000
2.48139994	89.93602000
2.48159994	89.93602000
2.48179994	91.80609000
2.48199994	91.80609000
2.48219994	91.80609000
2.48239994	91.80609000
2.48259994	91.80609000
2.48279994	91.80609000
2.48299994	91.80609000
2.48319994	91.80609000
2.48339994	91.80609000
2.48359994	91.80609000
2.48379994	93.68233000
2.48399994	93.68233000
2.48419994	93.68233000
2.48439994	93.68233000
2.48459994	93.68233000
2.48479994	93.68233000
2.48499994	93.68233000
2.48519994	93.68233000
2.48539994	93.68233000
2.48559994	93.68233000
2.48579994	95.55241000
2.48599994	95.55241000
2.48619994	95.55241000
2.48639994	95.55241000
2.48659994	95.55241000
2.48679994	95.55241000
2.48699994	95.55241000
2.48719994	95.55241000
2.48739994	95.55241000
2.48759994	95.55241000
2.48779994	95.55241000
2.48799994	95.55241000
2.48819994	95.55241000
2.48839994	95.55241000
2.48859994	95.55241000
2.48879994	95.55241000
2.48899994	95.55241000
2.48919994	97.42863000
2.48939994	95.55241000
2.48959994	97.42863000
2.48979994	95.55241000
2.48999994	95.55241000
2.49019994	97.42863000
2.49039994	97.42863000
2.49059994	97.42863000
2.49079994	95.55241000
2.49099994	95.55241000
2.49119994	97.42863000
2.49139994	97.42863000
2.49159994	97.42863000
2.49179994	97.42863000
2.49199994	97.42863000
2.49219994	97.42863000
2.49239994	97.42863000
2.49259994	97.42863000
2.49279994	95.55241000
2.49299994	97.42863000
2.49319994	97.42863000
2.49339994	97.42863000
2.49359994	97.42863000
2.49379994	97.42863000
2.49399994	95.55241000
2.49419994	97.42863000
2.49439994	97.42863000
2.49459994	97.42863000
2.49479994	97.42863000
2.49499994	97.42863000
2.49519994	97.42863000
2.49539994	97.42863000
2.49559994	97.42863000
2.49579994	97.42863000
2.49599994	97.42863000
2.49619994	97.42863000
2.49639994	97.42863000
2.49659994	97.42863000
2.49679994	97.42863000
2.49699994	97.42863000
2.49719994	97.42863000
2.49739994	97.42863000
2.49759994	99.30486000
2.49779994	99.30486000
2.49799994	99.30486000
2.49819994	99.30486000
2.49839994	99.30486000
2.49859994	99.30486000
2.49879994	99.30486000
2.49899994	99.30486000
2.49919994	99.30486000
2.49939994	99.30486000
2.49959994	99.30486000
2.49979994	99.30486000
2.49999994	99.30486000
2.50019994	99.30486000
2.50039994	99.30486000
2.50059994	99.30486000
2.50079994	99.30486000
2.50099994	99.30486000
2.50119994	101.17490000
2.50139994	101.17490000
2.50159994	101.17490000
2.50179994	101.17490000
2.50199994	101.17490000
2.50219994	101.17490000
2.50239994	101.17490000
2.50259994	101.17490000
2.50279994	101.17490000
2.50299994	101.17490000
2.50319994	101.17490000
2.50339994	101.17490000
2.50359994	101.17490000
2.50379994	101.17490000
2.50399994	101.17490000
2.50419994	101.17490000
2.50439994	101.17490000
2.50459994	101.17490000
2.50479994	101.17490000
2.50499994	101.17490000
2.50519994	101.17490000
2.50539994	101.17490000
2.50559994	101.17490000
2.50579994	101.17490000
2.50599994	101.17490000
2.50619994	101.17490000
2.50639994	101.17490000
2.50659994	101.17490000
2.50679994	101.17490000
2.50699994	101.17490000
2.50719994	101.17490000
2.50739994	101.17490000
2.50759994	101.17490000
2.50779994	101.17490000
2.50799994	101.17490000
2.50819994	101.17490000
2.50839994	101.17490000
2.50859994	101.17490000
2.50879994	101.17490000
2.50899994	101.17490000
2.50919994	101.17490000
2.50939994	101.17490000
2.50959994	101.17490000
2.50979994	101.17490000
2.50999994	101.17490000
2.51019994	101.17490000
2.51039994	101.17490000
2.51059994	101.17490000
2.51079994	101.17490000
2.51099994	101.17490000
2.51119994	101.17490000
2.51139994	101.17490000
2.51159994	101.17490000
2.51179994	101.17490000
2.51199994	101.17490000
2.51219994	101.17490000
2.51239994	101.17490000
2.51259994	101.17490000
2.51279994	101.17490000
2.51299994	101.17490000
2.51319994	101.17490000
2.51339994	101.17490000
2.51359994	101.17490000
2.51379994	101.17490000
2.51399994	101.17490000
2.51419994	101.17490000
2.51439994	101.17490000
2.51459994	101.17490000
2.51479994	101.17490000
2.51499994	101.17490000
2.51519994	101.17490000
2.51539994	101.17490000
2.51559994	101.17490000
2.51579994	101.17490000
2.51599994	101.17490000
2.51619994	101.17490000
2.51639994	101.17490000
2.51659994	101.17490000
2.51679994	101.17490000
2.51699994	101.17490000
2.51719994	101.17490000
2.51739994	101.17490000
2.51759994	101.17490000
2.51779994	101.17490000
2.51799994	101.17490000
2.51819994	101.17490000
2.51839994	101.17490000
2.51859994	101.17490000
2.51879994	101.17490000
2.51899994	101.17490000
2.51919994	101.17490000
2.51939994	101.17490000
2.51959994	101.17490000
2.51979994	99.30486000
2.51999994	99.30486000
2.52019994	99.30486000
2.52039994	99.30486000
2.52059994	99.30486000
2.52079994	99.30486000
2.52099994	99.30486000
2.52119994	99.30486000
2.52139994	99.30486000
2.52159994	99.30486000
2.52179994	99.30486000
2.52199994	99.30486000
2.52219994	99.30486000
2.52239994	99.30486000
2.52259994	99.30486000
2.52279994	99.30486000
2.52299994	99.30486000
2.52319994	99.30486000
2.52339994	99.30486000
2.52359994	99.30486000
2.52379994	99.30486000
2.52399994	99.30486000
2.52419994	99.30486000
2.52439994	99.30486000
2.52459994	99.30486000
2.52479994	99.30486000
2.52499994	99.30486000
2.52519994	99.30486000
2.52539994	99.30486000
2.52559994	99.30486000
2.52579994	99.30486000
2.52599994	99.30486000
2.52619994	99.30486000
2.52639994	99.30486000
2.52659994	99.30486000
2.52679994	99.30486000
2.52699994	99.30486000
2.52719994	99.30486000
2.52739994	99.30486000
2.52759994	97.42863000
2.52779994	99.30486000
2.52799994	97.42863000
2.52819994	97.42863000
2.52839994	97.42863000
2.52859994	97.42863000
2.52879994	97.42863000
2.52899994	97.42863000
2.52919994	97.42863000
2.52939994	97.42863000
2.52959994	97.42863000
2.52979994	97.42863000
2.52999994	97.42863000
2.53019994	97.42863000
2.53039994	97.42863000
2.53059994	97.42863000
2.53079994	97.42863000
2.53099994	97.42863000
2.53119994	97.42863000
2.53139994	97.42863000
2.53159994	97.42863000
2.53179994	97.42863000
2.53199994	95.55241000
2.53219994	95.55241000
2.53239994	95.55241000
2.53259994	95.55241000
2.53279994	95.55241000
2.53299994	95.55241000
2.53319994	95.55241000
2.53339994	95.55241000
2.53359994	95.55241000
2.53379994	95.55241000
2.53399994	95.55241000
2.53419994	95.55241000
2.53439994	95.55241000
2.53459994	95.55241000
2.53479994	95.55241000
2.53499994	95.55241000
2.53519994	95.55241000
2.53539994	95.55241000
2.53559994	95.55241000
2.53579994	95.55241000
2.53599994	95.55241000
2.53619994	95.55241000
2.53639994	95.55241000
2.53659994	93.68233000
2.53679994	93.68233000
2.53699994	93.68233000
2.53719994	93.68233000
2.53739994	93.68233000
2.53759994	93.68233000
2.53779994	93.68233000
2.53799994	93.68233000
2.53819994	93.68233000
2.53839994	93.68233000
2.53859994	93.68233000
2.53879994	93.68233000
2.53899994	93.68233000
2.53919994	93.68233000
2.53939994	93.68233000
2.53959994	91.80609000
2.53979994	91.80609000
2.53999994	91.80609000
2.54019994	91.80609000
2.54039994	91.80609000
2.54059994	91.80609000
2.54079994	91.80609000
2.54099994	91.80609000
2.54119994	91.80609000
2.54139994	91.80609000
2.54159994	91.80609000
2.54179994	91.80609000
2.54199994	91.80609000
2.54219994	91.80609000
2.54239994	91.80609000
2.54259994	89.93602000
2.54279994	91.80609000
2.54299994	89.93602000
2.54319994	89.93602000
2.54339994	91.80609000
2.54359994	89.93602000
2.54379994	89.93602000
2.54399994	89.93602000
2.54419994	89.93602000
2.54439994	89.93602000
2.54459994	89.93602000
2.54479994	89.93602000
2.54499994	89.93602000
2.54519994	89.93602000
2.54539994	89.93602000
2.54559994	89.93602000
2.54579994	89.93602000
2.54599994	89.93602000
2.54619994	89.93602000
2.54639994	89.93602000
2.54659994	89.93602000
2.54679994	89.93602000
2.54699994	88.05978000
2.54719994	88.05978000
2.54739994	88.05978000
2.54759994	88.05978000
2.54779994	88.05978000
2.54799994	88.05978000
2.54819994	88.05978000
2.54839994	88.05978000
2.54859994	88.05978000
2.54879994	88.05978000
2.54899994	88.05978000
2.54919994	88.05978000
2.54939994	86.18356000
2.54959994	86.18356000
2.54979994	86.18356000
2.54999994	86.18356000
2.55019994	86.18356000
2.55039994	86.18356000
2.55059994	86.18356000
2.55079994	86.18356000
2.55099994	86.18356000
2.55119994	86.18356000
2.55139994	86.18356000
2.55159994	84.31348000
2.55179994	86.18356000
2.55199994	84.31348000
2.55219994	86.18356000
2.55239994	84.31348000
2.55259994	84.31348000
2.55279994	84.31348000
2.55299994	84.31348000
2.55319994	84.31348000
2.55339994	84.31348000
2.55359994	84.31348000
2.55379994	84.31348000
2.55399994	84.31348000
2.55419994	84.31348000
2.55439994	84.31348000
2.55459994	84.31348000
2.55479994	84.31348000
2.55499994	84.31348000
2.55519994	84.31348000
2.55539994	84.31348000
2.55559994	82.43725000
2.55579994	82.43725000
2.55599994	82.43725000
2.55619994	82.43725000
2.55639994	82.43725000
2.55659994	82.43725000
2.55679994	82.43725000
2.55699994	82.43725000
2.55719994	82.43725000
2.55739994	80.56717000
2.55759994	80.56717000
2.55779994	80.56717000
2.55799994	80.56717000
2.55819994	80.56717000
2.55839994	80.56717000
2.55859994	80.56717000
2.55879994	80.56717000
2.55899994	80.56717000
2.55919994	78.69094000
2.55939994	78.69094000
2.55959994	78.69094000
2.55979994	78.69094000
2.55999994	78.69094000
2.56019994	78.69094000
2.56039994	76.82086000
2.56059994	78.69094000
2.56079994	76.82086000
2.56099994	78.69094000
2.56119994	78.69094000
2.56139994	76.82086000
2.56159994	76.82086000
2.56179994	76.82086000
2.56199994	76.82086000
2.56219994	76.82086000
2.56239994	76.82086000
2.56259994	76.82086000
2.56279994	76.82086000
2.56299994	76.82086000
2.56319994	76.82086000
2.56339994	76.82086000
2.56359994	76.82086000
2.56379994	76.82086000
2.56399994	76.82086000
2.56419994	76.82086000
2.56439994	76.82086000
2.56459994	76.82086000
2.56479994	76.82086000
2.56499994	76.82086000
2.56519994	76.82086000
2.56539994	76.82086000
2.56559994	76.82086000
2.56579994	76.82086000
2.56599994	74.94463000
2.56619994	74.94463000
2.56639994	74.94463000
2.56659994	74.94463000
2.56679994	74.94463000
2.56699994	74.94463000
2.56719994	74.94463000
2.56739994	74.94463000
2.56759994	73.06840000
2.56779994	73.06840000
2.56799994	73.06840000
2.56819994	73.06840000
2.56839994	73.06840000
2.56859994	73.06840000
2.56879994	73.06840000
2.56899994	73.06840000
2.56919994	73.06840000
2.56939994	71.19833000
2.56959994	71.19833000
2.56979994	71.19833000
2.56999994	71.19833000
2.57019994	71.19833000
2.57039994	71.19833000
2.57059994	71.19833000
2.57079994	71.19833000
2.57099994	71.19833000
2.57119994	69.32209000
2.57139994	69.32209000
2.57159994	69.32209000
2.57179994	69.32209000
2.57199994	69.32209000
2.57219994	69.32209000
2.57239994	69.32209000
2.57259994	69.32209000
2.57279994	69.32209000
2.57299994	69.32209000
2.57319993	69.32209000
2.57339993	69.32209000
2.57359993	69.32209000
2.57379993	69.32209000
2.57399993	69.32209000
2.57419993	69.32209000
2.57439993	69.32209000
2.57459993	69.32209000
2.57479993	69.32209000
2.57499993	69.32209000
2.57519993	69.32209000
2.57539993	69.32209000
2.57559993	69.32209000
2.57579993	69.32209000
2.57599993	69.32209000
2.57619993	69.32209000
2.57639993	69.32209000
2.57659993	69.32209000
2.57679993	69.32209000
2.57699993	69.32209000
2.57719993	67.45202000
2.57739993	67.45202000
2.57759993	67.45202000
2.57779993	67.45202000
2.57799993	67.45202000
2.57819993	67.45202000
2.57839993	67.45202000
2.57859993	67.45202000
2.57879993	65.57578000
2.57899993	65.57578000
2.57919993	65.57578000
2.57939993	65.57578000
2.57959993	65.57578000
2.57979993	65.57578000
2.57999993	65.57578000
2.58019993	65.57578000
2.58039993	63.69955000
2.58059993	63.69955000
2.58079993	63.69955000
2.58099993	63.69955000
2.58119993	63.69955000
2.58139993	63.69955000
2.58159993	63.69955000
2.58179993	63.69955000
2.58199993	61.82948000
2.58219993	63.69955000
2.58239993	63.69955000
2.58259993	61.82948000
2.58279993	61.82948000
2.58299993	61.82948000
2.58319993	61.82948000
2.58339993	61.82948000
2.58359993	61.82948000
2.58379993	61.82948000
2.58399993	61.82948000
2.58419993	61.82948000
2.58439993	61.82948000
2.58459993	61.82948000
2.58479993	61.82948000
2.58499993	61.82948000
2.58519993	61.82948000
2.58539993	59.95324000
2.58559993	59.95324000
2.58579993	61.82948000
2.58599993	61.82948000
2.58619993	59.95324000
2.58639993	59.95324000
2.58659993	59.95324000
2.58679993	59.95324000
2.58699993	59.95324000
2.58719993	59.95324000
2.58739993	59.95324000
2.58759993	59.95324000
2.58779993	59.95324000
2.58799993	59.95324000
2.58819993	59.95324000
2.58839993	59.95324000
2.58859993	59.95324000
2.58879993	59.95324000
2.58899993	59.95324000
2.58919993	58.08316000
2.58939993	58.08316000
2.58959993	58.08316000
2.58979993	59.95324000
2.58999993	58.08316000
2.59019993	58.08316000
2.59039993	58.08316000
2.59059993	58.08316000
2.59079993	58.08316000
2.59099993	58.08316000
2.59119993	58.08316000
2.59139993	58.08316000
2.59159993	58.08316000
2.59179993	58.08316000
2.59199993	58.08316000
2.59219993	58.08316000
2.59239993	58.08316000
2.59259993	58.08316000
2.59279993	58.08316000
2.59299993	58.08316000
2.59319993	58.08316000
2.59339993	58.08316000
2.59359993	58.08316000
2.59379993	58.08316000
2.59399993	58.08316000
2.59419993	58.08316000
2.59439993	58.08316000
2.59459993	58.08316000
2.59479993	58.08316000
2.59499993	58.08316000
2.59519993	58.08316000
2.59539993	58.08316000
2.59559993	58.08316000
2.59579993	58.08316000
2.59599993	58.08316000
2.59619993	58.08316000
2.59639993	58.08316000
2.59659993	58.08316000
2.59679993	58.08316000
2.59699993	58.08316000
2.59719993	58.08316000
2.59739993	58.08316000
2.59759993	58.08316000
2.59779993	58.08316000
2.59799993	58.08316000
2.59819993	58.08316000
2.59839993	58.08316000
2.59859993	58.08316000
2.59879993	58.08316000
2.59899993	58.08316000
2.59919993	58.08316000
2.59939993	58.08316000
2.59959993	58.08316000
2.59979993	58.08316000
2.59999993	58.08316000
2.60019993	58.08316000
2.60039993	58.08316000
2.60059993	58.08316000
2.60079993	58.08316000
2.60099993	58.08316000
2.60119993	58.08316000
2.60139993	58.08316000
2.60159993	58.08316000
2.60179993	58.08316000
2.60199993	58.08316000
2.60219993	58.08316000
2.60239993	58.08316000
2.60259993	58.08316000
2.60279993	58.08316000
2.60299993	58.08316000
2.60319993	58.08316000
2.60339993	58.08316000
2.60359993	59.95324000
2.60379993	59.95324000
2.60399993	59.95324000
2.60419993	59.95324000
2.60439993	59.95324000
2.60459993	59.95324000
2.60479993	59.95324000
2.60499993	59.95324000
2.60519993	59.95324000
2.60539993	59.95324000
2.60559993	59.95324000
2.60579993	59.95324000
2.60599993	59.95324000
2.60619993	59.95324000
2.60639993	61.82948000
2.60659993	61.82948000
2.60679993	61.82948000
2.60699993	61.82948000
2.60719993	61.82948000
2.60739993	61.82948000
2.60759993	61.82948000
2.60779993	61.82948000
2.60799993	61.82948000
2.60819993	61.82948000
2.60839993	61.82948000
2.60859993	63.69955000
2.60879993	63.69955000
2.60899993	61.82948000
2.60919993	63.69955000
2.60939993	63.69955000
2.60959993	63.69955000
2.60979993	63.69955000
2.60999993	63.69955000
2.61019993	63.69955000
2.61039993	63.69955000
2.61059993	63.69955000
2.61079993	63.69955000
2.61099993	63.69955000
2.61119993	63.69955000
2.61139993	65.57578000
2.61159993	63.69955000
2.61179993	63.69955000
2.61199993	63.69955000
2.61219993	65.57578000
2.61239993	63.69955000
2.61259993	63.69955000
2.61279993	63.69955000
2.61299993	63.69955000
2.61319993	63.69955000
2.61339993	63.69955000
2.61359993	65.57578000
2.61379993	63.69955000
2.61399993	65.57578000
2.61419993	65.57578000
2.61439993	65.57578000
2.61459993	65.57578000
2.61479993	65.57578000
2.61499993	65.57578000
2.61519993	65.57578000
2.61539993	65.57578000
2.61559993	65.57578000
2.61579993	65.57578000
2.61599993	65.57578000
2.61619993	65.57578000
2.61639993	65.57578000
2.61659993	65.57578000
2.61679993	65.57578000
2.61699993	67.45202000
2.61719993	67.45202000
2.61739993	67.45202000
2.61759993	67.45202000
2.61779993	67.45202000
2.61799993	67.45202000
2.61819993	67.45202000
2.61839993	67.45202000
2.61859993	67.45202000
2.61879993	67.45202000
2.61899993	67.45202000
2.61919993	67.45202000
2.61939993	69.32209000
2.61959993	69.32209000
2.61979993	69.32209000
2.61999993	69.32209000
2.62019993	69.32209000
2.62039993	69.32209000
2.62059993	69.32209000
2.62079993	69.32209000
2.62099993	69.32209000
2.62119993	69.32209000
2.62139993	71.19833000
2.62159993	71.19833000
2.62179993	71.19833000
2.62199993	71.19833000
2.62219993	71.19833000
2.62239993	71.19833000
2.62259993	71.19833000
2.62279993	71.19833000
2.62299993	71.19833000
2.62319993	71.19833000
2.62339993	71.19833000
2.62359993	71.19833000
2.62379993	71.19833000
2.62399993	73.06840000
2.62419993	73.06840000
2.62439993	73.06840000
2.62459993	73.06840000
2.62479993	73.06840000
2.62499993	73.06840000
2.62519993	73.06840000
2.62539993	73.06840000
2.62559993	74.94463000
2.62579993	74.94463000
2.62599993	74.94463000
2.62619993	74.94463000
2.62639993	74.94463000
2.62659993	76.82086000
2.62679993	76.82086000
2.62699993	76.82086000
2.62719993	76.82086000
2.62739993	76.82086000
2.62759993	76.82086000
2.62779993	78.69094000
2.62799993	78.69094000
2.62819993	78.69094000
2.62839993	78.69094000
2.62859993	78.69094000
2.62879993	78.69094000
2.62899993	78.69094000
2.62919993	80.56717000
2.62939993	78.69094000
2.62959993	78.69094000
2.62979993	80.56717000
2.62999993	80.56717000
2.63019993	80.56717000
2.63039993	80.56717000
2.63059993	80.56717000
2.63079993	80.56717000
2.63099993	80.56717000
2.63119993	80.56717000
2.63139993	80.56717000
2.63159993	80.56717000
2.63179993	80.56717000
2.63199993	82.43725000
2.63219993	82.43725000
2.63239993	82.43725000
2.63259993	82.43725000
2.63279993	82.43725000
2.63299993	82.43725000
2.63319993	82.43725000
2.63339993	82.43725000
2.63359993	82.43725000
2.63379993	82.43725000
2.63399993	82.43725000
2.63419993	82.43725000
2.63439993	82.43725000
2.63459993	82.43725000
2.63479993	82.43725000
2.63499993	82.43725000
2.63519993	82.43725000
2.63539993	82.43725000
2.63559993	82.43725000
2.63579993	84.31348000
2.63599993	84.31348000
2.63619993	84.31348000
2.63639993	84.31348000
2.63659993	84.31348000
2.63679993	84.31348000
2.63699993	84.31348000
2.63719993	84.31348000
2.63739993	84.31348000
2.63759993	84.31348000
2.63779993	84.31348000
2.63799993	84.31348000
2.63819993	86.18356000
2.63839993	86.18356000
2.63859993	86.18356000
2.63879993	86.18356000
2.63899993	86.18356000
2.63919993	86.18356000
2.63939993	86.18356000
2.63959993	86.18356000
2.63979993	86.18356000
2.63999993	86.18356000
2.64019993	86.18356000
2.64039993	86.18356000
2.64059993	88.05978000
2.64079993	88.05978000
2.64099993	88.05978000
2.64119993	88.05978000
2.64139993	88.05978000
2.64159993	88.05978000
2.64179993	88.05978000
2.64199993	88.05978000
2.64219993	88.05978000
2.64239993	88.05978000
2.64259993	88.05978000
2.64279993	88.05978000
2.64299993	88.05978000
2.64319993	88.05978000
2.64339993	88.05978000
2.64359993	89.93602000
2.64379993	89.93602000
2.64399993	89.93602000
2.64419993	89.93602000
2.64439993	89.93602000
2.64459993	89.93602000
2.64479993	89.93602000
2.64499993	89.93602000
2.64519993	89.93602000
2.64539993	89.93602000
2.64559993	89.93602000
2.64579993	89.93602000
2.64599993	89.93602000
2.64619993	91.80609000
2.64639993	89.93602000
2.64659993	91.80609000
2.64679993	91.80609000
2.64699993	91.80609000
2.64719993	91.80609000
2.64739993	91.80609000
2.64759993	91.80609000
2.64779993	91.80609000
2.64799993	91.80609000
2.64819993	91.80609000
2.64839993	91.80609000
2.64859993	93.68233000
2.64879993	93.68233000
2.64899993	93.68233000
2.64919993	93.68233000
2.64939993	93.68233000
2.64959993	93.68233000
2.64979993	93.68233000
2.64999993	93.68233000
2.65019993	93.68233000
2.65039993	93.68233000
2.65059993	93.68233000
2.65079993	93.68233000
2.65099993	93.68233000
2.65119993	93.68233000
2.65139993	93.68233000
2.65159993	93.68233000
2.65179993	93.68233000
2.65199993	93.68233000
2.65219993	93.68233000
2.65239993	93.68233000
2.65259993	93.68233000
2.65279993	93.68233000
2.65299993	93.68233000
2.65319993	93.68233000
2.65339993	93.68233000
2.65359993	93.68233000
2.65379993	93.68233000
2.65399993	93.68233000
2.65419993	93.68233000
2.65439993	95.55241000
2.65459993	95.55241000
2.65479993	95.55241000
2.65499993	95.55241000
2.65519993	95.55241000
2.65539993	95.55241000
2.65559993	95.55241000
2.65579993	95.55241000
2.65599993	95.55241000
2.65619993	95.55241000
2.65639993	95.55241000
2.65659993	95.55241000
2.65679993	95.55241000
2.65699993	95.55241000
2.65719993	95.55241000
2.65739993	95.55241000
2.65759993	97.42863000
2.65779993	97.42863000
2.65799993	95.55241000
2.65819993	97.42863000
2.65839993	97.42863000
2.65859993	97.42863000
2.65879993	97.42863000
2.65899993	97.42863000
2.65919993	97.42863000
2.65939993	97.42863000
2.65959993	97.42863000
2.65979993	97.42863000
2.65999993	97.42863000
2.66019993	97.42863000
2.66039993	97.42863000
2.66059993	97.42863000
2.66079993	97.42863000
2.66099993	97.42863000
2.66119993	97.42863000
2.66139993	97.42863000
2.66159993	97.42863000
2.66179993	97.42863000
2.66199993	97.42863000
2.66219993	97.42863000
2.66239993	97.42863000
2.66259993	97.42863000
2.66279993	97.42863000
2.66299993	97.42863000
2.66319993	97.42863000
2.66339993	97.42863000
2.66359993	97.42863000
2.66379993	97.42863000
2.66399993	97.42863000
2.66419993	97.42863000
2.66439993	97.42863000
2.66459993	97.42863000
2.66479993	97.42863000
2.66499993	97.42863000
2.66519993	97.42863000
2.66539993	97.42863000
2.66559993	97.42863000
2.66579993	97.42863000
2.66599993	97.42863000
2.66619993	97.42863000
2.66639993	99.30486000
2.66659993	99.30486000
2.66679993	99.30486000
2.66699993	99.30486000
2.66719993	99.30486000
2.66739993	99.30486000
2.66759993	99.30486000
2.66779993	99.30486000
2.66799993	99.30486000
2.66819993	99.30486000
2.66839993	99.30486000
2.66859993	99.30486000
2.66879993	99.30486000
2.66899993	99.30486000
2.66919993	99.30486000
2.66939993	99.30486000
2.66959993	99.30486000
2.66979993	99.30486000
2.66999993	99.30486000
2.67019993	99.30486000
2.67039993	99.30486000
2.67059993	99.30486000
2.67079993	99.30486000
2.67099993	99.30486000
2.67119993	99.30486000
2.67139993	99.30486000
2.67159993	99.30486000
2.67179993	99.30486000
2.67199993	99.30486000
2.67219993	99.30486000
2.67239993	99.30486000
2.67259993	99.30486000
2.67279993	99.30486000
2.67299993	99.30486000
2.67319993	99.30486000
2.67339993	99.30486000
2.67359993	99.30486000
2.67379993	99.30486000
2.67399993	99.30486000
2.67419993	99.30486000
2.67439993	99.30486000
2.67459993	99.30486000
2.67479993	99.30486000
2.67499993	99.30486000
2.67519993	99.30486000
2.67539993	99.30486000
2.67559993	99.30486000
2.67579993	99.30486000
2.67599993	99.30486000
2.67619993	99.30486000
2.67639993	99.30486000
2.67659993	99.30486000
2.67679993	99.30486000
2.67699993	99.30486000
2.67719993	99.30486000
2.67739993	99.30486000
2.67759993	99.30486000
2.67779993	99.30486000
2.67799993	99.30486000
2.67819993	99.30486000
2.67839993	101.17490000
2.67859993	101.17490000
2.67879993	101.17490000
2.67899993	101.17490000
2.67919993	101.17490000
2.67939993	101.17490000
2.67959993	101.17490000
2.67979993	101.17490000
2.67999993	101.17490000
2.68019993	101.17490000
2.68039993	101.17490000
2.68059993	101.17490000
2.68079993	101.17490000
2.68099993	101.17490000
2.68119993	101.17490000
2.68139993	101.17490000
2.68159993	101.17490000
2.68179993	101.17490000
2.68199993	101.17490000
2.68219993	101.17490000
2.68239993	101.17490000
2.68259993	101.17490000
2.68279993	101.17490000
2.68299993	101.17490000
2.68319993	101.17490000
2.68339993	101.17490000
2.68359993	101.17490000
2.68379993	101.17490000
2.68399993	101.17490000
2.68419993	101.17490000
2.68439993	101.17490000
2.68459993	101.17490000
2.68479993	101.17490000
2.68499993	101.17490000
2.68519993	101.17490000
2.68539993	101.17490000
2.68559993	101.17490000
2.68579993	101.17490000
2.68599993	101.17490000
2.68619993	101.17490000
2.68639993	101.17490000
2.68659993	101.17490000
2.68679993	101.17490000
2.68699993	101.17490000
2.68719993	101.17490000
2.68739993	101.17490000
2.68759993	101.17490000
2.68779993	101.17490000
2.68799993	101.17490000
2.68819993	101.17490000
2.68839993	101.17490000
2.68859993	101.17490000
2.68879993	101.17490000
2.68899993	101.17490000
2.68919993	99.30486000
2.68939993	101.17490000
2.68959993	101.17490000
2.68979993	99.30486000
2.68999993	99.30486000
2.69019993	99.30486000
2.69039993	99.30486000
2.69059993	99.30486000
2.69079993	99.30486000
2.69099993	99.30486000
2.69119993	99.30486000
2.69139993	99.30486000
2.69159993	99.30486000
2.69179993	99.30486000
2.69199993	99.30486000
2.69219993	99.30486000
2.69239993	99.30486000
2.69259993	99.30486000
2.69279993	99.30486000
2.69299993	99.30486000
2.69319993	99.30486000
2.69339993	99.30486000
2.69359993	99.30486000
2.69379993	99.30486000
2.69399993	99.30486000
2.69419993	99.30486000
2.69439993	99.30486000
2.69459993	99.30486000
2.69479993	99.30486000
2.69499993	99.30486000
2.69519993	99.30486000
2.69539993	99.30486000
2.69559993	99.30486000
2.69579993	99.30486000
2.69599993	99.30486000
2.69619993	99.30486000
2.69639993	99.30486000
2.69659993	99.30486000
2.69679993	99.30486000
2.69699993	99.30486000
2.69719993	99.30486000
2.69739993	99.30486000
2.69759993	99.30486000
2.69779993	99.30486000
2.69799993	99.30486000
2.69819993	99.30486000
2.69839993	99.30486000
2.69859993	99.30486000
2.69879993	99.30486000
2.69899993	99.30486000
2.69919993	99.30486000
2.69939993	99.30486000
2.69959993	99.30486000
2.69979993	99.30486000
2.69999993	99.30486000
2.70019993	97.42863000
2.70039993	97.42863000
2.70059993	97.42863000
2.70079993	97.42863000
2.70099993	97.42863000
2.70119993	97.42863000
2.70139993	97.42863000
2.70159993	97.42863000
2.70179993	97.42863000
2.70199993	97.42863000
2.70219993	97.42863000
2.70239993	97.42863000
2.70259993	97.42863000
2.70279993	97.42863000
2.70299993	97.42863000
2.70319993	97.42863000
2.70339993	97.42863000
2.70359993	97.42863000
2.70379993	97.42863000
2.70399993	97.42863000
2.70419993	97.42863000
2.70439993	97.42863000
2.70459993	97.42863000
2.70479993	97.42863000
2.70499993	97.42863000
2.70519993	97.42863000
2.70539993	97.42863000
2.70559993	97.42863000
2.70579993	97.42863000
2.70599993	97.42863000
2.70619993	97.42863000
2.70639993	97.42863000
2.70659993	97.42863000
2.70679993	97.42863000
2.70699993	97.42863000
2.70719993	97.42863000
2.70739993	97.42863000
2.70759993	97.42863000
2.70779993	97.42863000
2.70799993	97.42863000
2.70819993	95.55241000
2.70839993	95.55241000
2.70859993	95.55241000
2.70879993	95.55241000
2.70899993	95.55241000
2.70919993	95.55241000
2.70939993	95.55241000
2.70959993	95.55241000
2.70979993	95.55241000
2.70999993	95.55241000
2.71019993	95.55241000
2.71039993	95.55241000
2.71059993	95.55241000
2.71079993	95.55241000
2.71099993	95.55241000
2.71119993	95.55241000
2.71139993	95.55241000
2.71159993	95.55241000
2.71179993	95.55241000
2.71199993	95.55241000
2.71219993	95.55241000
2.71239993	95.55241000
2.71259993	95.55241000
2.71279993	95.55241000
2.71299993	95.55241000
2.71319993	95.55241000
2.71339993	95.55241000
2.71359993	95.55241000
2.71379993	95.55241000
2.71399993	95.55241000
2.71419993	95.55241000
2.71439993	95.55241000
2.71459993	95.55241000
2.71479993	95.55241000
2.71499993	95.55241000
2.71519993	95.55241000
2.71539993	95.55241000
2.71559993	95.55241000
2.71579993	95.55241000
2.71599993	93.68233000
2.71619993	95.55241000
2.71639993	93.68233000
2.71659993	93.68233000
2.71679993	93.68233000
2.71699993	93.68233000
2.71719993	93.68233000
2.71739993	93.68233000
2.71759993	93.68233000
2.71779993	93.68233000
2.71799993	93.68233000
2.71819993	93.68233000
2.71839993	93.68233000
2.71859993	91.80609000
2.71879993	91.80609000
2.71899993	91.80609000
2.71919993	91.80609000
2.71939993	91.80609000
2.71959993	91.80609000
2.71979993	91.80609000
2.71999993	91.80609000
2.72019993	91.80609000
2.72039993	91.80609000
2.72059993	91.80609000
2.72079993	89.93602000
2.72099993	89.93602000
2.72119993	89.93602000
2.72139993	89.93602000
2.72159993	89.93602000
2.72179993	89.93602000
2.72199993	89.93602000
2.72219993	89.93602000
2.72239993	89.93602000
2.72259993	89.93602000
2.72279993	89.93602000
2.72299993	89.93602000
2.72319993	89.93602000
2.72339993	89.93602000
2.72359993	89.93602000
2.72379993	89.93602000
2.72399993	89.93602000
2.72419993	89.93602000
2.72439993	89.93602000
2.72459993	89.93602000
2.72479993	89.93602000
2.72499993	89.93602000
2.72519993	89.93602000
2.72539993	89.93602000
2.72559993	88.05978000
2.72579993	88.05978000
2.72599993	88.05978000
2.72619993	88.05978000
2.72639993	88.05978000
2.72659993	88.05978000
2.72679993	88.05978000
2.72699993	88.05978000
2.72719993	88.05978000
2.72739993	88.05978000
2.72759993	88.05978000
2.72779993	86.18356000
2.72799993	86.18356000
2.72819993	86.18356000
2.72839993	86.18356000
2.72859993	86.18356000
2.72879993	86.18356000
2.72899993	86.18356000
2.72919993	86.18356000
2.72939993	86.18356000
2.72959993	86.18356000
2.72979993	86.18356000
2.72999993	86.18356000
2.73019993	86.18356000
2.73039993	86.18356000
2.73059993	86.18356000
2.73079993	86.18356000
2.73099993	86.18356000
2.73119993	86.18356000
2.73139993	86.18356000
2.73159993	86.18356000
2.73179993	86.18356000
2.73199993	86.18356000
2.73219993	86.18356000
2.73239993	86.18356000
2.73259993	86.18356000
2.73279993	86.18356000
2.73299993	86.18356000
2.73319993	86.18356000
2.73339993	86.18356000
2.73359993	86.18356000
2.73379993	86.18356000
2.73399993	86.18356000
2.73419993	86.18356000
2.73439993	86.18356000
2.73459993	86.18356000
2.73479993	86.18356000
2.73499993	86.18356000
2.73519993	86.18356000
2.73539993	86.18356000
2.73559993	86.18356000
2.73579993	86.18356000
2.73599993	86.18356000
2.73619993	86.18356000
2.73639993	86.18356000
2.73659993	86.18356000
2.73679993	86.18356000
2.73699993	84.31348000
2.73719993	84.31348000
2.73739993	84.31348000
2.73759993	84.31348000
2.73779993	84.31348000
2.73799993	84.31348000
2.73819993	84.31348000
2.73839993	84.31348000
2.73859993	82.43725000
2.73879993	82.43725000
2.73899993	82.43725000
2.73919993	82.43725000
2.73939993	82.43725000
2.73959993	82.43725000
2.73979993	80.56717000
2.73999993	80.56717000
2.74019993	80.56717000
2.74039993	80.56717000
2.74059993	80.56717000
2.74079993	80.56717000
2.74099993	80.56717000
2.74119993	80.56717000
2.74139993	80.56717000
2.74159993	80.56717000
2.74179993	80.56717000
2.74199993	80.56717000
2.74219993	80.56717000
2.74239993	80.56717000
2.74259993	80.56717000
2.74279993	80.56717000
2.74299993	80.56717000
2.74319993	80.56717000
2.74339993	80.56717000
2.74359993	80.56717000
2.74379993	80.56717000
2.74399993	80.56717000
2.74419993	80.56717000
2.74439993	80.56717000
2.74459993	80.56717000
2.74479993	80.56717000
2.74499993	80.56717000
2.74519993	78.69094000
2.74539993	78.69094000
2.74559993	78.69094000
2.74579993	78.69094000
2.74599993	78.69094000
2.74619993	78.69094000
2.74639993	78.69094000
2.74659993	78.69094000
2.74679993	78.69094000
2.74699993	76.82086000
2.74719993	76.82086000
2.74739993	76.82086000
2.74759993	76.82086000
2.74779993	76.82086000
2.74799993	76.82086000
2.74819993	76.82086000
2.74839993	76.82086000
2.74859993	74.94463000
2.74879993	74.94463000
2.74899993	74.94463000
2.74919993	74.94463000
2.74939993	74.94463000
2.74959993	74.94463000
2.74979993	74.94463000
2.74999993	73.06840000
2.75019993	73.06840000
2.75039993	73.06840000
2.75059993	73.06840000
2.75079993	73.06840000
2.75099993	73.06840000
2.75119993	73.06840000
2.75139993	73.06840000
2.75159993	73.06840000
2.75179993	73.06840000
2.75199993	73.06840000
2.75219993	73.06840000
2.75239993	73.06840000
2.75259993	73.06840000
2.75279993	73.06840000
2.75299993	73.06840000
2.75319993	73.06840000
2.75339993	73.06840000
2.75359993	73.06840000
2.75379993	73.06840000
2.75399993	73.06840000
2.75419993	73.06840000
2.75439993	73.06840000
2.75459993	73.06840000
2.75479993	73.06840000
2.75499993	73.06840000
2.75519993	73.06840000
2.75539993	73.06840000
2.75559993	73.06840000
2.75579993	73.06840000
2.75599993	73.06840000
2.75619993	73.06840000
2.75639993	71.19833000
2.75659993	71.19833000
2.75679993	71.19833000
2.75699993	71.19833000
2.75719993	71.19833000
2.75739993	71.19833000
2.75759993	71.19833000
2.75779993	71.19833000
2.75799993	71.19833000
2.75819993	71.19833000
2.75839993	69.32209000
2.75859993	69.32209000
2.75879993	69.32209000
2.75899993	69.32209000
2.75919993	69.32209000
2.75939993	69.32209000
2.75959993	69.32209000
2.75979993	69.32209000
2.75999993	69.32209000
2.76019993	69.32209000
2.76039993	69.32209000
2.76059993	69.32209000
2.76079993	67.45202000
2.76099993	69.32209000
2.76119993	67.45202000
2.76139993	69.32209000
2.76159993	67.45202000
2.76179993	67.45202000
2.76199993	67.45202000
2.76219993	67.45202000
2.76239993	67.45202000
2.76259993	67.45202000
2.76279993	67.45202000
2.76299993	67.45202000
2.76319993	67.45202000
2.76339993	67.45202000
2.76359993	67.45202000
2.76379993	67.45202000
2.76399993	67.45202000
2.76419993	67.45202000
2.76439993	65.57578000
2.76459993	65.57578000
2.76479993	65.57578000
2.76499993	65.57578000
2.76519993	65.57578000
2.76539993	65.57578000
2.76559993	65.57578000
2.76579993	65.57578000
2.76599993	65.57578000
2.76619993	63.69955000
2.76639993	63.69955000
2.76659993	63.69955000
2.76679993	63.69955000
2.76699993	63.69955000
2.76719993	63.69955000
2.76739993	61.82948000
2.76759993	61.82948000
2.76779993	61.82948000
2.76799993	61.82948000
2.76819993	61.82948000
2.76839993	61.82948000
2.76859993	61.82948000
2.76879993	59.95324000
2.76899993	61.82948000
2.76919993	59.95324000
2.76939993	59.95324000
2.76959993	59.95324000
2.76979993	59.95324000
2.76999993	59.95324000
2.77019993	59.95324000
2.77039993	59.95324000
2.77059993	59.95324000
2.77079993	59.95324000
2.77099993	59.95324000
2.77119993	59.95324000
2.77139993	59.95324000
2.77159993	59.95324000
2.77179993	59.95324000
2.77199993	59.95324000
2.77219993	59.95324000
2.77239993	59.95324000
2.77259993	59.95324000
2.77279993	59.95324000
2.77299993	61.82948000
2.77319993	59.95324000
2.77339993	61.82948000
2.77359993	59.95324000
2.77379993	59.95324000
2.77399993	61.82948000
2.77419993	59.95324000
2.77439993	61.82948000
2.77459993	61.82948000
2.77479993	61.82948000
2.77499993	61.82948000
2.77519993	59.95324000
2.77539993	59.95324000
2.77559993	59.95324000
2.77579993	59.95324000
2.77599993	59.95324000
2.77619993	59.95324000
2.77639993	59.95324000
2.77659993	59.95324000
2.77679993	59.95324000
2.77699993	59.95324000
2.77719993	59.95324000
2.77739993	59.95324000
2.77759993	59.95324000
2.77779993	59.95324000
2.77799993	59.95324000
2.77819993	59.95324000
2.77839993	59.95324000
2.77859993	59.95324000
2.77879993	59.95324000
2.77899993	59.95324000
2.77919993	58.08316000
2.77939993	58.08316000
2.77959993	58.08316000
2.77979993	58.08316000
2.77999993	59.95324000
2.78019993	58.08316000
2.78039993	58.08316000
2.78059993	58.08316000
2.78079993	58.08316000
2.78099993	58.08316000
2.78119993	58.08316000
2.78139993	58.08316000
2.78159993	59.95324000
2.78179993	58.08316000
2.78199993	58.08316000
2.78219993	58.08316000
2.78239993	58.08316000
2.78259993	59.95324000
2.78279993	58.08316000
2.78299993	58.08316000
2.78319993	58.08316000
2.78339993	58.08316000
2.78359993	59.95324000
2.78379993	58.08316000
2.78399993	58.08316000
2.78419993	58.08316000
2.78439993	58.08316000
2.78459993	58.08316000
2.78479993	59.95324000
2.78499993	58.08316000
2.78519993	58.08316000
2.78539993	58.08316000
2.78559993	58.08316000
2.78579993	58.08316000
2.78599993	58.08316000
2.78619993	58.08316000
2.78639993	58.08316000
2.78659993	58.08316000
2.78679993	58.08316000
2.78699993	58.08316000
2.78719993	58.08316000
2.78739993	58.08316000
2.78759993	58.08316000
2.78779993	58.08316000
2.78799993	58.08316000
2.78819993	58.08316000
2.78839993	58.08316000
2.78859993	58.08316000
2.78879993	58.08316000
2.78899993	58.08316000
2.78919993	58.08316000
2.78939993	58.08316000
2.78959993	58.08316000
2.78979993	58.08316000
2.78999993	58.08316000
2.79019993	58.08316000
2.79039993	58.08316000
2.79059993	58.08316000
2.79079993	59.95324000
2.79099993	59.95324000
2.79119993	59.95324000
2.79139993	59.95324000
2.79159993	59.95324000
2.79179993	59.95324000
2.79199993	59.95324000
2.79219993	59.95324000
2.79239993	59.95324000
2.79259993	59.95324000
2.79279993	59.95324000
2.79299993	59.95324000
2.79319993	59.95324000
2.79339993	59.95324000
2.79359993	59.95324000
2.79379993	59.95324000
2.79399993	59.95324000
2.79419993	59.95324000
2.79439993	59.95324000
2.79459993	59.95324000
2.79479993	61.82948000
2.79499993	59.95324000
2.79519993	59.95324000
2.79539993	61.82948000
2.79559993	59.95324000
2.79579993	61.82948000
2.79599993	61.82948000
2.79619993	61.82948000
2.79639993	61.82948000
2.79659993	61.82948000
2.79679993	61.82948000
2.79699993	61.82948000
2.79719993	61.82948000
2.79739993	61.82948000
2.79759993	61.82948000
2.79779993	61.82948000
2.79799993	61.82948000
2.79819993	63.69955000
2.79839993	61.82948000
2.79859993	63.69955000
2.79879993	63.69955000
2.79899993	63.69955000
2.79919993	63.69955000
2.79939993	63.69955000
2.79959993	63.69955000
2.79979993	63.69955000
2.79999993	63.69955000
2.80019993	63.69955000
2.80039993	63.69955000
2.80059993	63.69955000
2.80079993	63.69955000
2.80099993	63.69955000
2.80119993	63.69955000
2.80139993	63.69955000
2.80159993	63.69955000
2.80179993	65.57578000
2.80199993	65.57578000
2.80219993	65.57578000
2.80239993	65.57578000
2.80259993	65.57578000
2.80279993	65.57578000
2.80299993	65.57578000
2.80319993	65.57578000
2.80339993	65.57578000
2.80359993	65.57578000
2.80379993	65.57578000
2.80399993	65.57578000
2.80419993	65.57578000
2.80439993	65.57578000
2.80459993	65.57578000
2.80479993	65.57578000
2.80499993	67.45202000
2.80519993	65.57578000
2.80539993	67.45202000
2.80559993	67.45202000
2.80579993	67.45202000
2.80599993	67.45202000
2.80619993	67.45202000
2.80639993	67.45202000
2.80659993	67.45202000
2.80679993	67.45202000
2.80699993	67.45202000
2.80719993	67.45202000
2.80739993	69.32209000
2.80759993	69.32209000
2.80779993	67.45202000
2.80799993	69.32209000
2.80819993	69.32209000
2.80839993	69.32209000
2.80859993	69.32209000
2.80879993	69.32209000
2.80899993	69.32209000
2.80919993	69.32209000
2.80939993	69.32209000
2.80959993	71.19833000
2.80979993	71.19833000
2.80999993	71.19833000
2.81019993	71.19833000
2.81039993	71.19833000
2.81059993	71.19833000
2.81079993	71.19833000
2.81099993	71.19833000
2.81119993	71.19833000
2.81139993	71.19833000
2.81159993	71.19833000
2.81179993	73.06840000
2.81199993	71.19833000
2.81219993	73.06840000
2.81239993	73.06840000
2.81259993	73.06840000
2.81279993	73.06840000
2.81299993	71.19833000
2.81319993	73.06840000
2.81339993	73.06840000
2.81359993	73.06840000
2.81379993	73.06840000
2.81399993	73.06840000
2.81419993	73.06840000
2.81439993	73.06840000
2.81459993	73.06840000
2.81479993	73.06840000
2.81499993	73.06840000
2.81519993	73.06840000
2.81539993	74.94463000
2.81559993	74.94463000
2.81579993	74.94463000
2.81599993	74.94463000
2.81619993	74.94463000
2.81639993	74.94463000
2.81659993	74.94463000
2.81679993	74.94463000
2.81699993	76.82086000
2.81719993	76.82086000
2.81739993	76.82086000
2.81759993	76.82086000
2.81779993	76.82086000
2.81799993	76.82086000
2.81819993	76.82086000
2.81839993	76.82086000
2.81859993	76.82086000
2.81879993	78.69094000
2.81899993	78.69094000
2.81919993	78.69094000
2.81939993	78.69094000
2.81959993	78.69094000
2.81979993	78.69094000
2.81999993	78.69094000
2.82019993	78.69094000
2.82039993	78.69094000
2.82059993	78.69094000
2.82079993	78.69094000
2.82099993	78.69094000
2.82119993	80.56717000
2.82139993	80.56717000
2.82159993	80.56717000
2.82179993	80.56717000
2.82199993	80.56717000
2.82219993	80.56717000
2.82239993	80.56717000
2.82259993	80.56717000
2.82279993	80.56717000
2.82299993	80.56717000
2.82319993	80.56717000
2.82339993	80.56717000
2.82359993	80.56717000
2.82379993	80.56717000
2.82399993	80.56717000
2.82419993	80.56717000
2.82439993	80.56717000
2.82459993	80.56717000
2.82479993	82.43725000
2.82499993	82.43725000
2.82519993	82.43725000
2.82539993	82.43725000
2.82559993	82.43725000
2.82579993	82.43725000
2.82599993	82.43725000
2.82619993	82.43725000
2.82639993	82.43725000
2.82659993	82.43725000
2.82679993	82.43725000
2.82699993	82.43725000
2.82719993	82.43725000
2.82739993	82.43725000
2.82759993	82.43725000
2.82779993	84.31348000
2.82799993	84.31348000
2.82819993	84.31348000
2.82839993	84.31348000
2.82859993	84.31348000
2.82879993	84.31348000
2.82899993	84.31348000
2.82919993	84.31348000
2.82939993	84.31348000
2.82959993	84.31348000
2.82979993	84.31348000
2.82999993	84.31348000
2.83019993	84.31348000
2.83039993	86.18356000
2.83059993	86.18356000
2.83079993	86.18356000
2.83099993	86.18356000
2.83119993	86.18356000
2.83139993	86.18356000
2.83159993	86.18356000
2.83179993	86.18356000
2.83199993	86.18356000
2.83219993	86.18356000
2.83239993	86.18356000
2.83259993	86.18356000
2.83279993	86.18356000
2.83299993	86.18356000
2.83319993	86.18356000
2.83339993	86.18356000
2.83359993	86.18356000
2.83379993	86.18356000
2.83399993	86.18356000
2.83419993	88.05978000
2.83439993	88.05978000
2.83459993	88.05978000
2.83479993	88.05978000
2.83499993	88.05978000
2.83519993	88.05978000
2.83539993	88.05978000
2.83559993	88.05978000
2.83579993	88.05978000
2.83599993	88.05978000
2.83619993	88.05978000
2.83639993	88.05978000
2.83659993	88.05978000
2.83679993	89.93602000
2.83699993	88.05978000
2.83719993	89.93602000
2.83739993	89.93602000
2.83759993	89.93602000
2.83779993	89.93602000
2.83799993	89.93602000
2.83819993	89.93602000
2.83839993	89.93602000
2.83859993	91.80609000
2.83879993	91.80609000
2.83899993	91.80609000
2.83919993	91.80609000
2.83939993	91.80609000
2.83959993	91.80609000
2.83979993	91.80609000
2.83999993	91.80609000
2.84019993	91.80609000
2.84039993	91.80609000
2.84059993	91.80609000
2.84079993	91.80609000
2.84099993	91.80609000
2.84119993	91.80609000
2.84139993	93.68233000
2.84159993	93.68233000
2.84179993	93.68233000
2.84199993	93.68233000
2.84219993	93.68233000
2.84239993	93.68233000
2.84259993	93.68233000
2.84279993	93.68233000
2.84299993	93.68233000
2.84319993	93.68233000
2.84339993	93.68233000
2.84359993	93.68233000
2.84379993	93.68233000
2.84399993	93.68233000
2.84419993	93.68233000
2.84439993	93.68233000
2.84459993	93.68233000
2.84479993	93.68233000
2.84499993	93.68233000
2.84519993	93.68233000
2.84539993	93.68233000
2.84559993	93.68233000
2.84579993	93.68233000
2.84599993	93.68233000
2.84619993	93.68233000
2.84639993	93.68233000
2.84659993	93.68233000
2.84679993	93.68233000
2.84699993	93.68233000
2.84719993	93.68233000
2.84739993	95.55241000
2.84759993	93.68233000
2.84779993	93.68233000
2.84799993	93.68233000
2.84819993	95.55241000
2.84839993	95.55241000
2.84859993	95.55241000
2.84879993	95.55241000
2.84899993	95.55241000
2.84919993	95.55241000
2.84939993	95.55241000
2.84959993	95.55241000
2.84979993	95.55241000
2.84999993	95.55241000
2.85019993	95.55241000
2.85039993	95.55241000
2.85059993	95.55241000
2.85079993	95.55241000
2.85099993	95.55241000
2.85119993	95.55241000
2.85139993	95.55241000
2.85159993	95.55241000
2.85179993	95.55241000
2.85199993	95.55241000
2.85219993	95.55241000
2.85239993	95.55241000
2.85259993	95.55241000
2.85279993	95.55241000
2.85299993	95.55241000
2.85319993	95.55241000
2.85339993	95.55241000
2.85359993	95.55241000
2.85379993	95.55241000
2.85399993	95.55241000
2.85419993	95.55241000
2.85439993	95.55241000
2.85459993	95.55241000
2.85479993	95.55241000
2.85499993	95.55241000
2.85519993	95.55241000
2.85539993	95.55241000
2.85559993	95.55241000
2.85579993	97.42863000
2.85599993	97.42863000
2.85619993	95.55241000
2.85639993	95.55241000
2.85659993	97.42863000
2.85679993	95.55241000
2.85699993	95.55241000
2.85719993	95.55241000
2.85739993	97.42863000
2.85759993	97.42863000
2.85779993	97.42863000
2.85799993	97.42863000
2.85819993	97.42863000
2.85839993	97.42863000
2.85859993	97.42863000
2.85879993	97.42863000
2.85899993	97.42863000
2.85919993	97.42863000
2.85939993	97.42863000
2.85959993	97.42863000
2.85979993	97.42863000
2.85999993	97.42863000
2.86019993	97.42863000
2.86039993	97.42863000
2.86059993	97.42863000
2.86079993	97.42863000
2.86099993	97.42863000
2.86119993	97.42863000
2.86139993	97.42863000
2.86159993	97.42863000
2.86179993	97.42863000
2.86199993	97.42863000
2.86219993	97.42863000
2.86239993	97.42863000
2.86259993	97.42863000
2.86279993	97.42863000
2.86299993	97.42863000
2.86319993	97.42863000
2.86339993	97.42863000
2.86359993	97.42863000
2.86379993	97.42863000
2.86399993	97.42863000
2.86419993	97.42863000
2.86439993	97.42863000
2.86459993	97.42863000
2.86479993	97.42863000
2.86499993	97.42863000
2.86519993	97.42863000
2.86539993	97.42863000
2.86559993	97.42863000
2.86579993	99.30486000
2.86599993	99.30486000
2.86619993	99.30486000
2.86639993	99.30486000
2.86659993	99.30486000
2.86679993	99.30486000
2.86699993	99.30486000
2.86719993	99.30486000
2.86739993	99.30486000
2.86759993	99.30486000
2.86779993	99.30486000
2.86799993	99.30486000
2.86819993	99.30486000
2.86839993	99.30486000
2.86859993	99.30486000
2.86879993	99.30486000
2.86899993	99.30486000
2.86919993	99.30486000
2.86939993	99.30486000
2.86959993	99.30486000
2.86979993	99.30486000
2.86999993	99.30486000
2.87019993	99.30486000
2.87039993	99.30486000
2.87059993	99.30486000
2.87079993	99.30486000
2.87099993	99.30486000
2.87119993	99.30486000
2.87139993	99.30486000
2.87159993	99.30486000
2.87179993	99.30486000
2.87199993	99.30486000
2.87219993	99.30486000
2.87239993	99.30486000
2.87259993	99.30486000
2.87279993	99.30486000
2.87299993	99.30486000
2.87319993	99.30486000
2.87339993	101.17490000
2.87359993	101.17490000
2.87379993	101.17490000
2.87399993	99.30486000
2.87419993	101.17490000
2.87439993	101.17490000
2.87459993	101.17490000
2.87479993	101.17490000
2.87499993	101.17490000
2.87519993	101.17490000
2.87539993	101.17490000
2.87559993	101.17490000
2.87579993	99.30486000
2.87599993	101.17490000
2.87619993	101.17490000
2.87639993	99.30486000
2.87659993	101.17490000
2.87679993	99.30486000
2.87699993	99.30486000
2.87719993	99.30486000
2.87739993	99.30486000
2.87759993	101.17490000
2.87779993	99.30486000
2.87799993	99.30486000
2.87819993	99.30486000
2.87839993	99.30486000
2.87859993	99.30486000
2.87879993	99.30486000
2.87899993	99.30486000
2.87919993	99.30486000
2.87939993	99.30486000
2.87959993	99.30486000
2.87979993	99.30486000
2.87999993	99.30486000
2.88019993	99.30486000
2.88039993	99.30486000
2.88059993	99.30486000
2.88079993	99.30486000
2.88099993	99.30486000
2.88119993	99.30486000
2.88139993	99.30486000
2.88159993	99.30486000
2.88179993	99.30486000
2.88199993	99.30486000
2.88219993	99.30486000
2.88239993	99.30486000
2.88259993	99.30486000
2.88279993	99.30486000
2.88299993	99.30486000
2.88319993	99.30486000
2.88339993	99.30486000
2.88359993	99.30486000
2.88379993	99.30486000
2.88399993	99.30486000
2.88419993	99.30486000
2.88439993	99.30486000
2.88459993	99.30486000
2.88479993	99.30486000
2.88499993	99.30486000
2.88519993	99.30486000
2.88539993	99.30486000
2.88559993	99.30486000
2.88579993	99.30486000
2.88599993	99.30486000
2.88619993	99.30486000
2.88639993	99.30486000
2.88659993	99.30486000
2.88679993	99.30486000
2.88699993	99.30486000
2.88719993	99.30486000
2.88739993	99.30486000
2.88759993	99.30486000
2.88779993	99.30486000
2.88799993	99.30486000
2.88819993	99.30486000
2.88839993	99.30486000
2.88859993	99.30486000
2.88879993	99.30486000
2.88899993	99.30486000
2.88919993	99.30486000
2.88939993	99.30486000
2.88959993	99.30486000
2.88979993	99.30486000
2.88999993	99.30486000
2.89019993	99.30486000
2.89039993	99.30486000
2.89059993	99.30486000
2.89079993	99.30486000
2.89099993	99.30486000
2.89119993	99.30486000
2.89139993	99.30486000
2.89159993	99.30486000
2.89179993	99.30486000
2.89199993	99.30486000
2.89219993	99.30486000
2.89239993	99.30486000
2.89259993	99.30486000
2.89279993	99.30486000
2.89299993	99.30486000
2.89319993	99.30486000
2.89339993	99.30486000
2.89359993	99.30486000
2.89379993	99.30486000
2.89399993	99.30486000
2.89419993	99.30486000
2.89439993	99.30486000
2.89459993	99.30486000
2.89479993	99.30486000
2.89499993	99.30486000
2.89519993	99.30486000
2.89539993	99.30486000
2.89559993	99.30486000
2.89579993	99.30486000
2.89599993	99.30486000
2.89619993	99.30486000
2.89639993	99.30486000
2.89659993	99.30486000
2.89679993	99.30486000
2.89699993	99.30486000
2.89719993	99.30486000
2.89739993	99.30486000
2.89759993	99.30486000
2.89779993	97.42863000
2.89799993	97.42863000
2.89819993	97.42863000
2.89839993	97.42863000
2.89859993	97.42863000
2.89879993	97.42863000
2.89899993	97.42863000
2.89919993	97.42863000
2.89939993	97.42863000
2.89959993	97.42863000
2.89979993	97.42863000
2.89999993	97.42863000
2.90019993	97.42863000
2.90039993	97.42863000
2.90059993	97.42863000
2.90079993	97.42863000
2.90099993	97.42863000
2.90119993	97.42863000
2.90139993	97.42863000
2.90159993	97.42863000
2.90179993	97.42863000
2.90199993	97.42863000
2.90219993	97.42863000
2.90239993	97.42863000
2.90259993	97.42863000
2.90279993	97.42863000
2.90299993	97.42863000
2.90319993	97.42863000
2.90339993	97.42863000
2.90359993	97.42863000
2.90379993	97.42863000
2.90399993	97.42863000
2.90419993	97.42863000
2.90439993	97.42863000
2.90459993	97.42863000
2.90479993	97.42863000
2.90499993	97.42863000
2.90519993	97.42863000
2.90539993	97.42863000
2.90559993	97.42863000
2.90579993	97.42863000
2.90599993	97.42863000
2.90619993	97.42863000
2.90639993	97.42863000
2.90659993	97.42863000
2.90679993	97.42863000
2.90699993	97.42863000
2.90719993	97.42863000
2.90739993	95.55241000
2.90759993	97.42863000
2.90779993	95.55241000
2.90799993	95.55241000
2.90819993	95.55241000
2.90839993	95.55241000
2.90859993	95.55241000
2.90879993	95.55241000
2.90899993	95.55241000
2.90919993	95.55241000
2.90939993	95.55241000
2.90959993	95.55241000
2.90979993	95.55241000
2.90999993	95.55241000
2.91019993	95.55241000
2.91039993	95.55241000
2.91059993	95.55241000
2.91079993	95.55241000
2.91099993	95.55241000
2.91119993	95.55241000
2.91139993	95.55241000
2.91159993	95.55241000
2.91179993	95.55241000
2.91199993	95.55241000
2.91219993	95.55241000
2.91239993	95.55241000
2.91259993	93.68233000
2.91279993	95.55241000
2.91299993	93.68233000
2.91319993	93.68233000
2.91339993	93.68233000
2.91359993	93.68233000
2.91379993	93.68233000
2.91399993	93.68233000
2.91419993	93.68233000
2.91439993	93.68233000
2.91459993	93.68233000
2.91479993	93.68233000
2.91499993	93.68233000
2.91519993	93.68233000
2.91539993	93.68233000
2.91559993	93.68233000
2.91579993	93.68233000
2.91599993	93.68233000
2.91619993	93.68233000
2.91639993	93.68233000
2.91659993	93.68233000
2.91679993	93.68233000
2.91699993	93.68233000
2.91719993	93.68233000
2.91739993	93.68233000
2.91759993	93.68233000
2.91779993	93.68233000
2.91799993	93.68233000
2.91819993	93.68233000
2.91839993	93.68233000
2.91859993	91.80609000
2.91879993	91.80609000
2.91899993	91.80609000
2.91919993	91.80609000
2.91939993	91.80609000
2.91959993	91.80609000
2.91979993	91.80609000
2.91999993	91.80609000
2.92019993	91.80609000
2.92039993	91.80609000
2.92059993	91.80609000
2.92079993	91.80609000
2.92099993	91.80609000
2.92119993	91.80609000
2.92139993	91.80609000
2.92159993	91.80609000
2.92179993	91.80609000
2.92199993	91.80609000
2.92219993	91.80609000
2.92239993	91.80609000
2.92259993	91.80609000
2.92279993	91.80609000
2.92299993	91.80609000
2.92319993	91.80609000
2.92339993	91.80609000
2.92359993	91.80609000
2.92379993	89.93602000
2.92399993	89.93602000
2.92419993	91.80609000
2.92439993	91.80609000
2.92459993	89.93602000
2.92479993	89.93602000
2.92499993	89.93602000
2.92519993	89.93602000
2.92539993	89.93602000
2.92559993	89.93602000
2.92579993	89.93602000
2.92599993	89.93602000
2.92619993	89.93602000
2.92639993	89.93602000
2.92659993	89.93602000
2.92679993	89.93602000
2.92699993	89.93602000
2.92719993	89.93602000
2.92739993	88.05978000
2.92759993	89.93602000
2.92779993	88.05978000
2.92799993	88.05978000
2.92819993	88.05978000
2.92839993	88.05978000
2.92859993	88.05978000
2.92879993	88.05978000
2.92899993	88.05978000
2.92919993	88.05978000
2.92939993	88.05978000
2.92959993	88.05978000
2.92979993	88.05978000
2.92999993	88.05978000
2.93019993	88.05978000
2.93039993	88.05978000
2.93059993	88.05978000
2.93079993	88.05978000
2.93099993	88.05978000
2.93119993	86.18356000
2.93139993	86.18356000
2.93159993	86.18356000
2.93179993	86.18356000
2.93199993	86.18356000
2.93219993	86.18356000
2.93239993	86.18356000
2.93259993	86.18356000
2.93279993	86.18356000
2.93299993	86.18356000
2.93319993	86.18356000
2.93339993	86.18356000
2.93359993	86.18356000
2.93379993	86.18356000
2.93399993	86.18356000
2.93419993	86.18356000
2.93439993	86.18356000
2.93459993	86.18356000
2.93479993	86.18356000
2.93499993	86.18356000
2.93519993	86.18356000
2.93539993	86.18356000
2.93559993	84.31348000
2.93579993	84.31348000
2.93599993	84.31348000
2.93619993	84.31348000
2.93639993	84.31348000
2.93659993	84.31348000
2.93679993	84.31348000
2.93699993	84.31348000
2.93719993	84.31348000
2.93739993	84.31348000
2.93759993	84.31348000
2.93779993	84.31348000
2.93799993	84.31348000
2.93819993	84.31348000
2.93839993	84.31348000
2.93859993	84.31348000
2.93879993	84.31348000
2.93899993	84.31348000
2.93919993	84.31348000
2.93939993	84.31348000
2.93959993	82.43725000
2.93979993	84.31348000
2.93999993	84.31348000
2.94019993	84.31348000
2.94039993	84.31348000
2.94059993	84.31348000
2.94079993	82.43725000
2.94099993	82.43725000
2.94119993	82.43725000
2.94139993	82.43725000
2.94159993	82.43725000
2.94179993	82.43725000
2.94199993	82.43725000
2.94219993	82.43725000
2.94239993	82.43725000
2.94259993	82.43725000
2.94279993	82.43725000
2.94299993	82.43725000
2.94319993	82.43725000
2.94339993	82.43725000
2.94359993	82.43725000
2.94379993	82.43725000
2.94399993	82.43725000
2.94419993	82.43725000
2.94439993	80.56717000
2.94459993	80.56717000
2.94479993	80.56717000
2.94499993	80.56717000
2.94519993	80.56717000
2.94539993	80.56717000
2.94559993	80.56717000
2.94579993	80.56717000
2.94599993	80.56717000
2.94619993	80.56717000
2.94639993	80.56717000
2.94659993	80.56717000
2.94679993	80.56717000
2.94699993	80.56717000
2.94719993	80.56717000
2.94739993	78.69094000
2.94759993	80.56717000
2.94779993	78.69094000
2.94799993	78.69094000
2.94819993	78.69094000
2.94839993	78.69094000
2.94859993	78.69094000
2.94879993	78.69094000
2.94899993	78.69094000
2.94919993	78.69094000
2.94939993	78.69094000
2.94959993	78.69094000
2.94979993	78.69094000
2.94999993	78.69094000
2.95019993	78.69094000
2.95039993	78.69094000
2.95059993	78.69094000
2.95079993	78.69094000
2.95099993	78.69094000
2.95119993	76.82086000
2.95139993	78.69094000
2.95159993	78.69094000
2.95179993	78.69094000
2.95199993	76.82086000
2.95219993	76.82086000
2.95239993	76.82086000
2.95259993	76.82086000
2.95279993	76.82086000
2.95299993	76.82086000
2.95319993	76.82086000
2.95339993	76.82086000
2.95359993	76.82086000
2.95379993	76.82086000
2.95399993	76.82086000
2.95419993	74.94463000
2.95439993	76.82086000
2.95459993	74.94463000
2.95479993	74.94463000
2.95499993	74.94463000
2.95519993	74.94463000
2.95539993	74.94463000
2.95559993	74.94463000
2.95579993	74.94463000
2.95599993	74.94463000
2.95619993	74.94463000
2.95639993	74.94463000
2.95659993	74.94463000
2.95679993	74.94463000
2.95699993	73.06840000
2.95719993	73.06840000
2.95739993	73.06840000
2.95759993	73.06840000
2.95779993	73.06840000
2.95799993	73.06840000
2.95819993	73.06840000
2.95839993	73.06840000
2.95859993	73.06840000
2.95879993	73.06840000
2.95899993	73.06840000
2.95919993	73.06840000
2.95939993	73.06840000
2.95959993	73.06840000
2.95979993	73.06840000
2.95999993	73.06840000
2.96019993	73.06840000
2.96039993	73.06840000
2.96059993	71.19833000
2.96079993	71.19833000
2.96099993	71.19833000
2.96119993	71.19833000
2.96139993	71.19833000
2.96159993	71.19833000
2.96179993	71.19833000
2.96199993	71.19833000
2.96219993	71.19833000
2.96239993	71.19833000
2.96259993	71.19833000
2.96279993	71.19833000
2.96299993	71.19833000
2.96319993	71.19833000
2.96339993	71.19833000
2.96359993	71.19833000
2.96379993	71.19833000
2.96399993	71.19833000
2.96419993	71.19833000
2.96439993	71.19833000
2.96459993	71.19833000
2.96479993	69.32209000
2.96499993	71.19833000
2.96519993	69.32209000
2.96539993	69.32209000
2.96559993	69.32209000
2.96579993	69.32209000
2.96599993	69.32209000
2.96619993	69.32209000
2.96639993	69.32209000
2.96659993	69.32209000
2.96679993	69.32209000
2.96699993	69.32209000
2.96719993	69.32209000
2.96739993	69.32209000
2.96759993	69.32209000
2.96779993	69.32209000
2.96799993	69.32209000
2.96819993	69.32209000
2.96839993	69.32209000
2.96859993	67.45202000
2.96879993	67.45202000
2.96899992	67.45202000
2.96919992	67.45202000
2.96939992	67.45202000
2.96959992	67.45202000
2.96979992	67.45202000
2.96999992	67.45202000
2.97019992	67.45202000
2.97039992	67.45202000
2.97059992	67.45202000
2.97079992	67.45202000
2.97099992	67.45202000
2.97119992	67.45202000
2.97139992	67.45202000
2.97159992	67.45202000
2.97179992	67.45202000
2.97199992	67.45202000
2.97219992	65.57578000
2.97239992	65.57578000
2.97259992	65.57578000
2.97279992	65.57578000
2.97299992	65.57578000
2.97319992	65.57578000
2.97339992	65.57578000
2.97359992	65.57578000
2.97379992	63.69955000
2.97399992	63.69955000
2.97419992	63.69955000
2.97439992	63.69955000
2.97459992	65.57578000
2.97479992	65.57578000
2.97499992	63.69955000
2.97519992	63.69955000
2.97539992	63.69955000
2.97559992	63.69955000
2.97579992	63.69955000
2.97599992	63.69955000
2.97619992	63.69955000
2.97639992	63.69955000
2.97659992	63.69955000
2.97679992	63.69955000
2.97699992	63.69955000
2.97719992	63.69955000
2.97739992	63.69955000
2.97759992	63.69955000
2.97779992	63.69955000
2.97799992	63.69955000
2.97819992	63.69955000
2.97839992	61.82948000
2.97859992	61.82948000
2.97879992	61.82948000
2.97899992	61.82948000
2.97919992	61.82948000
2.97939992	63.69955000
2.97959992	61.82948000
2.97979992	61.82948000
2.97999992	61.82948000
2.98019992	61.82948000
2.98039992	61.82948000
2.98059992	61.82948000
2.98079992	61.82948000
2.98099992	61.82948000
2.98119992	61.82948000
2.98139992	59.95324000
2.98159992	59.95324000
2.98179992	59.95324000
2.98199992	59.95324000
2.98219992	59.95324000
2.98239992	59.95324000
2.98259992	59.95324000
2.98279992	59.95324000
2.98299992	59.95324000
2.98319992	59.95324000
2.98339992	59.95324000
2.98359992	59.95324000
2.98379992	59.95324000
2.98399992	59.95324000
2.98419992	59.95324000
2.98439992	59.95324000
2.98459992	59.95324000
2.98479992	59.95324000
2.98499992	58.08316000
2.98519992	59.95324000
2.98539992	59.95324000
2.98559992	59.95324000
2.98579992	59.95324000
2.98599992	59.95324000
2.98619992	59.95324000
2.98639992	59.95324000
2.98659992	59.95324000
2.98679992	58.08316000
2.98699992	59.95324000
2.98719992	59.95324000
2.98739992	59.95324000
2.98759992	59.95324000
2.98779992	59.95324000
2.98799992	59.95324000
2.98819992	59.95324000
2.98839992	59.95324000
2.98859992	59.95324000
2.98879992	59.95324000
2.98899992	59.95324000
2.98919992	59.95324000
2.98939992	59.95324000
2.98959992	59.95324000
2.98979992	59.95324000
2.98999992	59.95324000
2.99019992	59.95324000
2.99039992	59.95324000
2.99059992	59.95324000
2.99079992	59.95324000
2.99099992	59.95324000
2.99119992	59.95324000
2.99139992	59.95324000
2.99159992	59.95324000
2.99179992	59.95324000
2.99199992	59.95324000
2.99219992	59.95324000
2.99239992	59.95324000
2.99259992	59.95324000
2.99279992	59.95324000
2.99299992	59.95324000
2.99319992	59.95324000
2.99339992	58.08316000
2.99359992	58.08316000
2.99379992	58.08316000
2.99399992	58.08316000
2.99419992	59.95324000
2.99439992	58.08316000
2.99459992	58.08316000
2.99479992	58.08316000
2.99499992	58.08316000
2.99519992	58.08316000
2.99539992	58.08316000
2.99559992	58.08316000
2.99579992	58.08316000
2.99599992	58.08316000
2.99619992	58.08316000
2.99639992	58.08316000
2.99659992	58.08316000
2.99679992	58.08316000
2.99699992	58.08316000
2.99719992	58.08316000
2.99739992	58.08316000
2.99759992	58.08316000
2.99779992	58.08316000
2.99799992	58.08316000
2.99819992	58.08316000
2.99839992	58.08316000
2.99859992	58.08316000
2.99879992	58.08316000
2.99899992	58.08316000
2.99919992	58.08316000
2.99939992	58.08316000
2.99959992	58.08316000
2.99979992	58.08316000
2.99999992	58.08316000
3.00019992	59.95324000
3.00039992	59.95324000
3.00059992	59.95324000
3.00079992	58.08316000
3.00099992	59.95324000
3.00119992	59.95324000
3.00139992	59.95324000
3.00159992	59.95324000
3.00179992	58.08316000
3.00199992	59.95324000
3.00219992	59.95324000
3.00239992	59.95324000
3.00259992	59.95324000
3.00279992	59.95324000
3.00299992	59.95324000
3.00319992	59.95324000
3.00339992	59.95324000
3.00359992	59.95324000
3.00379992	59.95324000
3.00399992	59.95324000
3.00419992	59.95324000
3.00439992	59.95324000
3.00459992	59.95324000
3.00479992	59.95324000
3.00499992	59.95324000
3.00519992	59.95324000
3.00539992	59.95324000
3.00559992	59.95324000
3.00579992	59.95324000
3.00599992	59.95324000
3.00619992	59.95324000
3.00639992	59.95324000
3.00659992	59.95324000
3.00679992	59.95324000
3.00699992	59.95324000
3.00719992	59.95324000
3.00739992	59.95324000
3.00759992	61.82948000
3.00779992	59.95324000
3.00799992	61.82948000
3.00819992	61.82948000
3.00839992	61.82948000
3.00859992	61.82948000
3.00879992	61.82948000
3.00899992	61.82948000
3.00919992	61.82948000
3.00939992	61.82948000
3.00959992	61.82948000
3.00979992	61.82948000
3.00999992	61.82948000
3.01019992	61.82948000
3.01039992	61.82948000
3.01059992	61.82948000
3.01079992	61.82948000
3.01099992	63.69955000
3.01119992	63.69955000
3.01139992	63.69955000
3.01159992	63.69955000
3.01179992	63.69955000
3.01199992	63.69955000
3.01219992	63.69955000
3.01239992	63.69955000
3.01259992	63.69955000
3.01279992	63.69955000
3.01299992	63.69955000
3.01319992	63.69955000
3.01339992	63.69955000
3.01359992	65.57578000
3.01379992	65.57578000
3.01399992	65.57578000
3.01419992	65.57578000
3.01439992	65.57578000
3.01459992	65.57578000
3.01479992	65.57578000
3.01499992	65.57578000
3.01519992	65.57578000
3.01539992	65.57578000
3.01559992	65.57578000
3.01579992	65.57578000
3.01599992	65.57578000
3.01619992	65.57578000
3.01639992	65.57578000
3.01659992	65.57578000
3.01679992	65.57578000
3.01699992	65.57578000
3.01719992	67.45202000
3.01739992	67.45202000
3.01759992	67.45202000
3.01779992	67.45202000
3.01799992	67.45202000
3.01819992	67.45202000
3.01839992	67.45202000
3.01859992	67.45202000
3.01879992	67.45202000
3.01899992	67.45202000
3.01919992	67.45202000
3.01939992	67.45202000
3.01959992	67.45202000
3.01979992	67.45202000
3.01999992	67.45202000
3.02019992	67.45202000
3.02039992	67.45202000
3.02059992	67.45202000
3.02079992	69.32209000
3.02099992	69.32209000
3.02119992	69.32209000
3.02139992	69.32209000
3.02159992	69.32209000
3.02179992	69.32209000
3.02199992	69.32209000
3.02219992	69.32209000
3.02239992	69.32209000
3.02259992	69.32209000
3.02279992	69.32209000
3.02299992	69.32209000
3.02319992	69.32209000
3.02339992	69.32209000
3.02359992	69.32209000
3.02379992	71.19833000
3.02399992	71.19833000
3.02419992	71.19833000
3.02439992	71.19833000
3.02459992	71.19833000
3.02479992	71.19833000
3.02499992	71.19833000
3.02519992	71.19833000
3.02539992	71.19833000
3.02559992	71.19833000
3.02579992	71.19833000
3.02599992	71.19833000
3.02619992	71.19833000
3.02639992	71.19833000
3.02659992	71.19833000
3.02679992	73.06840000
3.02699992	73.06840000
3.02719992	73.06840000
3.02739992	73.06840000
3.02759992	73.06840000
3.02779992	73.06840000
3.02799992	73.06840000
3.02819992	73.06840000
3.02839992	73.06840000
3.02859992	73.06840000
3.02879992	73.06840000
3.02899992	73.06840000
3.02919992	74.94463000
3.02939992	74.94463000
3.02959992	74.94463000
3.02979992	74.94463000
3.02999992	74.94463000
3.03019992	74.94463000
3.03039992	74.94463000
3.03059992	74.94463000
3.03079992	76.82086000
3.03099992	76.82086000
3.03119992	76.82086000
3.03139992	76.82086000
3.03159992	76.82086000
3.03179992	76.82086000
3.03199992	76.82086000
3.03219992	76.82086000
3.03239992	76.82086000
3.03259992	76.82086000
3.03279992	76.82086000
3.03299992	76.82086000
3.03319992	76.82086000
3.03339992	78.69094000
3.03359992	76.82086000
3.03379992	78.69094000
3.03399992	78.69094000
3.03419992	78.69094000
3.03439992	78.69094000
3.03459992	78.69094000
3.03479992	78.69094000
3.03499992	78.69094000
3.03519992	78.69094000
3.03539992	78.69094000
3.03559992	78.69094000
3.03579992	78.69094000
3.03599992	78.69094000
3.03619992	78.69094000
3.03639992	78.69094000
3.03659992	78.69094000
3.03679992	78.69094000
3.03699992	80.56717000
3.03719992	80.56717000
3.03739992	80.56717000
3.03759992	80.56717000
3.03779992	80.56717000
3.03799992	80.56717000
3.03819992	80.56717000
3.03839992	80.56717000
3.03859992	80.56717000
3.03879992	80.56717000
3.03899992	80.56717000
3.03919992	80.56717000
3.03939992	80.56717000
3.03959992	80.56717000
3.03979992	80.56717000
3.03999992	80.56717000
3.04019992	80.56717000
3.04039992	80.56717000
3.04059992	80.56717000
3.04079992	80.56717000
3.04099992	80.56717000
3.04119992	80.56717000
3.04139992	80.56717000
3.04159992	80.56717000
3.04179992	80.56717000
3.04199992	80.56717000
3.04219992	80.56717000
3.04239992	80.56717000
3.04259992	80.56717000
3.04279992	82.43725000
3.04299992	82.43725000
3.04319992	82.43725000
3.04339992	82.43725000
3.04359992	82.43725000
3.04379992	82.43725000
3.04399992	82.43725000
3.04419992	82.43725000
3.04439992	82.43725000
3.04459992	82.43725000
3.04479992	82.43725000
3.04499992	82.43725000
3.04519992	82.43725000
3.04539992	82.43725000
3.04559992	82.43725000
3.04579992	82.43725000
3.04599992	82.43725000
3.04619992	82.43725000
3.04639992	82.43725000
3.04659992	82.43725000
3.04679992	82.43725000
3.04699992	82.43725000
3.04719992	82.43725000
3.04739992	84.31348000
3.04759992	84.31348000
3.04779992	84.31348000
3.04799992	84.31348000
3.04819992	84.31348000
3.04839992	84.31348000
3.04859992	84.31348000
3.04879992	84.31348000
3.04899992	84.31348000
3.04919992	86.18356000
3.04939992	86.18356000
3.04959992	86.18356000
3.04979992	86.18356000
3.04999992	86.18356000
3.05019992	86.18356000
3.05039992	86.18356000
3.05059992	86.18356000
3.05079992	88.05978000
3.05099992	88.05978000
3.05119992	88.05978000
3.05139992	88.05978000
3.05159992	88.05978000
3.05179992	88.05978000
3.05199992	89.93602000
3.05219992	88.05978000
3.05239992	89.93602000
3.05259992	89.93602000
3.05279992	89.93602000
3.05299992	89.93602000
3.05319992	89.93602000
3.05339992	89.93602000
3.05359992	89.93602000
3.05379992	89.93602000
3.05399992	89.93602000
3.05419992	89.93602000
3.05439992	89.93602000
3.05459992	91.80609000
3.05479992	91.80609000
3.05499992	91.80609000
3.05519992	91.80609000
3.05539992	91.80609000
3.05559992	91.80609000
3.05579992	91.80609000
3.05599992	91.80609000
3.05619992	91.80609000
3.05639992	91.80609000
3.05659992	91.80609000
3.05679992	91.80609000
3.05699992	91.80609000
3.05719992	91.80609000
3.05739992	91.80609000
3.05759992	91.80609000
3.05779992	91.80609000
3.05799992	91.80609000
3.05819992	91.80609000
3.05839992	91.80609000
3.05859992	91.80609000
3.05879992	91.80609000
3.05899992	91.80609000
3.05919992	91.80609000
3.05939992	91.80609000
3.05959992	91.80609000
3.05979992	91.80609000
3.05999992	91.80609000
3.06019992	91.80609000
3.06039992	91.80609000
3.06059992	91.80609000
3.06079992	91.80609000
3.06099992	91.80609000
3.06119992	91.80609000
3.06139992	91.80609000
3.06159992	91.80609000
3.06179992	91.80609000
3.06199992	91.80609000
3.06219992	91.80609000
3.06239992	91.80609000
3.06259992	91.80609000
3.06279992	91.80609000
3.06299992	91.80609000
3.06319992	93.68233000
3.06339992	93.68233000
3.06359992	93.68233000
3.06379992	93.68233000
3.06399992	93.68233000
3.06419992	93.68233000
3.06439992	93.68233000
3.06459992	93.68233000
3.06479992	93.68233000
3.06499992	93.68233000
3.06519992	93.68233000
3.06539992	93.68233000
3.06559992	93.68233000
3.06579992	93.68233000
3.06599992	93.68233000
3.06619992	93.68233000
3.06639992	93.68233000
3.06659992	93.68233000
3.06679992	93.68233000
3.06699992	93.68233000
3.06719992	93.68233000
3.06739992	93.68233000
3.06759992	95.55241000
3.06779992	95.55241000
3.06799992	95.55241000
3.06819992	95.55241000
3.06839992	95.55241000
3.06859992	95.55241000
3.06879992	95.55241000
3.06899992	95.55241000
3.06919992	95.55241000
3.06939992	95.55241000
3.06959992	95.55241000
3.06979992	95.55241000
3.06999992	95.55241000
3.07019992	95.55241000
3.07039992	95.55241000
3.07059992	95.55241000
3.07079992	95.55241000
3.07099992	95.55241000
3.07119992	95.55241000
3.07139992	95.55241000
3.07159992	95.55241000
3.07179992	95.55241000
3.07199992	95.55241000
3.07219992	95.55241000
3.07239992	95.55241000
3.07259992	95.55241000
3.07279992	97.42863000
3.07299992	95.55241000
3.07319992	95.55241000
3.07339992	95.55241000
3.07359992	95.55241000
3.07379992	95.55241000
3.07399992	95.55241000
3.07419992	95.55241000
3.07439992	95.55241000
3.07459992	95.55241000
3.07479992	97.42863000
3.07499992	97.42863000
3.07519992	97.42863000
3.07539992	97.42863000
3.07559992	97.42863000
3.07579992	97.42863000
3.07599992	97.42863000
3.07619992	97.42863000
3.07639992	97.42863000
3.07659992	97.42863000
3.07679992	97.42863000
3.07699992	97.42863000
3.07719992	97.42863000
3.07739992	97.42863000
3.07759992	97.42863000
3.07779992	97.42863000
3.07799992	97.42863000
3.07819992	97.42863000
3.07839992	97.42863000
3.07859992	97.42863000
3.07879992	97.42863000
3.07899992	97.42863000
3.07919992	97.42863000
3.07939992	97.42863000
3.07959992	97.42863000
3.07979992	97.42863000
3.07999992	97.42863000
3.08019992	97.42863000
3.08039992	97.42863000
3.08059992	97.42863000
3.08079992	97.42863000
3.08099992	97.42863000
3.08119992	97.42863000
3.08139992	97.42863000
3.08159992	97.42863000
3.08179992	97.42863000
3.08199992	97.42863000
3.08219992	97.42863000
3.08239992	97.42863000
3.08259992	97.42863000
3.08279992	97.42863000
3.08299992	97.42863000
3.08319992	97.42863000
3.08339992	97.42863000
3.08359992	97.42863000
3.08379992	97.42863000
3.08399992	97.42863000
3.08419992	97.42863000
3.08439992	97.42863000
3.08459992	97.42863000
3.08479992	97.42863000
3.08499992	97.42863000
3.08519992	97.42863000
3.08539992	97.42863000
3.08559992	97.42863000
3.08579992	97.42863000
3.08599992	97.42863000
3.08619992	97.42863000
3.08639992	97.42863000
3.08659992	97.42863000
3.08679992	97.42863000
3.08699992	97.42863000
3.08719992	97.42863000
3.08739992	97.42863000
3.08759992	97.42863000
3.08779992	97.42863000
3.08799992	97.42863000
3.08819992	97.42863000
3.08839992	97.42863000
3.08859992	97.42863000
3.08879992	97.42863000
3.08899992	99.30486000
3.08919992	97.42863000
3.08939992	99.30486000
3.08959992	99.30486000
3.08979992	99.30486000
3.08999992	99.30486000
3.09019992	99.30486000
3.09039992	99.30486000
3.09059992	99.30486000
3.09079992	99.30486000
3.09099992	99.30486000
3.09119992	99.30486000
3.09139992	99.30486000
3.09159992	99.30486000
3.09179992	99.30486000
3.09199992	99.30486000
3.09219992	99.30486000
3.09239992	99.30486000
3.09259992	99.30486000
3.09279992	99.30486000
3.09299992	99.30486000
3.09319992	99.30486000
3.09339992	99.30486000
3.09359992	99.30486000
3.09379992	99.30486000
3.09399992	99.30486000
3.09419992	99.30486000
3.09439992	99.30486000
3.09459992	99.30486000
3.09479992	99.30486000
3.09499992	99.30486000
3.09519992	99.30486000
3.09539992	99.30486000
3.09559992	99.30486000
3.09579992	99.30486000
3.09599992	99.30486000
3.09619992	99.30486000
3.09639992	99.30486000
3.09659992	99.30486000
3.09679992	99.30486000
3.09699992	99.30486000
3.09719992	99.30486000
3.09739992	99.30486000
3.09759992	99.30486000
3.09779992	99.30486000
3.09799992	99.30486000
3.09819992	99.30486000
3.09839992	99.30486000
3.09859992	99.30486000
3.09879992	99.30486000
3.09899992	99.30486000
3.09919992	99.30486000
3.09939992	99.30486000
3.09959992	99.30486000
3.09979992	99.30486000
3.09999992	99.30486000
3.10019992	99.30486000
3.10039992	99.30486000
3.10059992	99.30486000
3.10079992	99.30486000
3.10099992	99.30486000
3.10119992	99.30486000
3.10139992	99.30486000
3.10159992	99.30486000
3.10179992	99.30486000
3.10199992	99.30486000
3.10219992	99.30486000
3.10239992	99.30486000
3.10259992	99.30486000
3.10279992	99.30486000
3.10299992	99.30486000
3.10319992	99.30486000
3.10339992	99.30486000
3.10359992	99.30486000
3.10379992	99.30486000
3.10399992	99.30486000
3.10419992	99.30486000
3.10439992	99.30486000
3.10459992	99.30486000
3.10479992	99.30486000
3.10499992	99.30486000
3.10519992	99.30486000
3.10539992	99.30486000
3.10559992	99.30486000
3.10579992	99.30486000
3.10599992	99.30486000
3.10619992	99.30486000
3.10639992	99.30486000
3.10659992	99.30486000
3.10679992	99.30486000
3.10699992	99.30486000
3.10719992	99.30486000
3.10739992	99.30486000
3.10759992	99.30486000
3.10779992	99.30486000
3.10799992	99.30486000
3.10819992	99.30486000
3.10839992	99.30486000
3.10859992	99.30486000
3.10879992	99.30486000
3.10899992	99.30486000
3.10919992	99.30486000
3.10939992	99.30486000
3.10959992	99.30486000
3.10979992	99.30486000
3.10999992	99.30486000
3.11019992	99.30486000
3.11039992	99.30486000
3.11059992	99.30486000
3.11079992	99.30486000
3.11099992	99.30486000
3.11119992	99.30486000
3.11139992	99.30486000
3.11159992	99.30486000
3.11179992	99.30486000
3.11199992	99.30486000
3.11219992	99.30486000
3.11239992	99.30486000
3.11259992	99.30486000
3.11279992	99.30486000
3.11299992	99.30486000
3.11319992	99.30486000
3.11339992	99.30486000
3.11359992	99.30486000
3.11379992	99.30486000
3.11399992	99.30486000
3.11419992	99.30486000
3.11439992	99.30486000
3.11459992	99.30486000
3.11479992	99.30486000
3.11499992	99.30486000
3.11519992	99.30486000
3.11539992	99.30486000
3.11559992	99.30486000
3.11579992	99.30486000
3.11599992	99.30486000
3.11619992	99.30486000
3.11639992	99.30486000
3.11659992	99.30486000
3.11679992	99.30486000
3.11699992	99.30486000
3.11719992	99.30486000
3.11739992	99.30486000
3.11759992	99.30486000
3.11779992	99.30486000
3.11799992	99.30486000
3.11819992	99.30486000
3.11839992	99.30486000
3.11859992	99.30486000
3.11879992	97.42863000
3.11899992	99.30486000
3.11919992	99.30486000
3.11939992	97.42863000
3.11959992	97.42863000
3.11979992	97.42863000
3.11999992	99.30486000
3.12019992	97.42863000
3.12039992	97.42863000
3.12059992	97.42863000
3.12079992	97.42863000
3.12099992	97.42863000
3.12119992	97.42863000
3.12139992	97.42863000
3.12159992	97.42863000
3.12179992	97.42863000
3.12199992	97.42863000
3.12219992	97.42863000
3.12239992	97.42863000
3.12259992	97.42863000
3.12279992	97.42863000
3.12299992	97.42863000
3.12319992	97.42863000
3.12339992	97.42863000
3.12359992	97.42863000
3.12379992	97.42863000
3.12399992	97.42863000
3.12419992	97.42863000
3.12439992	97.42863000
3.12459992	97.42863000
3.12479992	97.42863000
3.12499992	97.42863000
3.12519992	97.42863000
3.12539992	97.42863000
3.12559992	97.42863000
3.12579992	97.42863000
3.12599992	97.42863000
3.12619992	97.42863000
3.12639992	97.42863000
3.12659992	97.42863000
3.12679992	97.42863000
3.12699992	97.42863000
3.12719992	97.42863000
3.12739992	97.42863000
3.12759992	97.42863000
3.12779992	97.42863000
3.12799992	97.42863000
3.12819992	97.42863000
3.12839992	97.42863000
3.12859992	97.42863000
3.12879992	97.42863000
3.12899992	97.42863000
3.12919992	97.42863000
3.12939992	97.42863000
3.12959992	97.42863000
3.12979992	97.42863000
3.12999992	97.42863000
3.13019992	97.42863000
3.13039992	97.42863000
3.13059992	97.42863000
3.13079992	97.42863000
3.13099992	95.55241000
3.13119992	95.55241000
3.13139992	95.55241000
3.13159992	97.42863000
3.13179992	95.55241000
3.13199992	95.55241000
3.13219992	95.55241000
3.13239992	95.55241000
3.13259992	95.55241000
3.13279992	95.55241000
3.13299992	95.55241000
3.13319992	95.55241000
3.13339992	95.55241000
3.13359992	95.55241000
3.13379992	95.55241000
3.13399992	95.55241000
3.13419992	95.55241000
3.13439992	95.55241000
3.13459992	95.55241000
3.13479992	95.55241000
3.13499992	95.55241000
3.13519992	95.55241000
3.13539992	95.55241000
3.13559992	95.55241000
3.13579992	95.55241000
3.13599992	95.55241000
3.13619992	95.55241000
3.13639992	95.55241000
3.13659992	95.55241000
3.13679992	95.55241000
3.13699992	95.55241000
3.13719992	95.55241000
3.13739992	95.55241000
3.13759992	95.55241000
3.13779992	95.55241000
3.13799992	95.55241000
3.13819992	95.55241000
3.13839992	95.55241000
3.13859992	95.55241000
3.13879992	95.55241000
3.13899992	95.55241000
3.13919992	95.55241000
3.13939992	93.68233000
3.13959992	95.55241000
3.13979992	95.55241000
3.13999992	95.55241000
3.14019992	93.68233000
3.14039992	93.68233000
3.14059992	93.68233000
3.14079992	93.68233000
3.14099992	93.68233000
3.14119992	93.68233000
3.14139992	93.68233000
3.14159992	93.68233000
3.14179992	93.68233000
3.14199992	93.68233000
3.14219992	93.68233000
3.14239992	93.68233000
3.14259992	93.68233000
3.14279992	93.68233000
3.14299992	93.68233000
3.14319992	93.68233000
3.14339992	93.68233000
3.14359992	93.68233000
3.14379992	93.68233000
3.14399992	93.68233000
3.14419992	93.68233000
3.14439992	93.68233000
3.14459992	93.68233000
3.14479992	93.68233000
3.14499992	93.68233000
3.14519992	93.68233000
3.14539992	93.68233000
3.14559992	93.68233000
3.14579992	93.68233000
3.14599992	93.68233000
3.14619992	93.68233000
3.14639992	93.68233000
3.14659992	93.68233000
3.14679992	93.68233000
3.14699992	93.68233000
3.14719992	93.68233000
3.14739992	91.80609000
3.14759992	91.80609000
3.14779992	93.68233000
3.14799992	91.80609000
3.14819992	91.80609000
3.14839992	91.80609000
3.14859992	91.80609000
3.14879992	91.80609000
3.14899992	91.80609000
3.14919992	91.80609000
3.14939992	91.80609000
3.14959992	91.80609000
3.14979992	91.80609000
3.14999992	91.80609000
3.15019992	91.80609000
3.15039992	91.80609000
3.15059992	91.80609000
3.15079992	91.80609000
3.15099992	91.80609000
3.15119992	91.80609000
3.15139992	91.80609000
3.15159992	91.80609000
3.15179992	91.80609000
3.15199992	89.93602000
3.15219992	89.93602000
3.15239992	89.93602000
3.15259992	89.93602000
3.15279992	89.93602000
3.15299992	89.93602000
3.15319992	89.93602000
3.15339992	89.93602000
3.15359992	89.93602000
3.15379992	89.93602000
3.15399992	89.93602000
3.15419992	89.93602000
3.15439992	89.93602000
3.15459992	89.93602000
3.15479992	89.93602000
3.15499992	89.93602000
3.15519992	89.93602000
3.15539992	89.93602000
3.15559992	89.93602000
3.15579992	89.93602000
3.15599992	89.93602000
3.15619992	89.93602000
3.15639992	89.93602000
3.15659992	89.93602000
3.15679992	89.93602000
3.15699992	89.93602000
3.15719992	89.93602000
3.15739992	89.93602000
3.15759992	89.93602000
3.15779992	89.93602000
3.15799992	89.93602000
3.15819992	89.93602000
3.15839992	89.93602000
3.15859992	89.93602000
3.15879992	89.93602000
3.15899992	89.93602000
3.15919992	89.93602000
3.15939992	88.05978000
3.15959992	88.05978000
3.15979992	88.05978000
3.15999992	88.05978000
3.16019992	88.05978000
3.16039992	88.05978000
3.16059992	88.05978000
3.16079992	88.05978000
3.16099992	88.05978000
3.16119992	88.05978000
3.16139992	88.05978000
3.16159992	88.05978000
3.16179992	88.05978000
3.16199992	88.05978000
3.16219992	88.05978000
3.16239992	88.05978000
3.16259992	88.05978000
3.16279992	88.05978000
3.16299992	88.05978000
3.16319992	88.05978000
3.16339992	88.05978000
3.16359992	88.05978000
3.16379992	88.05978000
3.16399992	88.05978000
3.16419992	88.05978000
3.16439992	88.05978000
3.16459992	88.05978000
3.16479992	88.05978000
3.16499992	88.05978000
3.16519992	88.05978000
3.16539992	88.05978000
3.16559992	88.05978000
3.16579992	88.05978000
3.16599992	88.05978000
3.16619992	88.05978000
3.16639992	88.05978000
3.16659992	88.05978000
3.16679992	88.05978000
3.16699992	86.18356000
3.16719992	86.18356000
3.16739992	86.18356000
3.16759992	86.18356000
3.16779992	86.18356000
3.16799992	86.18356000
3.16819992	86.18356000
3.16839992	86.18356000
3.16859992	86.18356000
3.16879992	86.18356000
3.16899992	86.18356000
3.16919992	86.18356000
3.16939992	86.18356000
3.16959992	84.31348000
3.16979992	86.18356000
3.16999992	84.31348000
3.17019992	84.31348000
3.17039992	84.31348000
3.17059992	84.31348000
3.17079992	84.31348000
3.17099992	84.31348000
3.17119992	84.31348000
3.17139992	84.31348000
3.17159992	84.31348000
3.17179992	84.31348000
3.17199992	84.31348000
3.17219992	84.31348000
3.17239992	84.31348000
3.17259992	84.31348000
3.17279992	84.31348000
3.17299992	84.31348000
3.17319992	82.43725000
3.17339992	82.43725000
3.17359992	82.43725000
3.17379992	82.43725000
3.17399992	82.43725000
3.17419992	82.43725000
3.17439992	82.43725000
3.17459992	82.43725000
3.17479992	82.43725000
3.17499992	82.43725000
3.17519992	82.43725000
3.17539992	82.43725000
3.17559992	82.43725000
3.17579992	82.43725000
3.17599992	82.43725000
3.17619992	80.56717000
3.17639992	80.56717000
3.17659992	80.56717000
3.17679992	80.56717000
3.17699992	80.56717000
3.17719992	80.56717000
3.17739992	80.56717000
3.17759992	80.56717000
3.17779992	80.56717000
3.17799992	80.56717000
3.17819992	80.56717000
3.17839992	80.56717000
3.17859992	80.56717000
3.17879992	80.56717000
3.17899992	80.56717000
3.17919992	80.56717000
3.17939992	80.56717000
3.17959992	78.69094000
3.17979992	78.69094000
3.17999992	78.69094000
3.18019992	78.69094000
3.18039992	78.69094000
3.18059992	78.69094000
3.18079992	78.69094000
3.18099992	78.69094000
3.18119992	78.69094000
3.18139992	78.69094000
3.18159992	78.69094000
3.18179992	78.69094000
3.18199992	78.69094000
3.18219992	78.69094000
3.18239992	78.69094000
3.18259992	78.69094000
3.18279992	78.69094000
3.18299992	78.69094000
3.18319992	78.69094000
3.18339992	78.69094000
3.18359992	78.69094000
3.18379992	78.69094000
3.18399992	78.69094000
3.18419992	78.69094000
3.18439992	78.69094000
3.18459992	78.69094000
3.18479992	78.69094000
3.18499992	78.69094000
3.18519992	78.69094000
3.18539992	78.69094000
3.18559992	78.69094000
3.18579992	78.69094000
3.18599992	78.69094000
3.18619992	78.69094000
3.18639992	78.69094000
3.18659992	78.69094000
3.18679992	78.69094000
3.18699992	78.69094000
3.18719992	78.69094000
3.18739992	78.69094000
3.18759992	78.69094000
3.18779992	78.69094000
3.18799992	76.82086000
3.18819992	78.69094000
3.18839992	76.82086000
3.18859992	76.82086000
3.18879992	76.82086000
3.18899992	76.82086000
3.18919992	76.82086000
3.18939992	76.82086000
3.18959992	76.82086000
3.18979992	76.82086000
3.18999992	76.82086000
3.19019992	76.82086000
3.19039992	76.82086000
3.19059992	74.94463000
3.19079992	74.94463000
3.19099992	74.94463000
3.19119992	74.94463000
3.19139992	74.94463000
3.19159992	74.94463000
3.19179992	74.94463000
3.19199992	74.94463000
3.19219992	74.94463000
3.19239992	74.94463000
3.19259992	74.94463000
3.19279992	74.94463000
3.19299992	74.94463000
3.19319992	74.94463000
3.19339992	74.94463000
3.19359992	74.94463000
3.19379992	74.94463000
3.19399992	74.94463000
3.19419992	74.94463000
3.19439992	74.94463000
3.19459992	74.94463000
3.19479992	74.94463000
3.19499992	74.94463000
3.19519992	74.94463000
3.19539992	73.06840000
3.19559992	73.06840000
3.19579992	73.06840000
3.19599992	73.06840000
3.19619992	73.06840000
3.19639992	73.06840000
3.19659992	73.06840000
3.19679992	73.06840000
3.19699992	73.06840000
3.19719992	73.06840000
3.19739992	73.06840000
3.19759992	73.06840000
3.19779992	73.06840000
3.19799992	73.06840000
3.19819992	73.06840000
3.19839992	73.06840000
3.19859992	73.06840000
3.19879992	73.06840000
3.19899992	71.19833000
3.19919992	71.19833000
3.19939992	71.19833000
3.19959992	71.19833000
3.19979992	71.19833000
3.19999992	71.19833000
3.20019992	71.19833000
3.20039992	71.19833000
3.20059992	71.19833000
3.20079992	71.19833000
3.20099992	71.19833000
3.20119992	71.19833000
3.20139992	71.19833000
3.20159992	71.19833000
3.20179992	69.32209000
3.20199992	69.32209000
3.20219992	71.19833000
3.20239992	69.32209000
3.20259992	69.32209000
3.20279992	69.32209000
3.20299992	69.32209000
3.20319992	69.32209000
3.20339992	69.32209000
3.20359992	69.32209000
3.20379992	71.19833000
3.20399992	69.32209000
3.20419992	69.32209000
3.20439992	71.19833000
3.20459992	71.19833000
3.20479992	69.32209000
3.20499992	69.32209000
3.20519992	69.32209000
3.20539992	71.19833000
3.20559992	69.32209000
3.20579992	69.32209000
3.20599992	69.32209000
3.20619992	69.32209000
3.20639992	69.32209000
3.20659992	69.32209000
3.20679992	69.32209000
3.20699992	69.32209000
3.20719992	69.32209000
3.20739992	69.32209000
3.20759992	69.32209000
3.20779992	69.32209000
3.20799992	69.32209000
3.20819992	69.32209000
3.20839992	69.32209000
3.20859992	69.32209000
3.20879992	69.32209000
3.20899992	69.32209000
3.20919992	67.45202000
3.20939992	67.45202000
3.20959992	67.45202000
3.20979992	67.45202000
3.20999992	67.45202000
3.21019992	67.45202000
3.21039992	67.45202000
3.21059992	67.45202000
3.21079992	67.45202000
3.21099992	67.45202000
3.21119992	67.45202000
3.21139992	67.45202000
3.21159992	67.45202000
3.21179992	67.45202000
3.21199992	67.45202000
3.21219992	65.57578000
3.21239992	65.57578000
3.21259992	65.57578000
3.21279992	65.57578000
3.21299992	65.57578000
3.21319992	65.57578000
3.21339992	65.57578000
3.21359992	65.57578000
3.21379992	65.57578000
3.21399992	65.57578000
3.21419992	65.57578000
3.21439992	65.57578000
3.21459992	65.57578000
3.21479992	65.57578000
3.21499992	65.57578000
3.21519992	65.57578000
3.21539992	65.57578000
3.21559992	65.57578000
3.21579992	65.57578000
3.21599992	63.69955000
3.21619992	63.69955000
3.21639992	63.69955000
3.21659992	63.69955000
3.21679992	63.69955000
3.21699992	63.69955000
3.21719992	63.69955000
3.21739992	63.69955000
3.21759992	63.69955000
3.21779992	63.69955000
3.21799992	63.69955000
3.21819992	63.69955000
3.21839992	63.69955000
3.21859992	63.69955000
3.21879992	63.69955000
3.21899992	63.69955000
3.21919992	63.69955000
3.21939992	63.69955000
3.21959992	63.69955000
3.21979992	63.69955000
3.21999992	63.69955000
3.22019992	63.69955000
3.22039992	63.69955000
3.22059992	63.69955000
3.22079992	63.69955000
3.22099992	61.82948000
3.22119992	61.82948000
3.22139992	61.82948000
3.22159992	61.82948000
3.22179992	61.82948000
3.22199992	61.82948000
3.22219992	61.82948000
3.22239992	61.82948000
3.22259992	61.82948000
3.22279992	61.82948000
3.22299992	61.82948000
3.22319992	61.82948000
3.22339992	61.82948000
3.22359992	61.82948000
3.22379992	61.82948000
3.22399992	61.82948000
3.22419992	61.82948000
3.22439992	61.82948000
3.22459992	61.82948000
3.22479992	61.82948000
3.22499992	61.82948000
3.22519992	61.82948000
3.22539992	61.82948000
3.22559992	61.82948000
3.22579992	61.82948000
3.22599992	61.82948000
3.22619992	61.82948000
3.22639992	61.82948000
3.22659992	61.82948000
3.22679992	59.95324000
3.22699992	59.95324000
3.22719992	61.82948000
3.22739992	59.95324000
3.22759992	61.82948000
3.22779992	59.95324000
3.22799992	59.95324000
3.22819992	59.95324000
3.22839992	59.95324000
3.22859992	59.95324000
3.22879992	59.95324000
3.22899992	59.95324000
3.22919992	59.95324000
3.22939992	59.95324000
3.22959992	59.95324000
3.22979992	59.95324000
3.22999992	59.95324000
3.23019992	59.95324000
3.23039992	59.95324000
3.23059992	59.95324000
3.23079992	59.95324000
3.23099992	59.95324000
3.23119992	59.95324000
3.23139992	59.95324000
3.23159992	59.95324000
3.23179992	59.95324000
3.23199992	59.95324000
3.23219992	59.95324000
3.23239992	59.95324000
3.23259992	59.95324000
3.23279992	59.95324000
3.23299992	59.95324000
3.23319992	59.95324000
3.23339992	59.95324000
3.23359992	59.95324000
3.23379992	59.95324000
3.23399992	59.95324000
3.23419992	59.95324000
3.23439992	59.95324000
3.23459992	59.95324000
3.23479992	59.95324000
3.23499992	59.95324000
3.23519992	59.95324000
3.23539992	59.95324000
3.23559992	59.95324000
3.23579992	59.95324000
3.23599992	59.95324000
3.23619992	59.95324000
3.23639992	59.95324000
3.23659992	59.95324000
3.23679992	59.95324000
3.23699992	59.95324000
3.23719992	59.95324000
3.23739992	59.95324000
3.23759992	59.95324000
3.23779992	59.95324000
3.23799992	59.95324000
3.23819992	59.95324000
3.23839992	59.95324000
3.23859992	59.95324000
3.23879992	59.95324000
3.23899992	59.95324000
3.23919992	59.95324000
3.23939992	59.95324000
3.23959992	59.95324000
3.23979992	59.95324000
3.23999992	59.95324000
3.24019992	59.95324000
3.24039992	59.95324000
3.24059992	59.95324000
3.24079992	59.95324000
3.24099992	59.95324000
3.24119992	59.95324000
3.24139992	59.95324000
3.24159992	59.95324000
3.24179992	59.95324000
3.24199992	59.95324000
3.24219992	59.95324000
3.24239992	59.95324000
3.24259992	59.95324000
3.24279992	59.95324000
3.24299992	59.95324000
3.24319992	59.95324000
3.24339992	59.95324000
3.24359992	59.95324000
3.24379992	59.95324000
3.24399992	59.95324000
3.24419992	59.95324000
3.24439992	59.95324000
3.24459992	59.95324000
3.24479992	59.95324000
3.24499992	59.95324000
3.24519992	59.95324000
3.24539992	59.95324000
3.24559992	59.95324000
3.24579992	59.95324000
3.24599992	59.95324000
3.24619992	59.95324000
3.24639992	59.95324000
3.24659992	59.95324000
3.24679992	59.95324000
3.24699992	61.82948000
3.24719992	59.95324000
3.24739992	59.95324000
3.24759992	61.82948000
3.24779992	61.82948000
3.24799992	61.82948000
3.24819992	61.82948000
3.24839992	61.82948000
3.24859992	61.82948000
3.24879992	61.82948000
3.24899992	61.82948000
3.24919992	61.82948000
3.24939992	61.82948000
3.24959992	61.82948000
3.24979992	61.82948000
3.24999992	61.82948000
3.25019992	61.82948000
3.25039992	61.82948000
3.25059992	61.82948000
3.25079992	61.82948000
3.25099992	61.82948000
3.25119992	61.82948000
3.25139992	61.82948000
3.25159992	61.82948000
3.25179992	61.82948000
3.25199992	61.82948000
3.25219992	61.82948000
3.25239992	61.82948000
3.25259992	61.82948000
3.25279992	61.82948000
3.25299992	61.82948000
3.25319992	61.82948000
3.25339992	61.82948000
3.25359992	61.82948000
3.25379992	61.82948000
3.25399992	61.82948000
3.25419992	61.82948000
3.25439992	61.82948000
3.25459992	63.69955000
3.25479992	63.69955000
3.25499992	63.69955000
3.25519992	63.69955000
3.25539992	63.69955000
3.25559992	63.69955000
3.25579992	63.69955000
3.25599992	63.69955000
3.25619992	63.69955000
3.25639992	63.69955000
3.25659992	63.69955000
3.25679992	63.69955000
3.25699992	63.69955000
3.25719992	63.69955000
3.25739992	63.69955000
3.25759992	63.69955000
3.25779992	63.69955000
3.25799992	63.69955000
3.25819992	63.69955000
3.25839992	63.69955000
3.25859992	63.69955000
3.25879992	63.69955000
3.25899992	63.69955000
3.25919992	63.69955000
3.25939992	63.69955000
3.25959992	63.69955000
3.25979992	63.69955000
3.25999992	65.57578000
3.26019992	65.57578000
3.26039992	63.69955000
3.26059992	65.57578000
3.26079992	65.57578000
3.26099992	65.57578000
3.26119992	65.57578000
3.26139992	65.57578000
3.26159992	65.57578000
3.26179992	65.57578000
3.26199992	65.57578000
3.26219992	65.57578000
3.26239992	65.57578000
3.26259992	65.57578000
3.26279992	65.57578000
3.26299992	65.57578000
3.26319992	65.57578000
3.26339992	65.57578000
3.26359992	65.57578000
3.26379992	65.57578000
3.26399992	65.57578000
3.26419992	65.57578000
3.26439992	65.57578000
3.26459992	65.57578000
3.26479992	65.57578000
3.26499992	65.57578000
3.26519992	65.57578000
3.26539992	65.57578000
3.26559992	65.57578000
3.26579992	67.45202000
3.26599992	67.45202000
3.26619992	65.57578000
3.26639992	67.45202000
3.26659992	67.45202000
3.26679992	67.45202000
3.26699992	67.45202000
3.26719992	67.45202000
3.26739992	67.45202000
3.26759992	67.45202000
3.26779992	67.45202000
3.26799992	67.45202000
3.26819992	67.45202000
3.26839992	67.45202000
3.26859992	67.45202000
3.26879992	67.45202000
3.26899992	67.45202000
3.26919992	69.32209000
3.26939992	69.32209000
3.26959992	69.32209000
3.26979992	69.32209000
3.26999992	69.32209000
3.27019992	69.32209000
3.27039992	69.32209000
3.27059992	69.32209000
3.27079992	69.32209000
3.27099992	71.19833000
3.27119992	71.19833000
3.27139992	71.19833000
3.27159992	71.19833000
3.27179992	71.19833000
3.27199992	71.19833000
3.27219992	71.19833000
3.27239992	71.19833000
3.27259992	71.19833000
3.27279992	71.19833000
3.27299992	71.19833000
3.27319992	73.06840000
3.27339992	73.06840000
3.27359992	73.06840000
3.27379992	73.06840000
3.27399992	73.06840000
3.27419992	73.06840000
3.27439992	73.06840000
3.27459992	73.06840000
3.27479992	73.06840000
3.27499992	73.06840000
3.27519992	73.06840000
3.27539992	73.06840000
3.27559992	73.06840000
3.27579992	73.06840000
3.27599992	73.06840000
3.27619992	73.06840000
3.27639992	73.06840000
3.27659992	73.06840000
3.27679992	73.06840000
3.27699992	73.06840000
3.27719992	73.06840000
3.27739992	73.06840000
3.27759992	73.06840000
3.27779992	73.06840000
3.27799992	73.06840000
3.27819992	73.06840000
3.27839992	73.06840000
3.27859992	73.06840000
3.27879992	73.06840000
3.27899992	73.06840000
3.27919992	74.94463000
3.27939992	74.94463000
3.27959992	74.94463000
3.27979992	74.94463000
3.27999992	74.94463000
3.28019992	74.94463000
3.28039992	74.94463000
3.28059992	74.94463000
3.28079992	74.94463000
3.28099992	74.94463000
3.28119992	74.94463000
3.28139992	74.94463000
3.28159992	74.94463000
3.28179992	74.94463000
3.28199992	76.82086000
3.28219992	76.82086000
3.28239992	76.82086000
3.28259992	76.82086000
3.28279992	76.82086000
3.28299992	76.82086000
3.28319992	76.82086000
3.28339992	76.82086000
3.28359992	76.82086000
3.28379992	76.82086000
3.28399992	76.82086000
3.28419992	76.82086000
3.28439992	76.82086000
3.28459992	76.82086000
3.28479992	76.82086000
3.28499992	76.82086000
3.28519992	76.82086000
3.28539992	76.82086000
3.28559992	76.82086000
3.28579992	76.82086000
3.28599992	76.82086000
3.28619992	76.82086000
3.28639992	76.82086000
3.28659992	76.82086000
3.28679992	76.82086000
3.28699992	76.82086000
3.28719992	76.82086000
3.28739992	78.69094000
3.28759992	76.82086000
3.28779992	78.69094000
3.28799992	78.69094000
3.28819992	78.69094000
3.28839992	78.69094000
3.28859992	78.69094000
3.28879992	78.69094000
3.28899992	78.69094000
3.28919992	78.69094000
3.28939992	78.69094000
3.28959992	78.69094000
3.28979992	78.69094000
3.28999992	78.69094000
3.29019992	78.69094000
3.29039992	80.56717000
3.29059992	78.69094000
3.29079992	80.56717000
3.29099992	78.69094000
3.29119992	78.69094000
3.29139992	80.56717000
3.29159992	80.56717000
3.29179992	80.56717000
3.29199992	80.56717000
3.29219992	80.56717000
3.29239992	80.56717000
3.29259992	80.56717000
3.29279992	80.56717000
3.29299992	80.56717000
3.29319992	80.56717000
3.29339992	80.56717000
3.29359992	80.56717000
3.29379992	80.56717000
3.29399992	80.56717000
3.29419992	80.56717000
3.29439992	80.56717000
3.29459992	80.56717000
3.29479992	80.56717000
3.29499992	80.56717000
3.29519992	80.56717000
3.29539992	80.56717000
3.29559992	80.56717000
3.29579992	80.56717000
3.29599992	80.56717000
3.29619992	80.56717000
3.29639992	80.56717000
3.29659992	80.56717000
3.29679992	80.56717000
3.29699992	80.56717000
3.29719992	80.56717000
3.29739992	82.43725000
3.29759992	82.43725000
3.29779992	82.43725000
3.29799992	82.43725000
3.29819992	82.43725000
3.29839992	82.43725000
3.29859992	82.43725000
3.29879992	82.43725000
3.29899992	82.43725000
3.29919992	82.43725000
3.29939992	84.31348000
3.29959992	84.31348000
3.29979992	84.31348000
3.29999992	84.31348000
3.30019992	84.31348000
3.30039992	84.31348000
3.30059992	84.31348000
3.30079992	84.31348000
3.30099992	84.31348000
3.30119992	84.31348000
3.30139992	84.31348000
3.30159992	84.31348000
3.30179992	84.31348000
3.30199992	84.31348000
3.30219992	84.31348000
3.30239992	84.31348000
3.30259992	84.31348000
3.30279992	84.31348000
3.30299992	84.31348000
3.30319992	84.31348000
3.30339992	84.31348000
3.30359992	84.31348000
3.30379992	84.31348000
3.30399992	84.31348000
3.30419992	84.31348000
3.30439992	84.31348000
3.30459992	84.31348000
3.30479992	84.31348000
3.30499992	84.31348000
3.30519992	84.31348000
3.30539992	84.31348000
3.30559992	84.31348000
3.30579992	84.31348000
3.30599992	84.31348000
3.30619992	84.31348000
3.30639992	84.31348000
3.30659992	84.31348000
3.30679992	84.31348000
3.30699992	84.31348000
3.30719992	84.31348000
3.30739992	84.31348000
3.30759992	84.31348000
3.30779992	84.31348000
3.30799992	84.31348000
3.30819992	84.31348000
3.30839992	86.18356000
3.30859992	86.18356000
3.30879992	86.18356000
3.30899992	86.18356000
3.30919992	86.18356000
3.30939992	86.18356000
3.30959992	86.18356000
3.30979992	88.05978000
3.30999992	88.05978000
3.31019992	88.05978000
3.31039992	88.05978000
3.31059992	88.05978000
3.31079992	88.05978000
3.31099992	88.05978000
3.31119992	88.05978000
3.31139992	88.05978000
3.31159992	88.05978000
3.31179992	88.05978000
3.31199992	88.05978000
3.31219992	88.05978000
3.31239992	89.93602000
3.31259992	88.05978000
3.31279992	89.93602000
3.31299992	88.05978000
3.31319992	88.05978000
3.31339992	88.05978000
3.31359992	89.93602000
3.31379992	88.05978000
3.31399992	89.93602000
3.31419992	88.05978000
3.31439992	89.93602000
3.31459992	89.93602000
3.31479992	89.93602000
3.31499992	89.93602000
3.31519992	89.93602000
3.31539992	89.93602000
3.31559992	89.93602000
3.31579992	89.93602000
3.31599992	89.93602000
3.31619992	89.93602000
3.31639992	89.93602000
3.31659992	89.93602000
3.31679992	89.93602000
3.31699992	89.93602000
3.31719992	89.93602000
3.31739992	89.93602000
3.31759992	89.93602000
3.31779992	89.93602000
3.31799992	91.80609000
3.31819992	91.80609000
3.31839992	91.80609000
3.31859992	91.80609000
3.31879992	91.80609000
3.31899992	91.80609000
3.31919992	91.80609000
3.31939992	91.80609000
3.31959992	91.80609000
3.31979992	91.80609000
3.31999992	91.80609000
3.32019992	91.80609000
3.32039992	91.80609000
3.32059992	91.80609000
3.32079992	91.80609000
3.32099992	91.80609000
3.32119992	93.68233000
3.32139992	93.68233000
3.32159992	91.80609000
3.32179992	91.80609000
3.32199992	93.68233000
3.32219992	91.80609000
3.32239992	91.80609000
3.32259992	93.68233000
3.32279992	91.80609000
3.32299992	91.80609000
3.32319992	93.68233000
3.32339992	91.80609000
3.32359992	91.80609000
3.32379992	91.80609000
3.32399992	91.80609000
3.32419992	91.80609000
3.32439992	91.80609000
3.32459992	91.80609000
3.32479992	91.80609000
3.32499992	91.80609000
3.32519992	91.80609000
3.32539992	91.80609000
3.32559992	91.80609000
3.32579992	91.80609000
3.32599992	91.80609000
3.32619992	91.80609000
3.32639992	93.68233000
3.32659992	93.68233000
3.32679992	91.80609000
3.32699992	91.80609000
3.32719992	91.80609000
3.32739992	91.80609000
3.32759992	93.68233000
3.32779992	93.68233000
3.32799992	93.68233000
3.32819992	93.68233000
3.32839992	93.68233000
3.32859992	93.68233000
3.32879992	93.68233000
3.32899992	93.68233000
3.32919992	93.68233000
3.32939992	93.68233000
3.32959992	93.68233000
3.32979992	93.68233000
3.32999992	93.68233000
3.33019992	93.68233000
3.33039992	93.68233000
3.33059992	93.68233000
3.33079992	93.68233000
3.33099992	93.68233000
3.33119992	93.68233000
3.33139992	93.68233000
3.33159992	93.68233000
3.33179992	93.68233000
3.33199992	93.68233000
3.33219992	93.68233000
3.33239992	93.68233000
3.33259992	91.80609000
3.33279992	91.80609000
3.33299992	91.80609000
3.33319992	91.80609000
3.33339992	91.80609000
3.33359992	91.80609000
3.33379992	91.80609000
3.33399992	93.68233000
3.33419992	91.80609000
3.33439992	93.68233000
3.33459992	93.68233000
3.33479992	91.80609000
3.33499992	93.68233000
3.33519992	93.68233000
3.33539992	93.68233000
3.33559992	93.68233000
3.33579992	93.68233000
3.33599992	93.68233000
3.33619992	93.68233000
3.33639992	93.68233000
3.33659992	93.68233000
3.33679992	93.68233000
3.33699992	93.68233000
3.33719992	93.68233000
3.33739992	93.68233000
3.33759992	93.68233000
3.33779992	93.68233000
3.33799992	93.68233000
3.33819992	93.68233000
3.33839992	93.68233000
3.33859992	93.68233000
3.33879992	93.68233000
3.33899992	93.68233000
3.33919992	95.55241000
3.33939992	95.55241000
3.33959992	95.55241000
3.33979992	95.55241000
3.33999992	95.55241000
3.34019992	95.55241000
3.34039992	95.55241000
3.34059992	95.55241000
3.34079992	95.55241000
3.34099992	95.55241000
3.34119992	95.55241000
3.34139992	95.55241000
3.34159992	95.55241000
3.34179992	95.55241000
3.34199992	95.55241000
3.34219992	95.55241000
3.34239992	95.55241000
3.34259992	95.55241000
3.34279992	95.55241000
3.34299992	95.55241000
3.34319992	95.55241000
3.34339992	95.55241000
3.34359992	95.55241000
3.34379992	95.55241000
3.34399992	95.55241000
3.34419992	95.55241000
3.34439992	95.55241000
3.34459992	95.55241000
3.34479992	95.55241000
3.34499992	95.55241000
3.34519992	95.55241000
3.34539992	95.55241000
3.34559992	95.55241000
3.34579992	95.55241000
3.34599992	95.55241000
3.34619992	95.55241000
3.34639992	95.55241000
3.34659992	95.55241000
3.34679992	95.55241000
3.34699992	95.55241000
3.34719992	95.55241000
3.34739992	95.55241000
3.34759992	95.55241000
3.34779992	95.55241000
3.34799992	95.55241000
3.34819992	95.55241000
3.34839992	95.55241000
3.34859992	95.55241000
3.34879992	95.55241000
3.34899992	95.55241000
3.34919992	95.55241000
3.34939992	95.55241000
3.34959992	95.55241000
3.34979992	95.55241000
3.34999992	95.55241000
3.35019992	97.42863000
3.35039992	97.42863000
3.35059992	97.42863000
3.35079992	95.55241000
3.35099992	97.42863000
3.35119992	97.42863000
3.35139992	97.42863000
3.35159992	97.42863000
3.35179992	97.42863000
3.35199992	97.42863000
3.35219992	97.42863000
3.35239992	97.42863000
3.35259992	97.42863000
3.35279992	97.42863000
3.35299992	97.42863000
3.35319992	97.42863000
3.35339992	97.42863000
3.35359992	97.42863000
3.35379992	97.42863000
3.35399992	97.42863000
3.35419992	97.42863000
3.35439992	97.42863000
3.35459992	97.42863000
3.35479992	97.42863000
3.35499992	97.42863000
3.35519992	97.42863000
3.35539992	97.42863000
3.35559992	97.42863000
3.35579992	97.42863000
3.35599992	97.42863000
3.35619992	97.42863000
3.35639992	97.42863000
3.35659992	97.42863000
3.35679992	97.42863000
3.35699992	97.42863000
3.35719992	97.42863000
3.35739992	97.42863000
3.35759992	97.42863000
3.35779992	97.42863000
3.35799992	97.42863000
3.35819992	97.42863000
3.35839992	97.42863000
3.35859992	97.42863000
3.35879992	97.42863000
3.35899992	97.42863000
3.35919992	97.42863000
3.35939992	97.42863000
3.35959992	97.42863000
3.35979992	97.42863000
3.35999992	97.42863000
3.36019992	97.42863000
3.36039992	97.42863000
3.36059992	97.42863000
3.36079992	97.42863000
3.36099992	97.42863000
3.36119992	97.42863000
3.36139992	97.42863000
3.36159992	97.42863000
3.36179992	97.42863000
3.36199992	97.42863000
3.36219992	97.42863000
3.36239992	97.42863000
3.36259992	97.42863000
3.36279992	97.42863000
3.36299992	97.42863000
3.36319992	97.42863000
3.36339992	97.42863000
3.36359992	97.42863000
3.36379992	97.42863000
3.36399992	97.42863000
3.36419992	97.42863000
3.36439992	97.42863000
3.36459992	97.42863000
3.36479991	97.42863000
3.36499991	97.42863000
3.36519991	97.42863000
3.36539991	97.42863000
3.36559991	97.42863000
3.36579991	97.42863000
3.36599991	97.42863000
3.36619991	97.42863000
3.36639991	97.42863000
3.36659991	97.42863000
3.36679991	97.42863000
3.36699991	97.42863000
3.36719991	97.42863000
3.36739991	97.42863000
3.36759991	97.42863000
3.36779991	97.42863000
3.36799991	97.42863000
3.36819991	97.42863000
3.36839991	97.42863000
3.36859991	97.42863000
3.36879991	97.42863000
3.36899991	97.42863000
3.36919991	97.42863000
3.36939991	97.42863000
3.36959991	97.42863000
3.36979991	97.42863000
3.36999991	97.42863000
3.37019991	97.42863000
3.37039991	97.42863000
3.37059991	97.42863000
3.37079991	97.42863000
3.37099991	97.42863000
3.37119991	97.42863000
3.37139991	97.42863000
3.37159991	97.42863000
3.37179991	97.42863000
3.37199991	97.42863000
3.37219991	97.42863000
3.37239991	97.42863000
3.37259991	97.42863000
3.37279991	97.42863000
3.37299991	97.42863000
3.37319991	97.42863000
3.37339991	97.42863000
3.37359991	97.42863000
3.37379991	97.42863000
3.37399991	97.42863000
3.37419991	97.42863000
3.37439991	97.42863000
3.37459991	97.42863000
3.37479991	97.42863000
3.37499991	97.42863000
3.37519991	97.42863000
3.37539991	97.42863000
3.37559991	97.42863000
3.37579991	97.42863000
3.37599991	97.42863000
3.37619991	97.42863000
3.37639991	97.42863000
3.37659991	97.42863000
3.37679991	97.42863000
3.37699991	97.42863000
3.37719991	97.42863000
3.37739991	97.42863000
3.37759991	97.42863000
3.37779991	97.42863000
3.37799991	97.42863000
3.37819991	97.42863000
3.37839991	97.42863000
3.37859991	97.42863000
3.37879991	97.42863000
3.37899991	97.42863000
3.37919991	97.42863000
3.37939991	97.42863000
3.37959991	97.42863000
3.37979991	97.42863000
3.37999991	97.42863000
3.38019991	97.42863000
3.38039991	97.42863000
3.38059991	97.42863000
3.38079991	97.42863000
3.38099991	97.42863000
3.38119991	97.42863000
3.38139991	97.42863000
3.38159991	97.42863000
3.38179991	97.42863000
3.38199991	97.42863000
3.38219991	97.42863000
3.38239991	97.42863000
3.38259991	97.42863000
3.38279991	97.42863000
3.38299991	97.42863000
3.38319991	97.42863000
3.38339991	97.42863000
3.38359991	97.42863000
3.38379991	97.42863000
3.38399991	97.42863000
3.38419991	97.42863000
3.38439991	97.42863000
3.38459991	97.42863000
3.38479991	97.42863000
3.38499991	97.42863000
3.38519991	97.42863000
3.38539991	97.42863000
3.38559991	97.42863000
3.38579991	97.42863000
3.38599991	97.42863000
3.38619991	97.42863000
3.38639991	97.42863000
3.38659991	97.42863000
3.38679991	97.42863000
3.38699991	97.42863000
3.38719991	97.42863000
3.38739991	97.42863000
3.38759991	97.42863000
3.38779991	97.42863000
3.38799991	97.42863000
3.38819991	97.42863000
3.38839991	97.42863000
3.38859991	97.42863000
3.38879991	97.42863000
3.38899991	97.42863000
3.38919991	97.42863000
3.38939991	97.42863000
3.38959991	97.42863000
3.38979991	97.42863000
3.38999991	97.42863000
3.39019991	97.42863000
3.39039991	97.42863000
3.39059991	97.42863000
3.39079991	97.42863000
3.39099991	97.42863000
3.39119991	97.42863000
3.39139991	97.42863000
3.39159991	97.42863000
3.39179991	97.42863000
3.39199991	97.42863000
3.39219991	97.42863000
3.39239991	97.42863000
3.39259991	97.42863000
3.39279991	97.42863000
3.39299991	97.42863000
3.39319991	97.42863000
3.39339991	97.42863000
3.39359991	97.42863000
3.39379991	97.42863000
3.39399991	97.42863000
3.39419991	97.42863000
3.39439991	97.42863000
3.39459991	97.42863000
3.39479991	97.42863000
3.39499991	97.42863000
3.39519991	97.42863000
3.39539991	97.42863000
3.39559991	97.42863000
3.39579991	97.42863000
3.39599991	97.42863000
3.39619991	97.42863000
3.39639991	97.42863000
3.39659991	97.42863000
3.39679991	97.42863000
3.39699991	97.42863000
3.39719991	97.42863000
3.39739991	97.42863000
3.39759991	97.42863000
3.39779991	97.42863000
3.39799991	97.42863000
3.39819991	97.42863000
3.39839991	97.42863000
3.39859991	97.42863000
3.39879991	97.42863000
3.39899991	97.42863000
3.39919991	97.42863000
3.39939991	97.42863000
3.39959991	97.42863000
3.39979991	97.42863000
3.39999991	97.42863000
3.40019991	97.42863000
3.40039991	97.42863000
3.40059991	97.42863000
3.40079991	97.42863000
3.40099991	97.42863000
3.40119991	97.42863000
3.40139991	97.42863000
3.40159991	97.42863000
3.40179991	97.42863000
3.40199991	97.42863000
3.40219991	95.55241000
3.40239991	97.42863000
3.40259991	97.42863000
3.40279991	97.42863000
3.40299991	97.42863000
3.40319991	97.42863000
3.40339991	97.42863000
3.40359991	97.42863000
3.40379991	97.42863000
3.40399991	97.42863000
3.40419991	97.42863000
3.40439991	97.42863000
3.40459991	97.42863000
3.40479991	97.42863000
3.40499991	97.42863000
3.40519991	97.42863000
3.40539991	97.42863000
3.40559991	97.42863000
3.40579991	97.42863000
3.40599991	97.42863000
3.40619991	97.42863000
3.40639991	95.55241000
3.40659991	97.42863000
3.40679991	95.55241000
3.40699991	95.55241000
3.40719991	95.55241000
3.40739991	95.55241000
3.40759991	97.42863000
3.40779991	95.55241000
3.40799991	95.55241000
3.40819991	97.42863000
3.40839991	95.55241000
3.40859991	95.55241000
3.40879991	95.55241000
3.40899991	95.55241000
3.40919991	95.55241000
3.40939991	95.55241000
3.40959991	95.55241000
3.40979991	95.55241000
3.40999991	95.55241000
3.41019991	95.55241000
3.41039991	95.55241000
3.41059991	95.55241000
3.41079991	95.55241000
3.41099991	95.55241000
3.41119991	95.55241000
3.41139991	95.55241000
3.41159991	95.55241000
3.41179991	95.55241000
3.41199991	95.55241000
3.41219991	95.55241000
3.41239991	95.55241000
3.41259991	95.55241000
3.41279991	95.55241000
3.41299991	95.55241000
3.41319991	95.55241000
3.41339991	95.55241000
3.41359991	95.55241000
3.41379991	95.55241000
3.41399991	95.55241000
3.41419991	95.55241000
3.41439991	95.55241000
3.41459991	95.55241000
3.41479991	95.55241000
3.41499991	95.55241000
3.41519991	95.55241000
3.41539991	95.55241000
3.41559991	95.55241000
3.41579991	95.55241000
3.41599991	95.55241000
3.41619991	95.55241000
3.41639991	95.55241000
3.41659991	95.55241000
3.41679991	95.55241000
3.41699991	95.55241000
3.41719991	95.55241000
3.41739991	95.55241000
3.41759991	95.55241000
3.41779991	95.55241000
3.41799991	95.55241000
3.41819991	95.55241000
3.41839991	95.55241000
3.41859991	95.55241000
3.41879991	95.55241000
3.41899991	95.55241000
3.41919991	95.55241000
3.41939991	95.55241000
3.41959991	95.55241000
3.41979991	95.55241000
3.41999991	95.55241000
3.42019991	95.55241000
3.42039991	93.68233000
3.42059991	95.55241000
3.42079991	95.55241000
3.42099991	95.55241000
3.42119991	95.55241000
3.42139991	93.68233000
3.42159991	93.68233000
3.42179991	95.55241000
3.42199991	95.55241000
3.42219991	95.55241000
3.42239991	93.68233000
3.42259991	95.55241000
3.42279991	93.68233000
3.42299991	93.68233000
3.42319991	93.68233000
3.42339991	93.68233000
3.42359991	95.55241000
3.42379991	93.68233000
3.42399991	95.55241000
3.42419991	95.55241000
3.42439991	93.68233000
3.42459991	93.68233000
3.42479991	95.55241000
3.42499991	93.68233000
3.42519991	93.68233000
3.42539991	93.68233000
3.42559991	93.68233000
3.42579991	93.68233000
3.42599991	93.68233000
3.42619991	93.68233000
3.42639991	95.55241000
3.42659991	93.68233000
3.42679991	93.68233000
3.42699991	93.68233000
3.42719991	93.68233000
3.42739991	93.68233000
3.42759991	93.68233000
3.42779991	93.68233000
3.42799991	93.68233000
3.42819991	93.68233000
3.42839991	93.68233000
3.42859991	93.68233000
3.42879991	93.68233000
3.42899991	93.68233000
3.42919991	93.68233000
3.42939991	93.68233000
3.42959991	93.68233000
3.42979991	93.68233000
3.42999991	93.68233000
3.43019991	93.68233000
3.43039991	93.68233000
3.43059991	93.68233000
3.43079991	93.68233000
3.43099991	93.68233000
3.43119991	93.68233000
3.43139991	93.68233000
3.43159991	93.68233000
3.43179991	93.68233000
3.43199991	93.68233000
3.43219991	93.68233000
3.43239991	93.68233000
3.43259991	93.68233000
3.43279991	93.68233000
3.43299991	93.68233000
3.43319991	93.68233000
3.43339991	93.68233000
3.43359991	93.68233000
3.43379991	93.68233000
3.43399991	93.68233000
3.43419991	93.68233000
3.43439991	93.68233000
3.43459991	93.68233000
3.43479991	91.80609000
3.43499991	93.68233000
3.43519991	93.68233000
3.43539991	93.68233000
3.43559991	93.68233000
3.43579991	93.68233000
3.43599991	93.68233000
3.43619991	93.68233000
3.43639991	93.68233000
3.43659991	91.80609000
3.43679991	91.80609000
3.43699991	91.80609000
3.43719991	91.80609000
3.43739991	91.80609000
3.43759991	91.80609000
3.43779991	91.80609000
3.43799991	91.80609000
3.43819991	91.80609000
3.43839991	91.80609000
3.43859991	91.80609000
3.43879991	91.80609000
3.43899991	91.80609000
3.43919991	91.80609000
3.43939991	91.80609000
3.43959991	91.80609000
3.43979991	91.80609000
3.43999991	91.80609000
3.44019991	91.80609000
3.44039991	91.80609000
3.44059991	91.80609000
3.44079991	91.80609000
3.44099991	91.80609000
3.44119991	91.80609000
3.44139991	91.80609000
3.44159991	91.80609000
3.44179991	91.80609000
3.44199991	91.80609000
3.44219991	91.80609000
3.44239991	91.80609000
3.44259991	91.80609000
3.44279991	91.80609000
3.44299991	91.80609000
3.44319991	91.80609000
3.44339991	91.80609000
3.44359991	91.80609000
3.44379991	91.80609000
3.44399991	91.80609000
3.44419991	91.80609000
3.44439991	91.80609000
3.44459991	91.80609000
3.44479991	91.80609000
3.44499991	91.80609000
3.44519991	91.80609000
3.44539991	91.80609000
3.44559991	91.80609000
3.44579991	91.80609000
3.44599991	91.80609000
3.44619991	91.80609000
3.44639991	91.80609000
3.44659991	91.80609000
3.44679991	91.80609000
3.44699991	91.80609000
3.44719991	91.80609000
3.44739991	91.80609000
3.44759991	91.80609000
3.44779991	91.80609000
3.44799991	91.80609000
3.44819991	89.93602000
3.44839991	89.93602000
3.44859991	91.80609000
3.44879991	89.93602000
3.44899991	89.93602000
3.44919991	89.93602000
3.44939991	89.93602000
3.44959991	89.93602000
3.44979991	89.93602000
3.44999991	89.93602000
3.45019991	89.93602000
3.45039991	89.93602000
3.45059991	89.93602000
3.45079991	89.93602000
3.45099991	89.93602000
3.45119991	89.93602000
3.45139991	89.93602000
3.45159991	89.93602000
3.45179991	89.93602000
3.45199991	89.93602000
3.45219991	89.93602000
3.45239991	89.93602000
3.45259991	89.93602000
3.45279991	89.93602000
3.45299991	89.93602000
3.45319991	89.93602000
3.45339991	89.93602000
3.45359991	89.93602000
3.45379991	89.93602000
3.45399991	89.93602000
3.45419991	89.93602000
3.45439991	89.93602000
3.45459991	89.93602000
3.45479991	88.05978000
3.45499991	88.05978000
3.45519991	88.05978000
3.45539991	88.05978000
3.45559991	88.05978000
3.45579991	88.05978000
3.45599991	88.05978000
3.45619991	88.05978000
3.45639991	88.05978000
3.45659991	88.05978000
3.45679991	88.05978000
3.45699991	88.05978000
3.45719991	88.05978000
3.45739991	88.05978000
3.45759991	88.05978000
3.45779991	88.05978000
3.45799991	88.05978000
3.45819991	88.05978000
3.45839991	88.05978000
3.45859991	88.05978000
3.45879991	88.05978000
3.45899991	88.05978000
3.45919991	88.05978000
3.45939991	88.05978000
3.45959991	86.18356000
3.45979991	88.05978000
3.45999991	88.05978000
3.46019991	88.05978000
3.46039991	88.05978000
3.46059991	86.18356000
3.46079991	86.18356000
3.46099991	86.18356000
3.46119991	86.18356000
3.46139991	86.18356000
3.46159991	86.18356000
3.46179991	88.05978000
3.46199991	88.05978000
3.46219991	86.18356000
3.46239991	86.18356000
3.46259991	86.18356000
3.46279991	86.18356000
3.46299991	88.05978000
3.46319991	88.05978000
3.46339991	88.05978000
3.46359991	88.05978000
3.46379991	88.05978000
3.46399991	88.05978000
3.46419991	88.05978000
3.46439991	88.05978000
3.46459991	88.05978000
3.46479991	88.05978000
3.46499991	88.05978000
3.46519991	88.05978000
3.46539991	88.05978000
3.46559991	88.05978000
3.46579991	88.05978000
3.46599991	88.05978000
3.46619991	88.05978000
3.46639991	88.05978000
3.46659991	88.05978000
3.46679991	88.05978000
3.46699991	88.05978000
3.46719991	86.18356000
3.46739991	86.18356000
3.46759991	86.18356000
3.46779991	86.18356000
3.46799991	86.18356000
3.46819991	86.18356000
3.46839991	86.18356000
3.46859991	86.18356000
3.46879991	86.18356000
3.46899991	86.18356000
3.46919991	86.18356000
3.46939991	86.18356000
3.46959991	86.18356000
3.46979991	86.18356000
3.46999991	84.31348000
3.47019991	86.18356000
3.47039991	86.18356000
3.47059991	84.31348000
3.47079991	84.31348000
3.47099991	84.31348000
3.47119991	84.31348000
3.47139991	84.31348000
3.47159991	84.31348000
3.47179991	84.31348000
3.47199991	84.31348000
3.47219991	84.31348000
3.47239991	84.31348000
3.47259991	84.31348000
3.47279991	84.31348000
3.47299991	84.31348000
3.47319991	84.31348000
3.47339991	84.31348000
3.47359991	84.31348000
3.47379991	84.31348000
3.47399991	84.31348000
3.47419991	84.31348000
3.47439991	84.31348000
3.47459991	84.31348000
3.47479991	84.31348000
3.47499991	84.31348000
3.47519991	84.31348000
3.47539991	84.31348000
3.47559991	84.31348000
3.47579991	84.31348000
3.47599991	84.31348000
3.47619991	84.31348000
3.47639991	84.31348000
3.47659991	84.31348000
3.47679991	84.31348000
3.47699991	84.31348000
3.47719991	84.31348000
3.47739991	84.31348000
3.47759991	82.43725000
3.47779991	82.43725000
3.47799991	82.43725000
3.47819991	82.43725000
3.47839991	82.43725000
3.47859991	82.43725000
3.47879991	82.43725000
3.47899991	82.43725000
3.47919991	82.43725000
3.47939991	82.43725000
3.47959991	82.43725000
3.47979991	82.43725000
3.47999991	82.43725000
3.48019991	82.43725000
3.48039991	82.43725000
3.48059991	82.43725000
3.48079991	82.43725000
3.48099991	82.43725000
3.48119991	82.43725000
3.48139991	82.43725000
3.48159991	82.43725000
3.48179991	82.43725000
3.48199991	82.43725000
3.48219991	82.43725000
3.48239991	82.43725000
3.48259991	82.43725000
3.48279991	82.43725000
3.48299991	82.43725000
3.48319991	82.43725000
3.48339991	80.56717000
3.48359991	80.56717000
3.48379991	80.56717000
3.48399991	80.56717000
3.48419991	80.56717000
3.48439991	80.56717000
3.48459991	80.56717000
3.48479991	80.56717000
3.48499991	80.56717000
3.48519991	80.56717000
3.48539991	80.56717000
3.48559991	80.56717000
3.48579991	80.56717000
3.48599991	82.43725000
3.48619991	80.56717000
3.48639991	80.56717000
3.48659991	80.56717000
3.48679991	80.56717000
3.48699991	80.56717000
3.48719991	80.56717000
3.48739991	80.56717000
3.48759991	80.56717000
3.48779991	80.56717000
3.48799991	80.56717000
3.48819991	80.56717000
3.48839991	80.56717000
3.48859991	80.56717000
3.48879991	80.56717000
3.48899991	80.56717000
3.48919991	80.56717000
3.48939991	80.56717000
3.48959991	78.69094000
3.48979991	78.69094000
3.48999991	78.69094000
3.49019991	78.69094000
3.49039991	78.69094000
3.49059991	78.69094000
3.49079991	78.69094000
3.49099991	78.69094000
3.49119991	78.69094000
3.49139991	78.69094000
3.49159991	78.69094000
3.49179991	78.69094000
3.49199991	78.69094000
3.49219991	78.69094000
3.49239991	78.69094000
3.49259991	78.69094000
3.49279991	78.69094000
3.49299991	78.69094000
3.49319991	76.82086000
3.49339991	76.82086000
3.49359991	76.82086000
3.49379991	76.82086000
3.49399991	78.69094000
3.49419991	78.69094000
3.49439991	78.69094000
3.49459991	76.82086000
3.49479991	78.69094000
3.49499991	78.69094000
3.49519991	78.69094000
3.49539991	78.69094000
3.49559991	78.69094000
3.49579991	78.69094000
3.49599991	78.69094000
3.49619991	78.69094000
3.49639991	78.69094000
3.49659991	78.69094000
3.49679991	78.69094000
3.49699991	78.69094000
3.49719991	76.82086000
3.49739991	76.82086000
3.49759991	76.82086000
3.49779991	76.82086000
3.49799991	76.82086000
3.49819991	76.82086000
3.49839991	76.82086000
3.49859991	76.82086000
3.49879991	76.82086000
3.49899991	76.82086000
3.49919991	78.69094000
3.49939991	76.82086000
3.49959991	76.82086000
3.49979991	76.82086000
3.49999991	76.82086000
3.50019991	76.82086000
3.50039991	76.82086000
3.50059991	76.82086000
3.50079991	76.82086000
3.50099991	76.82086000
3.50119991	76.82086000
3.50139991	76.82086000
3.50159991	74.94463000
3.50179991	76.82086000
3.50199991	74.94463000
3.50219991	74.94463000
3.50239991	74.94463000
3.50259991	74.94463000
3.50279991	74.94463000
3.50299991	74.94463000
3.50319991	74.94463000
3.50339991	74.94463000
3.50359991	74.94463000
3.50379991	74.94463000
3.50399991	74.94463000
3.50419991	76.82086000
3.50439991	76.82086000
3.50459991	76.82086000
3.50479991	76.82086000
3.50499991	76.82086000
3.50519991	76.82086000
3.50539991	76.82086000
3.50559991	76.82086000
3.50579991	76.82086000
3.50599991	76.82086000
3.50619991	76.82086000
3.50639991	76.82086000
3.50659991	76.82086000
3.50679991	76.82086000
3.50699991	76.82086000
3.50719991	76.82086000
3.50739991	76.82086000
3.50759991	76.82086000
3.50779991	74.94463000
3.50799991	76.82086000
3.50819991	74.94463000
3.50839991	74.94463000
3.50859991	74.94463000
3.50879991	74.94463000
3.50899991	74.94463000
3.50919991	74.94463000
3.50939991	74.94463000
3.50959991	74.94463000
3.50979991	74.94463000
3.50999991	74.94463000
3.51019991	74.94463000
3.51039991	74.94463000
3.51059991	74.94463000
3.51079991	74.94463000
3.51099991	76.82086000
3.51119991	74.94463000
3.51139991	74.94463000
3.51159991	74.94463000
3.51179991	74.94463000
3.51199991	74.94463000
3.51219991	74.94463000
3.51239991	74.94463000
3.51259991	74.94463000
3.51279991	74.94463000
3.51299991	73.06840000
3.51319991	73.06840000
3.51339991	73.06840000
3.51359991	73.06840000
3.51379991	73.06840000
3.51399991	73.06840000
3.51419991	73.06840000
3.51439991	73.06840000
3.51459991	74.94463000
3.51479991	74.94463000
3.51499991	74.94463000
3.51519991	74.94463000
3.51539991	74.94463000
3.51559991	74.94463000
3.51579991	73.06840000
3.51599991	74.94463000
3.51619991	73.06840000
3.51639991	73.06840000
3.51659991	73.06840000
3.51679991	73.06840000
3.51699991	73.06840000
3.51719991	73.06840000
3.51739991	73.06840000
3.51759991	73.06840000
3.51779991	73.06840000
3.51799991	73.06840000
3.51819991	73.06840000
3.51839991	73.06840000
3.51859991	73.06840000
3.51879991	73.06840000
3.51899991	73.06840000
3.51919991	73.06840000
3.51939991	71.19833000
3.51959991	71.19833000
3.51979991	71.19833000
3.51999991	71.19833000
3.52019991	71.19833000
3.52039991	71.19833000
3.52059991	69.32209000
3.52079991	69.32209000
3.52099991	69.32209000
3.52119991	69.32209000
3.52139991	69.32209000
3.52159991	69.32209000
3.52179991	69.32209000
3.52199991	69.32209000
3.52219991	67.45202000
3.52239991	67.45202000
3.52259991	67.45202000
3.52279991	67.45202000
3.52299991	67.45202000
3.52319991	67.45202000
3.52339991	67.45202000
3.52359991	67.45202000
3.52379991	67.45202000
3.52399991	67.45202000
3.52419991	67.45202000
3.52439991	69.32209000
3.52459991	69.32209000
3.52479991	69.32209000
3.52499991	69.32209000
3.52519991	69.32209000
3.52539991	69.32209000
3.52559991	69.32209000
3.52579991	69.32209000
3.52599991	69.32209000
3.52619991	69.32209000
3.52639991	71.19833000
3.52659991	71.19833000
3.52679991	71.19833000
3.52699991	71.19833000
3.52719991	71.19833000
3.52739991	71.19833000
3.52759991	71.19833000
3.52779991	71.19833000
3.52799991	71.19833000
3.52819991	71.19833000
3.52839991	71.19833000
3.52859991	71.19833000
3.52879991	71.19833000
3.52899991	71.19833000
3.52919991	69.32209000
3.52939991	69.32209000
3.52959991	69.32209000
3.52979991	69.32209000
3.52999991	69.32209000
3.53019991	69.32209000
3.53039991	69.32209000
3.53059991	69.32209000
3.53079991	69.32209000
3.53099991	69.32209000
3.53119991	69.32209000
3.53139991	69.32209000
3.53159991	69.32209000
3.53179991	69.32209000
3.53199991	69.32209000
3.53219991	69.32209000
3.53239991	69.32209000
3.53259991	69.32209000
3.53279991	69.32209000
3.53299991	69.32209000
3.53319991	69.32209000
3.53339991	69.32209000
3.53359991	69.32209000
3.53379991	69.32209000
3.53399991	69.32209000
3.53419991	69.32209000
3.53439991	69.32209000
3.53459991	69.32209000
3.53479991	69.32209000
3.53499991	69.32209000
3.53519991	69.32209000
3.53539991	67.45202000
3.53559991	67.45202000
3.53579991	67.45202000
3.53599991	67.45202000
3.53619991	67.45202000
3.53639991	67.45202000
3.53659991	67.45202000
3.53679991	67.45202000
3.53699991	67.45202000
3.53719991	67.45202000
3.53739991	67.45202000
3.53759991	67.45202000
3.53779991	67.45202000
3.53799991	67.45202000
3.53819991	67.45202000
3.53839991	67.45202000
3.53859991	67.45202000
3.53879991	67.45202000
3.53899991	67.45202000
3.53919991	65.57578000
3.53939991	65.57578000
3.53959991	65.57578000
3.53979991	65.57578000
3.53999991	65.57578000
3.54019991	65.57578000
3.54039991	65.57578000
3.54059991	65.57578000
3.54079991	65.57578000
3.54099991	65.57578000
3.54119991	65.57578000
3.54139991	65.57578000
3.54159991	65.57578000
3.54179991	65.57578000
3.54199991	65.57578000
3.54219991	63.69955000
3.54239991	63.69955000
3.54259991	63.69955000
3.54279991	63.69955000
3.54299991	63.69955000
3.54319991	65.57578000
3.54339991	65.57578000
3.54359991	65.57578000
3.54379991	65.57578000
3.54399991	65.57578000
3.54419991	65.57578000
3.54439991	65.57578000
3.54459991	65.57578000
3.54479991	65.57578000
3.54499991	65.57578000
3.54519991	65.57578000
3.54539991	65.57578000
3.54559991	65.57578000
3.54579991	65.57578000
3.54599991	65.57578000
3.54619991	65.57578000
3.54639991	65.57578000
3.54659991	65.57578000
3.54679991	65.57578000
3.54699991	65.57578000
3.54719991	65.57578000
3.54739991	65.57578000
3.54759991	65.57578000
3.54779991	65.57578000
3.54799991	67.45202000
3.54819991	65.57578000
3.54839991	65.57578000
3.54859991	65.57578000
3.54879991	65.57578000
3.54899991	65.57578000
3.54919991	65.57578000
3.54939991	65.57578000
3.54959991	67.45202000
3.54979991	65.57578000
3.54999991	67.45202000
3.55019991	65.57578000
3.55039991	67.45202000
3.55059991	67.45202000
3.55079991	67.45202000
3.55099991	67.45202000
3.55119991	67.45202000
3.55139991	67.45202000
3.55159991	67.45202000
3.55179991	67.45202000
3.55199991	67.45202000
3.55219991	67.45202000
3.55239991	67.45202000
3.55259991	65.57578000
3.55279991	65.57578000
3.55299991	65.57578000
3.55319991	65.57578000
3.55339991	65.57578000
3.55359991	65.57578000
3.55379991	65.57578000
3.55399991	65.57578000
3.55419991	65.57578000
3.55439991	65.57578000
3.55459991	65.57578000
3.55479991	65.57578000
3.55499991	65.57578000
3.55519991	65.57578000
3.55539991	65.57578000
3.55559991	65.57578000
3.55579991	65.57578000
3.55599991	65.57578000
3.55619991	65.57578000
3.55639991	65.57578000
3.55659991	65.57578000
3.55679991	63.69955000
3.55699991	63.69955000
3.55719991	63.69955000
3.55739991	63.69955000
3.55759991	63.69955000
3.55779991	63.69955000
3.55799991	63.69955000
3.55819991	63.69955000
3.55839991	63.69955000
3.55859991	63.69955000
3.55879991	63.69955000
3.55899991	63.69955000
3.55919991	63.69955000
3.55939991	63.69955000
3.55959991	63.69955000
3.55979991	63.69955000
3.55999991	63.69955000
3.56019991	63.69955000
3.56039991	63.69955000
3.56059991	63.69955000
3.56079991	63.69955000
3.56099991	63.69955000
3.56119991	63.69955000
3.56139991	63.69955000
3.56159991	63.69955000
3.56179991	63.69955000
3.56199991	63.69955000
3.56219991	63.69955000
3.56239991	63.69955000
3.56259991	63.69955000
3.56279991	63.69955000
3.56299991	63.69955000
3.56319991	63.69955000
3.56339991	63.69955000
3.56359991	63.69955000
3.56379991	63.69955000
3.56399991	63.69955000
3.56419991	63.69955000
3.56439991	63.69955000
3.56459991	63.69955000
3.56479991	63.69955000
3.56499991	63.69955000
3.56519991	63.69955000
3.56539991	63.69955000
3.56559991	63.69955000
3.56579991	63.69955000
3.56599991	63.69955000
3.56619991	63.69955000
3.56639991	63.69955000
3.56659991	63.69955000
3.56679991	63.69955000
3.56699991	63.69955000
3.56719991	63.69955000
3.56739991	63.69955000
3.56759991	63.69955000
3.56779991	63.69955000
3.56799991	63.69955000
3.56819991	63.69955000
3.56839991	63.69955000
3.56859991	63.69955000
3.56879991	63.69955000
3.56899991	63.69955000
3.56919991	63.69955000
3.56939991	63.69955000
3.56959991	63.69955000
3.56979991	63.69955000
3.56999991	63.69955000
3.57019991	63.69955000
3.57039991	63.69955000
3.57059991	63.69955000
3.57079991	63.69955000
3.57099991	63.69955000
3.57119991	63.69955000
3.57139991	61.82948000
3.57159991	61.82948000
3.57179991	61.82948000
3.57199991	61.82948000
3.57219991	61.82948000
3.57239991	61.82948000
3.57259991	61.82948000
3.57279991	61.82948000
3.57299991	61.82948000
3.57319991	61.82948000
3.57339991	61.82948000
3.57359991	61.82948000
3.57379991	61.82948000
3.57399991	61.82948000
3.57419991	61.82948000
3.57439991	61.82948000
3.57459991	61.82948000
3.57479991	61.82948000
3.57499991	61.82948000
3.57519991	61.82948000
3.57539991	61.82948000
3.57559991	61.82948000
3.57579991	61.82948000
3.57599991	61.82948000
3.57619991	61.82948000
3.57639991	61.82948000
3.57659991	63.69955000
3.57679991	63.69955000
3.57699991	61.82948000
3.57719991	61.82948000
3.57739991	63.69955000
3.57759991	61.82948000
3.57779991	61.82948000
3.57799991	61.82948000
3.57819991	61.82948000
3.57839991	61.82948000
3.57859991	61.82948000
3.57879991	61.82948000
3.57899991	61.82948000
3.57919991	63.69955000
3.57939991	61.82948000
3.57959991	61.82948000
3.57979991	61.82948000
3.57999991	61.82948000
3.58019991	61.82948000
3.58039991	61.82948000
3.58059991	61.82948000
3.58079991	61.82948000
3.58099991	61.82948000
3.58119991	61.82948000
3.58139991	61.82948000
3.58159991	61.82948000
3.58179991	63.69955000
3.58199991	61.82948000
3.58219991	61.82948000
3.58239991	61.82948000
3.58259991	61.82948000
3.58279991	63.69955000
3.58299991	63.69955000
3.58319991	63.69955000
3.58339991	63.69955000
3.58359991	63.69955000
3.58379991	63.69955000
3.58399991	63.69955000
3.58419991	63.69955000
3.58439991	63.69955000
3.58459991	63.69955000
3.58479991	63.69955000
3.58499991	63.69955000
3.58519991	63.69955000
3.58539991	63.69955000
3.58559991	63.69955000
3.58579991	63.69955000
3.58599991	63.69955000
3.58619991	63.69955000
3.58639991	63.69955000
3.58659991	63.69955000
3.58679991	63.69955000
3.58699991	63.69955000
3.58719991	63.69955000
3.58739991	63.69955000
3.58759991	63.69955000
3.58779991	63.69955000
3.58799991	63.69955000
3.58819991	63.69955000
3.58839991	63.69955000
3.58859991	63.69955000
3.58879991	63.69955000
3.58899991	63.69955000
3.58919991	63.69955000
3.58939991	63.69955000
3.58959991	63.69955000
3.58979991	63.69955000
3.58999991	63.69955000
3.59019991	63.69955000
3.59039991	63.69955000
3.59059991	63.69955000
3.59079991	63.69955000
3.59099991	63.69955000
3.59119991	63.69955000
3.59139991	63.69955000
3.59159991	63.69955000
3.59179991	63.69955000
3.59199991	63.69955000
3.59219991	63.69955000
3.59239991	63.69955000
3.59259991	63.69955000
3.59279991	63.69955000
3.59299991	63.69955000
3.59319991	63.69955000
3.59339991	63.69955000
3.59359991	63.69955000
3.59379991	63.69955000
3.59399991	63.69955000
3.59419991	63.69955000
3.59439991	63.69955000
3.59459991	63.69955000
3.59479991	63.69955000
3.59499991	65.57578000
3.59519991	63.69955000
3.59539991	63.69955000
3.59559991	63.69955000
3.59579991	63.69955000
3.59599991	65.57578000
3.59619991	63.69955000
3.59639991	63.69955000
3.59659991	63.69955000
3.59679991	65.57578000
3.59699991	65.57578000
3.59719991	65.57578000
3.59739991	65.57578000
3.59759991	65.57578000
3.59779991	65.57578000
3.59799991	65.57578000
3.59819991	65.57578000
3.59839991	65.57578000
3.59859991	65.57578000
3.59879991	65.57578000
3.59899991	65.57578000
3.59919991	65.57578000
3.59939991	65.57578000
3.59959991	65.57578000
3.59979991	65.57578000
3.59999991	65.57578000
3.60019991	65.57578000
3.60039991	65.57578000
3.60059991	65.57578000
3.60079991	65.57578000
3.60099991	65.57578000
3.60119991	65.57578000
3.60139991	65.57578000
3.60159991	65.57578000
3.60179991	65.57578000
3.60199991	65.57578000
3.60219991	65.57578000
3.60239991	65.57578000
3.60259991	65.57578000
3.60279991	65.57578000
3.60299991	65.57578000
3.60319991	65.57578000
3.60339991	65.57578000
3.60359991	65.57578000
3.60379991	67.45202000
3.60399991	67.45202000
3.60419991	67.45202000
3.60439991	67.45202000
3.60459991	67.45202000
3.60479991	67.45202000
3.60499991	67.45202000
3.60519991	67.45202000
3.60539991	67.45202000
3.60559991	67.45202000
3.60579991	67.45202000
3.60599991	67.45202000
3.60619991	67.45202000
3.60639991	67.45202000
3.60659991	67.45202000
3.60679991	67.45202000
3.60699991	67.45202000
3.60719991	67.45202000
3.60739991	67.45202000
3.60759991	67.45202000
3.60779991	67.45202000
3.60799991	67.45202000
3.60819991	67.45202000
3.60839991	67.45202000
3.60859991	67.45202000
3.60879991	67.45202000
3.60899991	67.45202000
3.60919991	67.45202000
3.60939991	67.45202000
3.60959991	67.45202000
3.60979991	69.32209000
3.60999991	69.32209000
3.61019991	69.32209000
3.61039991	69.32209000
3.61059991	69.32209000
3.61079991	69.32209000
3.61099991	69.32209000
3.61119991	69.32209000
3.61139991	69.32209000
3.61159991	69.32209000
3.61179991	69.32209000
3.61199991	69.32209000
3.61219991	69.32209000
3.61239991	69.32209000
3.61259991	69.32209000
3.61279991	69.32209000
3.61299991	69.32209000
3.61319991	69.32209000
3.61339991	69.32209000
3.61359991	69.32209000
3.61379991	69.32209000
3.61399991	69.32209000
3.61419991	69.32209000
3.61439991	69.32209000
3.61459991	69.32209000
3.61479991	69.32209000
3.61499991	69.32209000
3.61519991	69.32209000
3.61539991	69.32209000
3.61559991	69.32209000
3.61579991	69.32209000
3.61599991	69.32209000
3.61619991	69.32209000
3.61639991	69.32209000
3.61659991	69.32209000
3.61679991	69.32209000
3.61699991	69.32209000
3.61719991	69.32209000
3.61739991	69.32209000
3.61759991	71.19833000
3.61779991	69.32209000
3.61799991	71.19833000
3.61819991	71.19833000
3.61839991	69.32209000
3.61859991	69.32209000
3.61879991	71.19833000
3.61899991	71.19833000
3.61919991	71.19833000
3.61939991	71.19833000
3.61959991	71.19833000
3.61979991	71.19833000
3.61999991	71.19833000
3.62019991	71.19833000
3.62039991	71.19833000
3.62059991	71.19833000
3.62079991	71.19833000
3.62099991	71.19833000
3.62119991	71.19833000
3.62139991	71.19833000
3.62159991	71.19833000
3.62179991	71.19833000
3.62199991	71.19833000
3.62219991	71.19833000
3.62239991	71.19833000
3.62259991	71.19833000
3.62279991	71.19833000
3.62299991	73.06840000
3.62319991	71.19833000
3.62339991	71.19833000
3.62359991	71.19833000
3.62379991	73.06840000
3.62399991	71.19833000
3.62419991	73.06840000
3.62439991	73.06840000
3.62459991	73.06840000
3.62479991	73.06840000
3.62499991	73.06840000
3.62519991	73.06840000
3.62539991	73.06840000
3.62559991	73.06840000
3.62579991	73.06840000
3.62599991	73.06840000
3.62619991	73.06840000
3.62639991	73.06840000
3.62659991	73.06840000
3.62679991	73.06840000
3.62699991	73.06840000
3.62719991	73.06840000
3.62739991	73.06840000
3.62759991	73.06840000
3.62779991	73.06840000
3.62799991	73.06840000
3.62819991	73.06840000
3.62839991	73.06840000
3.62859991	73.06840000
3.62879991	73.06840000
3.62899991	73.06840000
3.62919991	74.94463000
3.62939991	73.06840000
3.62959991	73.06840000
3.62979991	74.94463000
3.62999991	74.94463000
3.63019991	74.94463000
3.63039991	74.94463000
3.63059991	74.94463000
3.63079991	74.94463000
3.63099991	74.94463000
3.63119991	74.94463000
3.63139991	74.94463000
3.63159991	74.94463000
3.63179991	74.94463000
3.63199991	74.94463000
3.63219991	74.94463000
3.63239991	74.94463000
3.63259991	74.94463000
3.63279991	74.94463000
3.63299991	74.94463000
3.63319991	74.94463000
3.63339991	73.06840000
3.63359991	74.94463000
3.63379991	73.06840000
3.63399991	73.06840000
3.63419991	74.94463000
3.63439991	73.06840000
3.63459991	73.06840000
3.63479991	73.06840000
3.63499991	73.06840000
3.63519991	73.06840000
3.63539991	74.94463000
3.63559991	73.06840000
3.63579991	73.06840000
3.63599991	73.06840000
3.63619991	73.06840000
3.63639991	73.06840000
3.63659991	73.06840000
3.63679991	73.06840000
3.63699991	74.94463000
3.63719991	74.94463000
3.63739991	73.06840000
3.63759991	74.94463000
3.63779991	74.94463000
3.63799991	74.94463000
3.63819991	74.94463000
3.63839991	74.94463000
3.63859991	74.94463000
3.63879991	74.94463000
3.63899991	74.94463000
3.63919991	74.94463000
3.63939991	74.94463000
3.63959991	74.94463000
3.63979991	74.94463000
3.63999991	76.82086000
3.64019991	76.82086000
3.64039991	76.82086000
3.64059991	76.82086000
3.64079991	76.82086000
3.64099991	76.82086000
3.64119991	76.82086000
3.64139991	76.82086000
3.64159991	76.82086000
3.64179991	76.82086000
3.64199991	78.69094000
3.64219991	78.69094000
3.64239991	78.69094000
3.64259991	78.69094000
3.64279991	78.69094000
3.64299991	76.82086000
3.64319991	78.69094000
3.64339991	78.69094000
3.64359991	78.69094000
3.64379991	78.69094000
3.64399991	78.69094000
3.64419991	78.69094000
3.64439991	78.69094000
3.64459991	78.69094000
3.64479991	78.69094000
3.64499991	78.69094000
3.64519991	78.69094000
3.64539991	78.69094000
3.64559991	78.69094000
3.64579991	78.69094000
3.64599991	78.69094000
3.64619991	78.69094000
3.64639991	78.69094000
3.64659991	78.69094000
3.64679991	78.69094000
3.64699991	78.69094000
3.64719991	78.69094000
3.64739991	78.69094000
3.64759991	78.69094000
3.64779991	78.69094000
3.64799991	78.69094000
3.64819991	80.56717000
3.64839991	80.56717000
3.64859991	80.56717000
3.64879991	80.56717000
3.64899991	80.56717000
3.64919991	80.56717000
3.64939991	80.56717000
3.64959991	80.56717000
3.64979991	80.56717000
3.64999991	80.56717000
3.65019991	80.56717000
3.65039991	80.56717000
3.65059991	80.56717000
3.65079991	80.56717000
3.65099991	80.56717000
3.65119991	80.56717000
3.65139991	80.56717000
3.65159991	80.56717000
3.65179991	82.43725000
3.65199991	80.56717000
3.65219991	80.56717000
3.65239991	82.43725000
3.65259991	80.56717000
3.65279991	80.56717000
3.65299991	80.56717000
3.65319991	82.43725000
3.65339991	82.43725000
3.65359991	80.56717000
3.65379991	80.56717000
3.65399991	80.56717000
3.65419991	80.56717000
3.65439991	80.56717000
3.65459991	80.56717000
3.65479991	82.43725000
3.65499991	80.56717000
3.65519991	80.56717000
3.65539991	80.56717000
3.65559991	80.56717000
3.65579991	80.56717000
3.65599991	80.56717000
3.65619991	80.56717000
3.65639991	82.43725000
3.65659991	80.56717000
3.65679991	82.43725000
3.65699991	82.43725000
3.65719991	82.43725000
3.65739991	82.43725000
3.65759991	82.43725000
3.65779991	82.43725000
3.65799991	82.43725000
3.65819991	82.43725000
3.65839991	82.43725000
3.65859991	82.43725000
3.65879991	84.31348000
3.65899991	84.31348000
3.65919991	84.31348000
3.65939991	84.31348000
3.65959991	84.31348000
3.65979991	84.31348000
3.65999991	84.31348000
3.66019991	84.31348000
3.66039991	84.31348000
3.66059991	84.31348000
3.66079991	84.31348000
3.66099991	84.31348000
3.66119991	84.31348000
3.66139991	84.31348000
3.66159991	84.31348000
3.66179991	84.31348000
3.66199991	84.31348000
3.66219991	84.31348000
3.66239991	84.31348000
3.66259991	84.31348000
3.66279991	84.31348000
3.66299991	84.31348000
3.66319991	84.31348000
3.66339991	84.31348000
3.66359991	84.31348000
3.66379991	84.31348000
3.66399991	84.31348000
3.66419991	84.31348000
3.66439991	84.31348000
3.66459991	84.31348000
3.66479991	84.31348000
3.66499991	84.31348000
3.66519991	84.31348000
3.66539991	84.31348000
3.66559991	84.31348000
3.66579991	84.31348000
3.66599991	82.43725000
3.66619991	82.43725000
3.66639991	82.43725000
3.66659991	82.43725000
3.66679991	82.43725000
3.66699991	84.31348000
3.66719991	82.43725000
3.66739991	82.43725000
3.66759991	82.43725000
3.66779991	82.43725000
3.66799991	82.43725000
3.66819991	82.43725000
3.66839991	82.43725000
3.66859991	82.43725000
3.66879991	82.43725000
3.66899991	84.31348000
3.66919991	84.31348000
3.66939991	82.43725000
3.66959991	82.43725000
3.66979991	84.31348000
3.66999991	84.31348000
3.67019991	84.31348000
3.67039991	84.31348000
3.67059991	84.31348000
3.67079991	84.31348000
3.67099991	84.31348000
3.67119991	84.31348000
3.67139991	84.31348000
3.67159991	84.31348000
3.67179991	84.31348000
3.67199991	84.31348000
3.67219991	84.31348000
3.67239991	84.31348000
3.67259991	84.31348000
3.67279991	84.31348000
3.67299991	84.31348000
3.67319991	84.31348000
3.67339991	84.31348000
3.67359991	84.31348000
3.67379991	84.31348000
3.67399991	84.31348000
3.67419991	84.31348000
3.67439991	84.31348000
3.67459991	84.31348000
3.67479991	84.31348000
3.67499991	84.31348000
3.67519991	84.31348000
3.67539991	84.31348000
3.67559991	84.31348000
3.67579991	86.18356000
3.67599991	84.31348000
3.67619991	86.18356000
3.67639991	86.18356000
3.67659991	86.18356000
3.67679991	86.18356000
3.67699991	86.18356000
3.67719991	86.18356000
3.67739991	86.18356000
3.67759991	86.18356000
3.67779991	86.18356000
3.67799991	86.18356000
3.67819991	86.18356000
3.67839991	86.18356000
3.67859991	86.18356000
3.67879991	86.18356000
3.67899991	86.18356000
3.67919991	88.05978000
3.67939991	88.05978000
3.67959991	88.05978000
3.67979991	88.05978000
3.67999991	88.05978000
3.68019991	88.05978000
3.68039991	88.05978000
3.68059991	88.05978000
3.68079991	88.05978000
3.68099991	88.05978000
3.68119991	88.05978000
3.68139991	88.05978000
3.68159991	88.05978000
3.68179991	88.05978000
3.68199991	88.05978000
3.68219991	88.05978000
3.68239991	88.05978000
3.68259991	88.05978000
3.68279991	88.05978000
3.68299991	88.05978000
3.68319991	88.05978000
3.68339991	88.05978000
3.68359991	88.05978000
3.68379991	88.05978000
3.68399991	88.05978000
3.68419991	88.05978000
3.68439991	88.05978000
3.68459991	88.05978000
3.68479991	88.05978000
3.68499991	88.05978000
3.68519991	88.05978000
3.68539991	88.05978000
3.68559991	88.05978000
3.68579991	88.05978000
3.68599991	88.05978000
3.68619991	86.18356000
3.68639991	86.18356000
3.68659991	86.18356000
3.68679991	86.18356000
3.68699991	86.18356000
3.68719991	88.05978000
3.68739991	88.05978000
3.68759991	88.05978000
3.68779991	88.05978000
3.68799991	88.05978000
3.68819991	88.05978000
3.68839991	88.05978000
3.68859991	88.05978000
3.68879991	88.05978000
3.68899991	88.05978000
3.68919991	88.05978000
3.68939991	88.05978000
3.68959991	88.05978000
3.68979991	88.05978000
3.68999991	88.05978000
3.69019991	88.05978000
3.69039991	88.05978000
3.69059991	88.05978000
3.69079991	88.05978000
3.69099991	88.05978000
3.69119991	88.05978000
3.69139991	88.05978000
3.69159991	88.05978000
3.69179991	88.05978000
3.69199991	88.05978000
3.69219991	88.05978000
3.69239991	88.05978000
3.69259991	88.05978000
3.69279991	88.05978000
3.69299991	88.05978000
3.69319991	88.05978000
3.69339991	88.05978000
3.69359991	88.05978000
3.69379991	88.05978000
3.69399991	88.05978000
3.69419991	89.93602000
3.69439991	89.93602000
3.69459991	89.93602000
3.69479991	89.93602000
3.69499991	89.93602000
3.69519991	89.93602000
3.69539991	89.93602000
3.69559991	89.93602000
3.69579991	89.93602000
3.69599991	89.93602000
3.69619991	89.93602000
3.69639991	89.93602000
3.69659991	89.93602000
3.69679991	89.93602000
3.69699991	89.93602000
3.69719991	89.93602000
3.69739991	89.93602000
3.69759991	89.93602000
3.69779991	89.93602000
3.69799991	91.80609000
3.69819991	89.93602000
3.69839991	91.80609000
3.69859991	91.80609000
3.69879991	91.80609000
3.69899991	91.80609000
3.69919991	91.80609000
3.69939991	89.93602000
3.69959991	89.93602000
3.69979991	91.80609000
3.69999991	91.80609000
3.70019991	91.80609000
3.70039991	91.80609000
3.70059991	91.80609000
3.70079991	91.80609000
3.70099991	91.80609000
3.70119991	91.80609000
3.70139991	91.80609000
3.70159991	91.80609000
3.70179991	91.80609000
3.70199991	91.80609000
3.70219991	91.80609000
3.70239991	91.80609000
3.70259991	91.80609000
3.70279991	91.80609000
3.70299991	91.80609000
3.70319991	91.80609000
3.70339991	91.80609000
3.70359991	91.80609000
3.70379991	91.80609000
3.70399991	91.80609000
3.70419991	91.80609000
3.70439991	91.80609000
3.70459991	91.80609000
3.70479991	91.80609000
3.70499991	91.80609000
3.70519991	91.80609000
3.70539991	91.80609000
3.70559991	91.80609000
3.70579991	89.93602000
3.70599991	89.93602000
3.70619991	89.93602000
3.70639991	89.93602000
3.70659991	89.93602000
3.70679991	89.93602000
3.70699991	89.93602000
3.70719991	89.93602000
3.70739991	89.93602000
3.70759991	89.93602000
3.70779991	89.93602000
3.70799991	89.93602000
3.70819991	89.93602000
3.70839991	89.93602000
3.70859991	89.93602000
3.70879991	89.93602000
3.70899991	89.93602000
3.70919991	89.93602000
3.70939991	89.93602000
3.70959991	89.93602000
3.70979991	89.93602000
3.70999991	89.93602000
3.71019991	89.93602000
3.71039991	89.93602000
3.71059991	89.93602000
3.71079991	89.93602000
3.71099991	89.93602000
3.71119991	89.93602000
3.71139991	91.80609000
3.71159991	91.80609000
3.71179991	91.80609000
3.71199991	91.80609000
3.71219991	91.80609000
3.71239991	91.80609000
3.71259991	91.80609000
3.71279991	91.80609000
3.71299991	91.80609000
3.71319991	91.80609000
3.71339991	91.80609000
3.71359991	91.80609000
3.71379991	91.80609000
3.71399991	91.80609000
3.71419991	91.80609000
3.71439991	91.80609000
3.71459991	91.80609000
3.71479991	91.80609000
3.71499991	89.93602000
3.71519991	89.93602000
3.71539991	91.80609000
3.71559991	91.80609000
3.71579991	89.93602000
3.71599991	89.93602000
3.71619991	89.93602000
3.71639991	89.93602000
3.71659991	91.80609000
3.71679991	89.93602000
3.71699991	89.93602000
3.71719991	91.80609000
3.71739991	89.93602000
3.71759991	89.93602000
3.71779991	91.80609000
3.71799991	91.80609000
3.71819991	91.80609000
3.71839991	91.80609000
3.71859991	91.80609000
3.71879991	91.80609000
3.71899991	91.80609000
3.71919991	91.80609000
3.71939991	91.80609000
3.71959991	91.80609000
3.71979991	91.80609000
3.71999991	91.80609000
3.72019991	91.80609000
3.72039991	91.80609000
3.72059991	91.80609000
3.72079991	91.80609000
3.72099991	91.80609000
3.72119991	91.80609000
3.72139991	91.80609000
3.72159991	91.80609000
3.72179991	91.80609000
3.72199991	91.80609000
3.72219991	91.80609000
3.72239991	91.80609000
3.72259991	91.80609000
3.72279991	91.80609000
3.72299991	93.68233000
3.72319991	91.80609000
3.72339991	93.68233000
3.72359991	91.80609000
3.72379991	91.80609000
3.72399991	91.80609000
3.72419991	91.80609000
3.72439991	93.68233000
3.72459991	93.68233000
3.72479991	93.68233000
3.72499991	93.68233000
3.72519991	93.68233000
3.72539991	93.68233000
3.72559991	91.80609000
3.72579991	93.68233000
3.72599991	93.68233000
3.72619991	91.80609000
3.72639991	93.68233000
3.72659991	93.68233000
3.72679991	93.68233000
3.72699991	93.68233000
3.72719991	91.80609000
3.72739991	91.80609000
3.72759991	91.80609000
3.72779991	91.80609000
3.72799991	91.80609000
3.72819991	91.80609000
3.72839991	93.68233000
3.72859991	93.68233000
3.72879991	93.68233000
3.72899991	93.68233000
3.72919991	93.68233000
3.72939991	93.68233000
3.72959991	93.68233000
3.72979991	93.68233000
3.72999991	93.68233000
3.73019991	93.68233000
3.73039991	93.68233000
3.73059991	93.68233000
3.73079991	93.68233000
3.73099991	93.68233000
3.73119991	93.68233000
3.73139991	93.68233000
3.73159991	93.68233000
3.73179991	93.68233000
3.73199991	93.68233000
3.73219991	93.68233000
3.73239991	93.68233000
3.73259991	93.68233000
3.73279991	93.68233000
3.73299991	93.68233000
3.73319991	93.68233000
3.73339991	93.68233000
3.73359991	91.80609000
3.73379991	93.68233000
3.73399991	93.68233000
3.73419991	93.68233000
3.73439991	93.68233000
3.73459991	91.80609000
3.73479991	93.68233000
3.73499991	93.68233000
3.73519991	93.68233000
3.73539991	93.68233000
3.73559991	93.68233000
3.73579991	93.68233000
3.73599991	93.68233000
3.73619991	93.68233000
3.73639991	93.68233000
3.73659991	93.68233000
3.73679991	93.68233000
3.73699991	91.80609000
3.73719991	91.80609000
3.73739991	91.80609000
3.73759991	91.80609000
3.73779991	91.80609000
3.73799991	91.80609000
3.73819991	91.80609000
3.73839991	91.80609000
3.73859991	91.80609000
3.73879991	91.80609000
3.73899991	91.80609000
3.73919991	91.80609000
3.73939991	93.68233000
3.73959991	91.80609000
3.73979991	91.80609000
3.73999991	91.80609000
3.74019991	91.80609000
3.74039991	93.68233000
3.74059991	91.80609000
3.74079991	91.80609000
3.74099991	91.80609000
3.74119991	91.80609000
3.74139991	91.80609000
3.74159991	93.68233000
3.74179991	93.68233000
3.74199991	93.68233000
3.74219991	93.68233000
3.74239991	93.68233000
3.74259991	93.68233000
3.74279991	93.68233000
3.74299991	93.68233000
3.74319991	93.68233000
3.74339991	93.68233000
3.74359991	93.68233000
3.74379991	93.68233000
3.74399991	93.68233000
3.74419991	93.68233000
3.74439991	93.68233000
3.74459991	93.68233000
3.74479991	93.68233000
3.74499991	93.68233000
3.74519991	93.68233000
3.74539991	93.68233000
3.74559991	93.68233000
3.74579991	93.68233000
3.74599991	93.68233000
3.74619991	93.68233000
3.74639991	93.68233000
3.74659991	93.68233000
3.74679991	93.68233000
3.74699991	93.68233000
3.74719991	93.68233000
3.74739991	93.68233000
3.74759991	93.68233000
3.74779991	93.68233000
3.74799991	93.68233000
3.74819991	93.68233000
3.74839991	93.68233000
3.74859991	93.68233000
3.74879991	93.68233000
3.74899991	93.68233000
3.74919991	93.68233000
3.74939991	93.68233000
3.74959991	93.68233000
3.74979991	93.68233000
3.74999991	95.55241000
3.75019991	95.55241000
3.75039991	95.55241000
3.75059991	93.68233000
3.75079991	95.55241000
3.75099991	95.55241000
3.75119991	95.55241000
3.75139991	95.55241000
3.75159991	95.55241000
3.75179991	95.55241000
3.75199991	95.55241000
3.75219991	95.55241000
3.75239991	95.55241000
3.75259991	95.55241000
3.75279991	93.68233000
3.75299991	93.68233000
3.75319991	93.68233000
3.75339991	93.68233000
3.75359991	93.68233000
3.75379991	93.68233000
3.75399991	93.68233000
3.75419991	93.68233000
3.75439991	93.68233000
3.75459991	93.68233000
3.75479991	93.68233000
3.75499991	93.68233000
3.75519991	93.68233000
3.75539991	93.68233000
3.75559991	93.68233000
3.75579991	93.68233000
3.75599991	93.68233000
3.75619991	93.68233000
3.75639991	93.68233000
3.75659991	93.68233000
3.75679991	93.68233000
3.75699991	93.68233000
3.75719991	93.68233000
3.75739991	93.68233000
3.75759991	93.68233000
3.75779991	93.68233000
3.75799991	93.68233000
3.75819991	93.68233000
3.75839991	93.68233000
3.75859991	93.68233000
3.75879991	93.68233000
3.75899991	93.68233000
3.75919991	93.68233000
3.75939991	93.68233000
3.75959991	93.68233000
3.75979991	93.68233000
3.75999991	93.68233000
3.76019991	93.68233000
3.76039991	93.68233000
3.76059990	93.68233000
3.76079990	93.68233000
3.76099990	93.68233000
3.76119990	93.68233000
3.76139990	93.68233000
3.76159990	93.68233000
3.76179990	93.68233000
3.76199990	93.68233000
3.76219990	93.68233000
3.76239990	93.68233000
3.76259990	93.68233000
3.76279990	93.68233000
3.76299990	93.68233000
3.76319990	93.68233000
3.76339990	93.68233000
3.76359990	93.68233000
3.76379990	93.68233000
3.76399990	93.68233000
3.76419990	93.68233000
3.76439990	93.68233000
3.76459990	93.68233000
3.76479990	93.68233000
3.76499990	93.68233000
3.76519990	93.68233000
3.76539990	93.68233000
3.76559990	93.68233000
3.76579990	93.68233000
3.76599990	93.68233000
3.76619990	93.68233000
3.76639990	93.68233000
3.76659990	93.68233000
3.76679990	93.68233000
3.76699990	93.68233000
3.76719990	93.68233000
3.76739990	93.68233000
3.76759990	93.68233000
3.76779990	93.68233000
3.76799990	93.68233000
3.76819990	93.68233000
3.76839990	93.68233000
3.76859990	93.68233000
3.76879990	93.68233000
3.76899990	93.68233000
3.76919990	93.68233000
3.76939990	93.68233000
3.76959990	95.55241000
3.76979990	95.55241000
3.76999990	95.55241000
3.77019990	95.55241000
3.77039990	95.55241000
3.77059990	95.55241000
3.77079990	95.55241000
3.77099990	95.55241000
3.77119990	95.55241000
3.77139990	95.55241000
3.77159990	95.55241000
3.77179990	95.55241000
3.77199990	95.55241000
3.77219990	95.55241000
3.77239990	95.55241000
3.77259990	95.55241000
3.77279990	95.55241000
3.77299990	93.68233000
3.77319990	95.55241000
3.77339990	95.55241000
3.77359990	95.55241000
3.77379990	93.68233000
3.77399990	93.68233000
3.77419990	93.68233000
3.77439990	95.55241000
3.77459990	93.68233000
3.77479990	93.68233000
3.77499990	93.68233000
3.77519990	93.68233000
3.77539990	93.68233000
3.77559990	93.68233000
3.77579990	93.68233000
3.77599990	93.68233000
3.77619990	93.68233000
3.77639990	93.68233000
3.77659990	93.68233000
3.77679990	93.68233000
3.77699990	93.68233000
3.77719990	93.68233000
3.77739990	93.68233000
3.77759990	93.68233000
3.77779990	93.68233000
3.77799990	93.68233000
3.77819990	93.68233000
3.77839990	93.68233000
3.77859990	93.68233000
3.77879990	93.68233000
3.77899990	93.68233000
3.77919990	93.68233000
3.77939990	93.68233000
3.77959990	93.68233000
3.77979990	93.68233000
3.77999990	93.68233000
3.78019990	95.55241000
3.78039990	93.68233000
3.78059990	93.68233000
3.78079990	93.68233000
3.78099990	93.68233000
3.78119990	93.68233000
3.78139990	93.68233000
3.78159990	93.68233000
3.78179990	93.68233000
3.78199990	95.55241000
3.78219990	95.55241000
3.78239990	93.68233000
3.78259990	95.55241000
3.78279990	93.68233000
3.78299990	95.55241000
3.78319990	95.55241000
3.78339990	95.55241000
3.78359990	93.68233000
3.78379990	95.55241000
3.78399990	95.55241000
3.78419990	93.68233000
3.78439990	95.55241000
3.78459990	93.68233000
3.78479990	95.55241000
3.78499990	95.55241000
3.78519990	93.68233000
3.78539990	95.55241000
3.78559990	95.55241000
3.78579990	95.55241000
3.78599990	95.55241000
3.78619990	95.55241000
3.78639990	95.55241000
3.78659990	93.68233000
3.78679990	95.55241000
3.78699990	93.68233000
3.78719990	93.68233000
3.78739990	93.68233000
3.78759990	93.68233000
3.78779990	93.68233000
3.78799990	93.68233000
3.78819990	93.68233000
3.78839990	93.68233000
3.78859990	93.68233000
3.78879990	93.68233000
3.78899990	93.68233000
3.78919990	93.68233000
3.78939990	93.68233000
3.78959990	93.68233000
3.78979990	93.68233000
3.78999990	93.68233000
3.79019990	93.68233000
3.79039990	93.68233000
3.79059990	93.68233000
3.79079990	93.68233000
3.79099990	93.68233000
3.79119990	93.68233000
3.79139990	93.68233000
3.79159990	93.68233000
3.79179990	93.68233000
3.79199990	93.68233000
3.79219990	93.68233000
3.79239990	93.68233000
3.79259990	93.68233000
3.79279990	93.68233000
3.79299990	93.68233000
3.79319990	93.68233000
3.79339990	93.68233000
3.79359990	93.68233000
3.79379990	93.68233000
3.79399990	93.68233000
3.79419990	93.68233000
3.79439990	93.68233000
3.79459990	93.68233000
3.79479990	93.68233000
3.79499990	93.68233000
3.79519990	93.68233000
3.79539990	93.68233000
3.79559990	93.68233000
3.79579990	93.68233000
3.79599990	93.68233000
3.79619990	93.68233000
3.79639990	93.68233000
3.79659990	93.68233000
3.79679990	93.68233000
3.79699990	93.68233000
3.79719990	93.68233000
3.79739990	93.68233000
3.79759990	93.68233000
3.79779990	93.68233000
3.79799990	93.68233000
3.79819990	93.68233000
3.79839990	93.68233000
3.79859990	93.68233000
3.79879990	93.68233000
3.79899990	93.68233000
3.79919990	93.68233000
3.79939990	93.68233000
3.79959990	93.68233000
3.79979990	93.68233000
3.79999990	93.68233000
3.80019990	93.68233000
3.80039990	93.68233000
3.80059990	93.68233000
3.80079990	95.55241000
3.80099990	95.55241000
3.80119990	93.68233000
3.80139990	95.55241000
3.80159990	95.55241000
3.80179990	95.55241000
3.80199990	93.68233000
3.80219990	95.55241000
3.80239990	95.55241000
3.80259990	95.55241000
3.80279990	95.55241000
3.80299990	95.55241000
3.80319990	95.55241000
3.80339990	95.55241000
3.80359990	95.55241000
3.80379990	93.68233000
3.80399990	93.68233000
3.80419990	95.55241000
3.80439990	95.55241000
3.80459990	93.68233000
3.80479990	93.68233000
3.80499990	93.68233000
3.80519990	93.68233000
3.80539990	93.68233000
3.80559990	93.68233000
3.80579990	95.55241000
3.80599990	93.68233000
3.80619990	95.55241000
3.80639990	93.68233000
3.80659990	95.55241000
3.80679990	95.55241000
3.80699990	93.68233000
3.80719990	93.68233000
3.80739990	93.68233000
3.80759990	93.68233000
3.80779990	93.68233000
3.80799990	93.68233000
3.80819990	93.68233000
3.80839990	93.68233000
3.80859990	93.68233000
3.80879990	93.68233000
3.80899990	93.68233000
3.80919990	93.68233000
3.80939990	95.55241000
3.80959990	93.68233000
3.80979990	93.68233000
3.80999990	93.68233000
3.81019990	93.68233000
3.81039990	93.68233000
3.81059990	93.68233000
3.81079990	93.68233000
3.81099990	93.68233000
3.81119990	93.68233000
3.81139990	93.68233000
3.81159990	93.68233000
3.81179990	93.68233000
3.81199990	93.68233000
3.81219990	93.68233000
3.81239990	93.68233000
3.81259990	93.68233000
3.81279990	93.68233000
3.81299990	93.68233000
3.81319990	93.68233000
3.81339990	93.68233000
3.81359990	93.68233000
3.81379990	93.68233000
3.81399990	93.68233000
3.81419990	93.68233000
3.81439990	93.68233000
3.81459990	93.68233000
3.81479990	93.68233000
3.81499990	93.68233000
3.81519990	93.68233000
3.81539990	93.68233000
3.81559990	93.68233000
3.81579990	93.68233000
3.81599990	93.68233000
3.81619990	93.68233000
3.81639990	93.68233000
3.81659990	93.68233000
3.81679990	93.68233000
3.81699990	93.68233000
3.81719990	93.68233000
3.81739990	93.68233000
3.81759990	93.68233000
3.81779990	93.68233000
3.81799990	93.68233000
3.81819990	93.68233000
3.81839990	93.68233000
3.81859990	93.68233000
3.81879990	93.68233000
3.81899990	93.68233000
3.81919990	93.68233000
3.81939990	93.68233000
3.81959990	93.68233000
3.81979990	93.68233000
3.81999990	93.68233000
3.82019990	93.68233000
3.82039990	93.68233000
3.82059990	93.68233000
3.82079990	93.68233000
3.82099990	93.68233000
3.82119990	93.68233000
3.82139990	93.68233000
3.82159990	93.68233000
3.82179990	93.68233000
3.82199990	93.68233000
3.82219990	93.68233000
3.82239990	93.68233000
3.82259990	93.68233000
3.82279990	93.68233000
3.82299990	93.68233000
3.82319990	93.68233000
3.82339990	93.68233000
3.82359990	93.68233000
3.82379990	93.68233000
3.82399990	93.68233000
3.82419990	93.68233000
3.82439990	93.68233000
3.82459990	93.68233000
3.82479990	93.68233000
3.82499990	93.68233000
3.82519990	93.68233000
3.82539990	93.68233000
3.82559990	93.68233000
3.82579990	93.68233000
3.82599990	93.68233000
3.82619990	93.68233000
3.82639990	93.68233000
3.82659990	93.68233000
3.82679990	93.68233000
3.82699990	93.68233000
3.82719990	93.68233000
3.82739990	93.68233000
3.82759990	93.68233000
3.82779990	93.68233000
3.82799990	93.68233000
3.82819990	93.68233000
3.82839990	93.68233000
3.82859990	93.68233000
3.82879990	93.68233000
3.82899990	93.68233000
3.82919990	93.68233000
3.82939990	93.68233000
3.82959990	93.68233000
3.82979990	93.68233000
3.82999990	93.68233000
3.83019990	93.68233000
3.83039990	93.68233000
3.83059990	93.68233000
3.83079990	93.68233000
3.83099990	93.68233000
3.83119990	93.68233000
3.83139990	93.68233000
3.83159990	93.68233000
3.83179990	93.68233000
3.83199990	93.68233000
3.83219990	93.68233000
3.83239990	93.68233000
3.83259990	93.68233000
3.83279990	93.68233000
3.83299990	93.68233000
3.83319990	93.68233000
3.83339990	93.68233000
3.83359990	93.68233000
3.83379990	93.68233000
3.83399990	93.68233000
3.83419990	93.68233000
3.83439990	93.68233000
3.83459990	93.68233000
3.83479990	93.68233000
3.83499990	93.68233000
3.83519990	93.68233000
3.83539990	93.68233000
3.83559990	93.68233000
3.83579990	93.68233000
3.83599990	93.68233000
3.83619990	93.68233000
3.83639990	93.68233000
3.83659990	93.68233000
3.83679990	93.68233000
3.83699990	93.68233000
3.83719990	93.68233000
3.83739990	93.68233000
3.83759990	93.68233000
3.83779990	93.68233000
3.83799990	93.68233000
3.83819990	93.68233000
3.83839990	93.68233000
3.83859990	93.68233000
3.83879990	93.68233000
3.83899990	93.68233000
3.83919990	93.68233000
3.83939990	93.68233000
3.83959990	93.68233000
3.83979990	93.68233000
3.83999990	93.68233000
3.84019990	93.68233000
3.84039990	93.68233000
3.84059990	93.68233000
3.84079990	93.68233000
3.84099990	93.68233000
3.84119990	93.68233000
3.84139990	93.68233000
3.84159990	93.68233000
3.84179990	93.68233000
3.84199990	93.68233000
3.84219990	93.68233000
3.84239990	93.68233000
3.84259990	93.68233000
3.84279990	93.68233000
3.84299990	93.68233000
3.84319990	93.68233000
3.84339990	93.68233000
3.84359990	93.68233000
3.84379990	93.68233000
3.84399990	93.68233000
3.84419990	93.68233000
3.84439990	93.68233000
3.84459990	93.68233000
3.84479990	93.68233000
3.84499990	93.68233000
3.84519990	93.68233000
3.84539990	93.68233000
3.84559990	93.68233000
3.84579990	93.68233000
3.84599990	93.68233000
3.84619990	93.68233000
3.84639990	93.68233000
3.84659990	93.68233000
3.84679990	93.68233000
3.84699990	93.68233000
3.84719990	93.68233000
3.84739990	93.68233000
3.84759990	93.68233000
3.84779990	93.68233000
3.84799990	93.68233000
3.84819990	93.68233000
3.84839990	93.68233000
3.84859990	93.68233000
3.84879990	93.68233000
3.84899990	93.68233000
3.84919990	93.68233000
3.84939990	93.68233000
3.84959990	93.68233000
3.84979990	93.68233000
3.84999990	93.68233000
3.85019990	93.68233000
3.85039990	93.68233000
3.85059990	93.68233000
3.85079990	93.68233000
3.85099990	93.68233000
3.85119990	93.68233000
3.85139990	93.68233000
3.85159990	93.68233000
3.85179990	93.68233000
3.85199990	93.68233000
3.85219990	93.68233000
3.85239990	93.68233000
3.85259990	93.68233000
3.85279990	93.68233000
3.85299990	93.68233000
3.85319990	93.68233000
3.85339990	93.68233000
3.85359990	93.68233000
3.85379990	93.68233000
3.85399990	93.68233000
3.85419990	93.68233000
3.85439990	93.68233000
3.85459990	93.68233000
3.85479990	93.68233000
3.85499990	93.68233000
3.85519990	93.68233000
3.85539990	93.68233000
3.85559990	93.68233000
3.85579990	93.68233000
3.85599990	93.68233000
3.85619990	93.68233000
3.85639990	93.68233000
3.85659990	93.68233000
3.85679990	93.68233000
3.85699990	93.68233000
3.85719990	93.68233000
3.85739990	93.68233000
3.85759990	93.68233000
3.85779990	93.68233000
3.85799990	93.68233000
3.85819990	93.68233000
3.85839990	93.68233000
3.85859990	93.68233000
3.85879990	93.68233000
3.85899990	93.68233000
3.85919990	93.68233000
3.85939990	93.68233000
3.85959990	93.68233000
3.85979990	93.68233000
3.85999990	93.68233000
3.86019990	93.68233000
3.86039990	93.68233000
3.86059990	93.68233000
3.86079990	93.68233000
3.86099990	93.68233000
3.86119990	93.68233000
3.86139990	93.68233000
3.86159990	93.68233000
3.86179990	93.68233000
3.86199990	93.68233000
3.86219990	93.68233000
3.86239990	93.68233000
3.86259990	93.68233000
3.86279990	93.68233000
3.86299990	93.68233000
3.86319990	93.68233000
3.86339990	93.68233000
3.86359990	93.68233000
3.86379990	93.68233000
3.86399990	93.68233000
3.86419990	93.68233000
3.86439990	93.68233000
3.86459990	93.68233000
3.86479990	93.68233000
3.86499990	93.68233000
3.86519990	93.68233000
3.86539990	93.68233000
3.86559990	93.68233000
3.86579990	93.68233000
3.86599990	93.68233000
3.86619990	93.68233000
3.86639990	93.68233000
3.86659990	93.68233000
3.86679990	93.68233000
3.86699990	93.68233000
3.86719990	93.68233000
3.86739990	93.68233000
3.86759990	93.68233000
3.86779990	93.68233000
3.86799990	93.68233000
3.86819990	93.68233000
3.86839990	93.68233000
3.86859990	93.68233000
3.86879990	93.68233000
3.86899990	93.68233000
3.86919990	93.68233000
3.86939990	93.68233000
3.86959990	93.68233000
3.86979990	93.68233000
3.86999990	93.68233000
3.87019990	93.68233000
3.87039990	93.68233000
3.87059990	93.68233000
3.87079990	93.68233000
3.87099990	93.68233000
3.87119990	93.68233000
3.87139990	93.68233000
3.87159990	93.68233000
3.87179990	93.68233000
3.87199990	93.68233000
3.87219990	93.68233000
3.87239990	93.68233000
3.87259990	93.68233000
3.87279990	93.68233000
3.87299990	93.68233000
3.87319990	93.68233000
3.87339990	93.68233000
3.87359990	93.68233000
3.87379990	93.68233000
3.87399990	93.68233000
3.87419990	93.68233000
3.87439990	93.68233000
3.87459990	93.68233000
3.87479990	93.68233000
3.87499990	93.68233000
3.87519990	93.68233000
3.87539990	93.68233000
3.87559990	93.68233000
3.87579990	93.68233000
3.87599990	93.68233000
3.87619990	93.68233000
3.87639990	93.68233000
3.87659990	93.68233000
3.87679990	93.68233000
3.87699990	93.68233000
3.87719990	93.68233000
3.87739990	93.68233000
3.87759990	93.68233000
3.87779990	93.68233000
3.87799990	93.68233000
3.87819990	93.68233000
3.87839990	93.68233000
3.87859990	93.68233000
3.87879990	93.68233000
3.87899990	93.68233000
3.87919990	93.68233000
3.87939990	93.68233000
3.87959990	93.68233000
3.87979990	93.68233000
3.87999990	93.68233000
3.88019990	93.68233000
3.88039990	93.68233000
3.88059990	93.68233000
3.88079990	93.68233000
3.88099990	93.68233000
3.88119990	93.68233000
3.88139990	93.68233000
3.88159990	93.68233000
3.88179990	93.68233000
3.88199990	93.68233000
3.88219990	93.68233000
3.88239990	93.68233000
3.88259990	93.68233000
3.88279990	93.68233000
3.88299990	93.68233000
3.88319990	93.68233000
3.88339990	93.68233000
3.88359990	93.68233000
3.88379990	93.68233000
3.88399990	93.68233000
3.88419990	93.68233000
3.88439990	93.68233000
3.88459990	93.68233000
3.88479990	93.68233000
3.88499990	93.68233000
3.88519990	93.68233000
3.88539990	93.68233000
3.88559990	93.68233000
3.88579990	93.68233000
3.88599990	93.68233000
3.88619990	93.68233000
3.88639990	93.68233000
3.88659990	93.68233000
3.88679990	93.68233000
3.88699990	93.68233000
3.88719990	93.68233000
3.88739990	93.68233000
3.88759990	93.68233000
3.88779990	93.68233000
3.88799990	93.68233000
3.88819990	93.68233000
3.88839990	93.68233000
3.88859990	93.68233000
3.88879990	93.68233000
3.88899990	93.68233000
3.88919990	93.68233000
3.88939990	93.68233000
3.88959990	93.68233000
3.88979990	93.68233000
3.88999990	93.68233000
3.89019990	93.68233000
3.89039990	93.68233000
3.89059990	93.68233000
3.89079990	93.68233000
3.89099990	93.68233000
3.89119990	93.68233000
3.89139990	93.68233000
3.89159990	93.68233000
3.89179990	93.68233000
3.89199990	93.68233000
3.89219990	93.68233000
3.89239990	93.68233000
3.89259990	93.68233000
3.89279990	93.68233000
3.89299990	93.68233000
3.89319990	93.68233000
3.89339990	93.68233000
3.89359990	93.68233000
3.89379990	93.68233000
3.89399990	93.68233000
3.89419990	93.68233000
3.89439990	93.68233000
3.89459990	93.68233000
3.89479990	93.68233000
3.89499990	93.68233000
3.89519990	93.68233000
3.89539990	93.68233000
3.89559990	93.68233000
3.89579990	93.68233000
3.89599990	93.68233000
3.89619990	93.68233000
3.89639990	93.68233000
3.89659990	93.68233000
3.89679990	93.68233000
3.89699990	93.68233000
3.89719990	93.68233000
3.89739990	93.68233000
3.89759990	93.68233000
3.89779990	93.68233000
3.89799990	93.68233000
3.89819990	93.68233000
3.89839990	93.68233000
3.89859990	93.68233000
3.89879990	93.68233000
3.89899990	93.68233000
3.89919990	93.68233000
3.89939990	93.68233000
3.89959990	93.68233000
3.89979990	93.68233000
3.89999990	93.68233000
3.90019990	91.80609000
3.90039990	93.68233000
3.90059990	91.80609000
3.90079990	91.80609000
3.90099990	93.68233000
3.90119990	93.68233000
3.90139990	93.68233000
3.90159990	93.68233000
3.90179990	93.68233000
3.90199990	93.68233000
3.90219990	93.68233000
3.90239990	93.68233000
3.90259990	93.68233000
3.90279990	93.68233000
3.90299990	93.68233000
3.90319990	93.68233000
3.90339990	93.68233000
3.90359990	93.68233000
3.90379990	91.80609000
3.90399990	93.68233000
3.90419990	93.68233000
3.90439990	93.68233000
3.90459990	93.68233000
3.90479990	93.68233000
3.90499990	93.68233000
3.90519990	93.68233000
3.90539990	93.68233000
3.90559990	93.68233000
3.90579990	93.68233000
3.90599990	93.68233000
3.90619990	93.68233000
3.90639990	93.68233000
3.90659990	93.68233000
3.90679990	93.68233000
3.90699990	93.68233000
3.90719990	93.68233000
3.90739990	93.68233000
3.90759990	93.68233000
3.90779990	93.68233000
3.90799990	93.68233000
3.90819990	93.68233000
3.90839990	93.68233000
3.90859990	93.68233000
3.90879990	93.68233000
3.90899990	93.68233000
3.90919990	91.80609000
3.90939990	93.68233000
3.90959990	93.68233000
3.90979990	93.68233000
3.90999990	93.68233000
3.91019990	93.68233000
3.91039990	93.68233000
3.91059990	93.68233000
3.91079990	93.68233000
3.91099990	91.80609000
3.91119990	91.80609000
3.91139990	93.68233000
3.91159990	91.80609000
3.91179990	91.80609000
3.91199990	93.68233000
3.91219990	93.68233000
3.91239990	91.80609000
3.91259990	91.80609000
3.91279990	93.68233000
3.91299990	93.68233000
3.91319990	91.80609000
3.91339990	93.68233000
3.91359990	93.68233000
3.91379990	93.68233000
3.91399990	91.80609000
3.91419990	93.68233000
3.91439990	91.80609000
3.91459990	93.68233000
3.91479990	91.80609000
3.91499990	91.80609000
3.91519990	93.68233000
3.91539990	93.68233000
3.91559990	91.80609000
3.91579990	93.68233000
3.91599990	91.80609000
3.91619990	93.68233000
3.91639990	93.68233000
3.91659990	93.68233000
3.91679990	91.80609000
3.91699990	93.68233000
3.91719990	93.68233000
3.91739990	93.68233000
3.91759990	91.80609000
3.91779990	93.68233000
3.91799990	93.68233000
3.91819990	91.80609000
3.91839990	91.80609000
3.91859990	93.68233000
3.91879990	93.68233000
3.91899990	91.80609000
3.91919990	91.80609000
3.91939990	93.68233000
3.91959990	91.80609000
3.91979990	91.80609000
3.91999990	91.80609000
3.92019990	91.80609000
3.92039990	91.80609000
3.92059990	91.80609000
3.92079990	91.80609000
3.92099990	91.80609000
3.92119990	91.80609000
3.92139990	91.80609000
3.92159990	91.80609000
3.92179990	91.80609000
3.92199990	93.68233000
3.92219990	91.80609000
3.92239990	91.80609000
3.92259990	91.80609000
3.92279990	91.80609000
3.92299990	91.80609000
3.92319990	91.80609000
3.92339990	91.80609000
3.92359990	91.80609000
3.92379990	91.80609000
3.92399990	91.80609000
3.92419990	91.80609000
3.92439990	91.80609000
3.92459990	91.80609000
3.92479990	91.80609000
3.92499990	91.80609000
3.92519990	93.68233000
3.92539990	91.80609000
3.92559990	91.80609000
3.92579990	91.80609000
3.92599990	91.80609000
3.92619990	91.80609000
3.92639990	91.80609000
3.92659990	91.80609000
3.92679990	91.80609000
3.92699990	91.80609000
3.92719990	91.80609000
3.92739990	91.80609000
3.92759990	91.80609000
3.92779990	91.80609000
3.92799990	91.80609000
3.92819990	91.80609000
3.92839990	91.80609000
3.92859990	93.68233000
3.92879990	91.80609000
3.92899990	91.80609000
3.92919990	91.80609000
3.92939990	91.80609000
3.92959990	91.80609000
3.92979990	91.80609000
3.92999990	91.80609000
3.93019990	91.80609000
3.93039990	91.80609000
3.93059990	91.80609000
3.93079990	91.80609000
3.93099990	91.80609000
3.93119990	91.80609000
3.93139990	91.80609000
3.93159990	91.80609000
3.93179990	91.80609000
3.93199990	91.80609000
3.93219990	91.80609000
3.93239990	91.80609000
3.93259990	91.80609000
3.93279990	91.80609000
3.93299990	91.80609000
3.93319990	91.80609000
3.93339990	91.80609000
3.93359990	91.80609000
3.93379990	91.80609000
3.93399990	91.80609000
3.93419990	91.80609000
3.93439990	91.80609000
3.93459990	91.80609000
3.93479990	91.80609000
3.93499990	91.80609000
3.93519990	91.80609000
3.93539990	91.80609000
3.93559990	91.80609000
3.93579990	91.80609000
3.93599990	91.80609000
3.93619990	91.80609000
3.93639990	91.80609000
3.93659990	91.80609000
3.93679990	91.80609000
3.93699990	91.80609000
3.93719990	91.80609000
3.93739990	91.80609000
3.93759990	91.80609000
3.93779990	91.80609000
3.93799990	91.80609000
3.93819990	91.80609000
3.93839990	91.80609000
3.93859990	91.80609000
3.93879990	91.80609000
3.93899990	91.80609000
3.93919990	91.80609000
3.93939990	91.80609000
3.93959990	91.80609000
3.93979990	91.80609000
3.93999990	91.80609000
3.94019990	91.80609000
3.94039990	91.80609000
3.94059990	91.80609000
3.94079990	91.80609000
3.94099990	91.80609000
3.94119990	91.80609000
3.94139990	91.80609000
3.94159990	91.80609000
3.94179990	91.80609000
3.94199990	91.80609000
3.94219990	91.80609000
3.94239990	91.80609000
3.94259990	91.80609000
3.94279990	91.80609000
3.94299990	91.80609000
3.94319990	91.80609000
3.94339990	91.80609000
3.94359990	91.80609000
3.94379990	91.80609000
3.94399990	91.80609000
3.94419990	91.80609000
3.94439990	91.80609000
3.94459990	91.80609000
3.94479990	91.80609000
3.94499990	91.80609000
3.94519990	91.80609000
3.94539990	91.80609000
3.94559990	91.80609000
3.94579990	91.80609000
3.94599990	91.80609000
3.94619990	91.80609000
3.94639990	91.80609000
3.94659990	91.80609000
3.94679990	91.80609000
3.94699990	91.80609000
3.94719990	91.80609000
3.94739990	91.80609000
3.94759990	91.80609000
3.94779990	91.80609000
3.94799990	91.80609000
3.94819990	91.80609000
3.94839990	91.80609000
3.94859990	91.80609000
3.94879990	91.80609000
3.94899990	91.80609000
3.94919990	91.80609000
3.94939990	91.80609000
3.94959990	91.80609000
3.94979990	91.80609000
3.94999990	91.80609000
3.95019990	91.80609000
3.95039990	91.80609000
3.95059990	91.80609000
3.95079990	91.80609000
3.95099990	91.80609000
3.95119990	91.80609000
3.95139990	91.80609000
3.95159990	91.80609000
3.95179990	91.80609000
3.95199990	91.80609000
3.95219990	91.80609000
3.95239990	91.80609000
3.95259990	91.80609000
3.95279990	91.80609000
3.95299990	91.80609000
3.95319990	91.80609000
3.95339990	91.80609000
3.95359990	91.80609000
3.95379990	91.80609000
3.95399990	91.80609000
3.95419990	91.80609000
3.95439990	91.80609000
3.95459990	91.80609000
3.95479990	91.80609000
3.95499990	91.80609000
3.95519990	91.80609000
3.95539990	91.80609000
3.95559990	91.80609000
3.95579990	91.80609000
3.95599990	91.80609000
3.95619990	91.80609000
3.95639990	91.80609000
3.95659990	91.80609000
3.95679990	91.80609000
3.95699990	91.80609000
3.95719990	91.80609000
3.95739990	91.80609000
3.95759990	91.80609000
3.95779990	91.80609000
3.95799990	91.80609000
3.95819990	91.80609000
3.95839990	91.80609000
3.95859990	91.80609000
3.95879990	91.80609000
3.95899990	91.80609000
3.95919990	91.80609000
3.95939990	91.80609000
3.95959990	91.80609000
3.95979990	91.80609000
3.95999990	91.80609000
3.96019990	91.80609000
3.96039990	91.80609000
3.96059990	91.80609000
3.96079990	91.80609000
3.96099990	91.80609000
3.96119990	91.80609000
3.96139990	91.80609000
3.96159990	91.80609000
3.96179990	91.80609000
3.96199990	91.80609000
3.96219990	91.80609000
3.96239990	91.80609000
3.96259990	91.80609000
3.96279990	91.80609000
3.96299990	91.80609000
3.96319990	91.80609000
3.96339990	91.80609000
3.96359990	91.80609000
3.96379990	91.80609000
3.96399990	91.80609000
3.96419990	91.80609000
3.96439990	91.80609000
3.96459990	91.80609000
3.96479990	91.80609000
3.96499990	91.80609000
3.96519990	91.80609000
3.96539990	91.80609000
3.96559990	91.80609000
3.96579990	91.80609000
3.96599990	91.80609000
3.96619990	91.80609000
3.96639990	91.80609000
3.96659990	91.80609000
3.96679990	91.80609000
3.96699990	91.80609000
3.96719990	91.80609000
3.96739990	91.80609000
3.96759990	91.80609000
3.96779990	91.80609000
3.96799990	91.80609000
3.96819990	91.80609000
3.96839990	91.80609000
3.96859990	91.80609000
3.96879990	91.80609000
3.96899990	91.80609000
3.96919990	91.80609000
3.96939990	91.80609000
3.96959990	91.80609000
3.96979990	91.80609000
3.96999990	91.80609000
3.97019990	91.80609000
3.97039990	91.80609000
3.97059990	91.80609000
3.97079990	91.80609000
3.97099990	91.80609000
3.97119990	91.80609000
3.97139990	91.80609000
3.97159990	91.80609000
3.97179990	91.80609000
3.97199990	91.80609000
3.97219990	91.80609000
3.97239990	91.80609000
3.97259990	91.80609000
3.97279990	91.80609000
3.97299990	91.80609000
3.97319990	91.80609000
3.97339990	91.80609000
3.97359990	91.80609000
3.97379990	91.80609000
3.97399990	91.80609000
3.97419990	91.80609000
3.97439990	91.80609000
3.97459990	91.80609000
3.97479990	91.80609000
3.97499990	91.80609000
3.97519990	91.80609000
3.97539990	91.80609000
3.97559990	91.80609000
3.97579990	91.80609000
3.97599990	91.80609000
3.97619990	91.80609000
3.97639990	91.80609000
3.97659990	91.80609000
3.97679990	91.80609000
3.97699990	91.80609000
3.97719990	91.80609000
3.97739990	91.80609000
3.97759990	91.80609000
3.97779990	91.80609000
3.97799990	91.80609000
3.97819990	91.80609000
3.97839990	91.80609000
3.97859990	91.80609000
3.97879990	91.80609000
3.97899990	91.80609000
3.97919990	91.80609000
3.97939990	91.80609000
3.97959990	91.80609000
3.97979990	91.80609000
3.97999990	91.80609000
3.98019990	91.80609000
3.98039990	91.80609000
3.98059990	91.80609000
3.98079990	91.80609000
3.98099990	91.80609000
3.98119990	91.80609000
3.98139990	91.80609000
3.98159990	91.80609000
3.98179990	91.80609000
3.98199990	91.80609000
3.98219990	91.80609000
3.98239990	91.80609000
3.98259990	91.80609000
3.98279990	91.80609000
3.98299990	91.80609000
3.98319990	91.80609000
3.98339990	91.80609000
3.98359990	91.80609000
3.98379990	91.80609000
3.98399990	91.80609000
3.98419990	91.80609000
3.98439990	91.80609000
3.98459990	91.80609000
3.98479990	91.80609000
3.98499990	91.80609000
3.98519990	91.80609000
3.98539990	91.80609000
3.98559990	91.80609000
3.98579990	91.80609000
3.98599990	91.80609000
3.98619990	91.80609000
3.98639990	91.80609000
3.98659990	91.80609000
3.98679990	91.80609000
3.98699990	91.80609000
3.98719990	91.80609000
3.98739990	91.80609000
3.98759990	91.80609000
3.98779990	91.80609000
3.98799990	91.80609000
3.98819990	91.80609000
3.98839990	91.80609000
3.98859990	91.80609000
3.98879990	91.80609000
3.98899990	91.80609000
3.98919990	91.80609000
3.98939990	91.80609000
3.98959990	91.80609000
3.98979990	91.80609000
3.98999990	91.80609000
3.99019990	91.80609000
3.99039990	91.80609000
3.99059990	91.80609000
3.99079990	91.80609000
3.99099990	91.80609000
3.99119990	91.80609000
3.99139990	91.80609000
3.99159990	91.80609000
3.99179990	91.80609000
3.99199990	91.80609000
3.99219990	91.80609000
3.99239990	91.80609000
3.99259990	91.80609000
3.99279990	91.80609000
3.99299990	91.80609000
3.99319990	91.80609000
3.99339990	91.80609000
3.99359990	91.80609000
3.99379990	89.93602000
3.99399990	91.80609000
3.99419990	91.80609000
3.99439990	91.80609000
3.99459990	91.80609000
3.99479990	91.80609000
3.99499990	91.80609000
3.99519990	91.80609000
3.99539990	91.80609000
3.99559990	91.80609000
3.99579990	91.80609000
3.99599990	91.80609000
3.99619990	91.80609000
3.99639990	91.80609000
3.99659990	91.80609000
3.99679990	91.80609000
3.99699990	91.80609000
3.99719990	91.80609000
3.99739990	91.80609000
3.99759990	91.80609000
3.99779990	91.80609000
3.99799990	91.80609000
3.99819990	91.80609000
3.99839990	91.80609000
3.99859990	91.80609000
3.99879990	91.80609000
3.99899990	91.80609000
3.99919990	91.80609000
3.99939990	91.80609000
3.99959990	91.80609000
3.99979990	91.80609000
3.99999990	91.80609000
4.00019990	91.80609000
4.00039990	91.80609000
4.00059990	89.93602000
4.00079990	91.80609000
4.00099990	91.80609000
4.00119990	91.80609000
4.00139990	91.80609000
4.00159990	91.80609000
4.00179990	91.80609000
4.00199990	91.80609000
4.00219990	91.80609000
4.00239990	91.80609000
4.00259990	91.80609000
4.00279990	91.80609000
4.00299990	91.80609000
4.00319990	91.80609000
4.00339990	89.93602000
4.00359990	91.80609000
4.00379990	91.80609000
4.00399990	91.80609000
4.00419990	91.80609000
4.00439990	91.80609000
4.00459990	91.80609000
4.00479990	91.80609000
4.00499990	91.80609000
4.00519990	91.80609000
4.00539990	91.80609000
4.00559990	91.80609000
4.00579990	91.80609000
4.00599990	91.80609000
4.00619990	91.80609000
4.00639990	91.80609000
4.00659990	91.80609000
4.00679990	91.80609000
4.00699990	91.80609000
4.00719990	91.80609000
4.00739990	91.80609000
4.00759990	91.80609000
4.00779990	91.80609000
4.00799990	91.80609000
4.00819990	91.80609000
4.00839990	91.80609000
4.00859990	91.80609000
4.00879990	91.80609000
4.00899990	91.80609000
4.00919990	91.80609000
4.00939990	91.80609000
4.00959990	89.93602000
4.00979990	91.80609000
4.00999990	91.80609000
4.01019990	91.80609000
4.01039990	91.80609000
4.01059990	91.80609000
4.01079990	91.80609000
4.01099990	89.93602000
4.01119990	89.93602000
4.01139990	89.93602000
4.01159990	91.80609000
4.01179990	89.93602000
4.01199990	89.93602000
4.01219990	89.93602000
4.01239990	89.93602000
4.01259990	89.93602000
4.01279990	91.80609000
4.01299990	89.93602000
4.01319990	89.93602000
4.01339990	91.80609000
4.01359990	89.93602000
4.01379990	89.93602000
4.01399990	89.93602000
4.01419990	89.93602000
4.01439990	89.93602000
4.01459990	89.93602000
4.01479990	89.93602000
4.01499990	89.93602000
4.01519990	89.93602000
4.01539990	91.80609000
4.01559990	91.80609000
4.01579990	91.80609000
4.01599990	91.80609000
4.01619990	91.80609000
4.01639990	91.80609000
4.01659990	91.80609000
4.01679990	91.80609000
4.01699990	91.80609000
4.01719990	91.80609000
4.01739990	91.80609000
4.01759990	91.80609000
4.01779990	91.80609000
4.01799990	91.80609000
4.01819990	91.80609000
4.01839990	91.80609000
4.01859990	91.80609000
4.01879990	91.80609000
4.01899990	91.80609000
4.01919990	91.80609000
4.01939990	91.80609000
4.01959990	91.80609000
4.01979990	91.80609000
4.01999990	91.80609000
4.02019990	91.80609000
4.02039990	91.80609000
4.02059990	91.80609000
4.02079990	91.80609000
4.02099990	91.80609000
4.02119990	91.80609000
4.02139990	91.80609000
4.02159990	91.80609000
4.02179990	91.80609000
4.02199990	91.80609000
4.02219990	91.80609000
4.02239990	91.80609000
4.02259990	91.80609000
4.02279990	91.80609000
4.02299990	91.80609000
4.02319990	91.80609000
4.02339990	91.80609000
4.02359990	91.80609000
4.02379990	91.80609000
4.02399990	91.80609000
4.02419990	91.80609000
4.02439990	91.80609000
4.02459990	91.80609000
4.02479990	91.80609000
4.02499990	91.80609000
4.02519990	91.80609000
4.02539990	91.80609000
4.02559990	91.80609000
4.02579990	91.80609000
4.02599990	91.80609000
4.02619990	91.80609000
4.02639990	91.80609000
4.02659990	91.80609000
4.02679990	91.80609000
4.02699990	91.80609000
4.02719990	91.80609000
4.02739990	91.80609000
4.02759990	91.80609000
4.02779990	91.80609000
4.02799990	91.80609000
4.02819990	89.93602000
4.02839990	91.80609000
4.02859990	91.80609000
4.02879990	91.80609000
4.02899990	89.93602000
4.02919990	89.93602000
4.02939990	89.93602000
4.02959990	89.93602000
4.02979990	89.93602000
4.02999990	89.93602000
4.03019990	89.93602000
4.03039990	89.93602000
4.03059990	89.93602000
4.03079990	89.93602000
4.03099990	89.93602000
4.03119990	89.93602000
4.03139990	89.93602000
4.03159990	89.93602000
4.03179990	89.93602000
4.03199990	89.93602000
4.03219990	89.93602000
4.03239990	89.93602000
4.03259990	89.93602000
4.03279990	89.93602000
4.03299990	89.93602000
4.03319990	89.93602000
4.03339990	89.93602000
4.03359990	89.93602000
4.03379990	89.93602000
4.03399990	89.93602000
4.03419990	89.93602000
4.03439990	89.93602000
4.03459990	89.93602000
4.03479990	89.93602000
4.03499990	89.93602000
4.03519990	89.93602000
4.03539990	89.93602000
4.03559990	89.93602000
4.03579990	89.93602000
4.03599990	89.93602000
4.03619990	89.93602000
4.03639990	89.93602000
4.03659990	89.93602000
4.03679990	89.93602000
4.03699990	89.93602000
4.03719990	89.93602000
4.03739990	89.93602000
4.03759990	89.93602000
4.03779990	89.93602000
4.03799990	89.93602000
4.03819990	89.93602000
4.03839990	89.93602000
4.03859990	89.93602000
4.03879990	89.93602000
4.03899990	89.93602000
4.03919990	89.93602000
4.03939990	89.93602000
4.03959990	89.93602000
4.03979990	89.93602000
4.03999990	89.93602000
4.04019990	89.93602000
4.04039990	89.93602000
4.04059990	89.93602000
4.04079990	89.93602000
4.04099990	89.93602000
4.04119990	89.93602000
4.04139990	89.93602000
4.04159990	89.93602000
4.04179990	89.93602000
4.04199990	89.93602000
4.04219990	89.93602000
4.04239990	89.93602000
4.04259990	89.93602000
4.04279990	89.93602000
4.04299990	89.93602000
4.04319990	89.93602000
4.04339990	89.93602000
4.04359990	89.93602000
4.04379990	89.93602000
4.04399990	89.93602000
4.04419990	89.93602000
4.04439990	89.93602000
4.04459990	89.93602000
4.04479990	89.93602000
4.04499990	89.93602000
4.04519990	89.93602000
4.04539990	89.93602000
4.04559990	89.93602000
4.04579990	89.93602000
4.04599990	89.93602000
4.04619990	91.80609000
4.04639990	89.93602000
4.04659990	91.80609000
4.04679990	91.80609000
4.04699990	89.93602000
4.04719990	91.80609000
4.04739990	91.80609000
4.04759990	89.93602000
4.04779990	91.80609000
4.04799990	89.93602000
4.04819990	89.93602000
4.04839990	89.93602000
4.04859990	89.93602000
4.04879990	89.93602000
4.04899990	89.93602000
4.04919990	89.93602000
4.04939990	89.93602000
4.04959990	89.93602000
4.04979990	89.93602000
4.04999990	89.93602000
4.05019990	89.93602000
4.05039990	89.93602000
4.05059990	89.93602000
4.05079990	89.93602000
4.05099990	89.93602000
4.05119990	89.93602000
4.05139990	89.93602000
4.05159990	89.93602000
4.05179990	89.93602000
4.05199990	89.93602000
4.05219990	89.93602000
4.05239990	89.93602000
4.05259990	89.93602000
4.05279990	89.93602000
4.05299990	89.93602000
4.05319990	89.93602000
4.05339990	89.93602000
4.05359990	89.93602000
4.05379990	89.93602000
4.05399990	89.93602000
4.05419990	89.93602000
4.05439990	89.93602000
4.05459990	89.93602000
4.05479990	89.93602000
4.05499990	89.93602000
4.05519990	89.93602000
4.05539990	89.93602000
4.05559990	89.93602000
4.05579990	89.93602000
4.05599990	89.93602000
4.05619990	89.93602000
4.05639990	89.93602000
4.05659990	89.93602000
4.05679990	89.93602000
4.05699990	89.93602000
4.05719990	89.93602000
4.05739990	89.93602000
4.05759990	89.93602000
4.05779990	89.93602000
4.05799990	89.93602000
4.05819990	89.93602000
4.05839990	89.93602000
4.05859990	89.93602000
4.05879990	89.93602000
4.05899990	89.93602000
4.05919990	89.93602000
4.05939990	89.93602000
4.05959990	91.80609000
4.05979990	89.93602000
4.05999990	89.93602000
4.06019990	89.93602000
4.06039990	89.93602000
4.06059990	89.93602000
4.06079990	89.93602000
4.06099990	89.93602000
4.06119990	89.93602000
4.06139990	89.93602000
4.06159990	89.93602000
4.06179990	89.93602000
4.06199990	89.93602000
4.06219990	89.93602000
4.06239990	89.93602000
4.06259990	89.93602000
4.06279990	89.93602000
4.06299990	89.93602000
4.06319990	89.93602000
4.06339990	89.93602000
4.06359990	89.93602000
4.06379990	89.93602000
4.06399990	89.93602000
4.06419990	89.93602000
4.06439990	89.93602000
4.06459990	89.93602000
4.06479990	89.93602000
4.06499990	89.93602000
4.06519990	89.93602000
4.06539990	89.93602000
4.06559990	89.93602000
4.06579990	89.93602000
4.06599990	89.93602000
4.06619990	89.93602000
4.06639990	89.93602000
4.06659990	89.93602000
4.06679990	89.93602000
4.06699990	89.93602000
4.06719990	89.93602000
4.06739990	89.93602000
4.06759990	89.93602000
4.06779990	89.93602000
4.06799990	89.93602000
4.06819990	89.93602000
4.06839990	89.93602000
4.06859990	89.93602000
4.06879990	89.93602000
4.06899990	89.93602000
4.06919990	89.93602000
4.06939990	89.93602000
4.06959990	89.93602000
4.06979990	89.93602000
4.06999990	89.93602000
4.07019990	89.93602000
4.07039990	89.93602000
4.07059990	89.93602000
4.07079990	89.93602000
4.07099990	89.93602000
4.07119990	89.93602000
4.07139990	89.93602000
4.07159990	89.93602000
4.07179990	89.93602000
4.07199990	89.93602000
4.07219990	89.93602000
4.07239990	89.93602000
4.07259990	89.93602000
4.07279990	89.93602000
4.07299990	89.93602000
4.07319990	89.93602000
4.07339990	89.93602000
4.07359990	89.93602000
4.07379990	89.93602000
4.07399990	89.93602000
4.07419990	89.93602000
4.07439990	89.93602000
4.07459990	89.93602000
4.07479990	89.93602000
4.07499990	89.93602000
4.07519990	89.93602000
4.07539990	89.93602000
4.07559990	89.93602000
4.07579990	89.93602000
4.07599990	89.93602000
4.07619990	89.93602000
4.07639990	89.93602000
4.07659990	89.93602000
4.07679990	89.93602000
4.07699990	89.93602000
4.07719990	89.93602000
4.07739990	89.93602000
4.07759990	89.93602000
4.07779990	89.93602000
4.07799990	89.93602000
4.07819990	89.93602000
4.07839990	89.93602000
4.07859990	89.93602000
4.07879990	89.93602000
4.07899990	89.93602000
4.07919990	89.93602000
4.07939990	89.93602000
4.07959990	89.93602000
4.07979990	89.93602000
4.07999990	89.93602000
4.08019990	89.93602000
4.08039990	89.93602000
4.08059990	89.93602000
4.08079990	89.93602000
4.08099990	89.93602000
4.08119990	89.93602000
4.08139990	89.93602000
4.08159990	89.93602000
4.08179990	89.93602000
4.08199990	89.93602000
4.08219990	89.93602000
4.08239990	89.93602000
4.08259990	89.93602000
4.08279990	89.93602000
4.08299990	89.93602000
4.08319990	89.93602000
4.08339990	89.93602000
4.08359990	89.93602000
4.08379990	89.93602000
4.08399990	89.93602000
4.08419990	89.93602000
4.08439990	89.93602000
4.08459990	89.93602000
4.08479990	89.93602000
4.08499990	89.93602000
4.08519990	89.93602000
4.08539990	89.93602000
4.08559990	89.93602000
4.08579990	89.93602000
4.08599990	89.93602000
4.08619990	89.93602000
4.08639990	89.93602000
4.08659990	89.93602000
4.08679990	89.93602000
4.08699990	89.93602000
4.08719990	89.93602000
4.08739990	89.93602000
4.08759990	89.93602000
4.08779990	89.93602000
4.08799990	89.93602000
4.08819990	89.93602000
4.08839990	89.93602000
4.08859990	89.93602000
4.08879990	89.93602000
4.08899990	89.93602000
4.08919990	89.93602000
4.08939990	89.93602000
4.08959990	89.93602000
4.08979990	89.93602000
4.08999990	89.93602000
4.09019990	89.93602000
4.09039990	89.93602000
4.09059990	89.93602000
4.09079990	89.93602000
4.09099990	89.93602000
4.09119990	89.93602000
4.09139990	89.93602000
4.09159990	89.93602000
4.09179990	89.93602000
4.09199990	89.93602000
4.09219990	89.93602000
4.09239990	89.93602000
4.09259990	89.93602000
4.09279990	89.93602000
4.09299990	89.93602000
4.09319990	89.93602000
4.09339990	89.93602000
4.09359990	89.93602000
4.09379990	89.93602000
4.09399990	89.93602000
4.09419990	89.93602000
4.09439990	89.93602000
4.09459990	89.93602000
4.09479990	89.93602000
4.09499990	89.93602000
4.09519990	89.93602000
4.09539990	89.93602000
4.09559990	89.93602000
4.09579990	89.93602000
4.09599990	89.93602000
4.09619990	89.93602000
4.09639990	89.93602000
4.09659990	89.93602000
4.09679990	89.93602000
4.09699990	89.93602000
4.09719990	89.93602000
4.09739990	89.93602000
4.09759990	89.93602000
4.09779990	89.93602000
4.09799990	89.93602000
4.09819990	89.93602000
4.09839990	89.93602000
4.09859990	89.93602000
4.09879990	89.93602000
4.09899990	89.93602000
4.09919990	89.93602000
4.09939990	89.93602000
4.09959990	89.93602000
4.09979990	89.93602000
4.09999990	89.93602000
4.10019990	88.05978000
4.10039990	89.93602000
4.10059990	88.05978000
4.10079990	88.05978000
4.10099990	89.93602000
4.10119990	89.93602000
4.10139990	88.05978000
4.10159990	88.05978000
4.10179990	88.05978000
4.10199990	88.05978000
4.10219990	88.05978000
4.10239990	88.05978000
4.10259990	88.05978000
4.10279990	88.05978000
4.10299990	89.93602000
4.10319990	89.93602000
4.10339990	89.93602000
4.10359990	89.93602000
4.10379990	88.05978000
4.10399990	89.93602000
4.10419990	89.93602000
4.10439990	89.93602000
4.10459990	89.93602000
4.10479990	89.93602000
4.10499990	89.93602000
4.10519990	89.93602000
4.10539990	89.93602000
4.10559990	89.93602000
4.10579990	89.93602000
4.10599990	89.93602000
4.10619990	89.93602000
4.10639990	89.93602000
4.10659990	89.93602000
4.10679990	89.93602000
4.10699990	89.93602000
4.10719990	89.93602000
4.10739990	89.93602000
4.10759990	89.93602000
4.10779990	89.93602000
4.10799990	89.93602000
4.10819990	89.93602000
4.10839990	89.93602000
4.10859990	89.93602000
4.10879990	89.93602000
4.10899990	89.93602000
4.10919990	89.93602000
4.10939990	89.93602000
4.10959990	89.93602000
4.10979990	89.93602000
4.10999990	89.93602000
4.11019990	89.93602000
4.11039990	89.93602000
4.11059990	89.93602000
4.11079990	89.93602000
4.11099990	89.93602000
4.11119990	89.93602000
4.11139990	89.93602000
4.11159990	89.93602000
4.11179990	89.93602000
4.11199990	89.93602000
4.11219990	89.93602000
4.11239990	89.93602000
4.11259990	89.93602000
4.11279990	89.93602000
4.11299990	89.93602000
4.11319990	89.93602000
4.11339990	89.93602000
4.11359990	89.93602000
4.11379990	89.93602000
4.11399990	89.93602000
4.11419990	89.93602000
4.11439990	89.93602000
4.11459990	89.93602000
4.11479990	89.93602000
4.11499990	89.93602000
4.11519990	89.93602000
4.11539990	89.93602000
4.11559990	89.93602000
4.11579990	89.93602000
4.11599990	89.93602000
4.11619990	89.93602000
4.11639990	89.93602000
4.11659990	89.93602000
4.11679990	89.93602000
4.11699990	89.93602000
4.11719990	89.93602000
4.11739990	89.93602000
4.11759990	89.93602000
4.11779990	89.93602000
4.11799990	89.93602000
4.11819990	89.93602000
4.11839990	89.93602000
4.11859990	89.93602000
4.11879990	89.93602000
4.11899990	89.93602000
4.11919990	89.93602000
4.11939990	89.93602000
4.11959990	89.93602000
4.11979990	88.05978000
4.11999990	88.05978000
4.12019990	89.93602000
4.12039990	88.05978000
4.12059990	88.05978000
4.12079990	88.05978000
4.12099990	88.05978000
4.12119990	88.05978000
4.12139990	88.05978000
4.12159990	88.05978000
4.12179990	88.05978000
4.12199990	88.05978000
4.12219990	89.93602000
4.12239990	88.05978000
4.12259990	89.93602000
4.12279990	88.05978000
4.12299990	88.05978000
4.12319990	89.93602000
4.12339990	88.05978000
4.12359990	88.05978000
4.12379990	88.05978000
4.12399990	88.05978000
4.12419990	88.05978000
4.12439990	88.05978000
4.12459990	88.05978000
4.12479990	88.05978000
4.12499990	89.93602000
4.12519990	88.05978000
4.12539990	89.93602000
4.12559990	89.93602000
4.12579990	89.93602000
4.12599990	89.93602000
4.12619990	89.93602000
4.12639990	88.05978000
4.12659990	89.93602000
4.12679990	89.93602000
4.12699990	89.93602000
4.12719990	89.93602000
4.12739990	89.93602000
4.12759990	89.93602000
4.12779990	89.93602000
4.12799990	89.93602000
4.12819990	89.93602000
4.12839990	89.93602000
4.12859990	89.93602000
4.12879990	89.93602000
4.12899990	88.05978000
4.12919990	88.05978000
4.12939990	89.93602000
4.12959990	88.05978000
4.12979990	89.93602000
4.12999990	89.93602000
4.13019990	89.93602000
4.13039990	89.93602000
4.13059990	89.93602000
4.13079990	89.93602000
4.13099990	88.05978000
4.13119990	88.05978000
4.13139990	89.93602000
4.13159990	88.05978000
4.13179990	88.05978000
4.13199990	89.93602000
4.13219990	88.05978000
4.13239990	89.93602000
4.13259990	89.93602000
4.13279990	89.93602000
4.13299990	89.93602000
4.13319990	89.93602000
4.13339990	89.93602000
4.13359990	89.93602000
4.13379990	89.93602000
4.13399990	89.93602000
4.13419990	89.93602000
4.13439990	88.05978000
4.13459990	89.93602000
4.13479990	89.93602000
4.13499990	89.93602000
4.13519990	88.05978000
4.13539990	88.05978000
4.13559990	88.05978000
4.13579990	89.93602000
4.13599990	89.93602000
4.13619990	89.93602000
4.13639990	89.93602000
4.13659990	89.93602000
4.13679990	88.05978000
4.13699990	88.05978000
4.13719990	88.05978000
4.13739990	88.05978000
4.13759990	88.05978000
4.13779990	88.05978000
4.13799990	88.05978000
4.13819990	88.05978000
4.13839990	88.05978000
4.13859990	88.05978000
4.13879990	88.05978000
4.13899990	88.05978000
4.13919990	88.05978000
4.13939990	88.05978000
4.13959990	88.05978000
4.13979990	88.05978000
4.13999990	88.05978000
4.14019990	88.05978000
4.14039990	88.05978000
4.14059990	88.05978000
4.14079990	88.05978000
4.14099990	88.05978000
4.14119990	88.05978000
4.14139990	88.05978000
4.14159990	88.05978000
4.14179990	88.05978000
4.14199990	88.05978000
4.14219990	88.05978000
4.14239990	88.05978000
4.14259990	88.05978000
4.14279990	88.05978000
4.14299990	88.05978000
4.14319990	88.05978000
4.14339990	88.05978000
4.14359990	88.05978000
4.14379990	88.05978000
4.14399990	89.93602000
4.14419990	89.93602000
4.14439990	89.93602000
4.14459990	88.05978000
4.14479990	89.93602000
4.14499990	89.93602000
4.14519990	88.05978000
4.14539990	89.93602000
4.14559990	89.93602000
4.14579990	89.93602000
4.14599990	89.93602000
4.14619990	89.93602000
4.14639990	89.93602000
4.14659990	89.93602000
4.14679990	89.93602000
4.14699990	89.93602000
4.14719990	89.93602000
4.14739990	89.93602000
4.14759990	89.93602000
4.14779990	89.93602000
4.14799990	89.93602000
4.14819990	89.93602000
4.14839990	89.93602000
4.14859990	89.93602000
4.14879990	89.93602000
4.14899990	89.93602000
4.14919990	89.93602000
4.14939990	89.93602000
4.14959990	89.93602000
4.14979990	89.93602000
4.14999990	89.93602000
4.15019990	89.93602000
4.15039990	89.93602000
4.15059990	89.93602000
4.15079990	89.93602000
4.15099990	89.93602000
4.15119990	89.93602000
4.15139990	89.93602000
4.15159990	89.93602000
4.15179990	88.05978000
4.15199990	89.93602000
4.15219990	88.05978000
4.15239990	88.05978000
4.15259990	88.05978000
4.15279990	88.05978000
4.15299990	88.05978000
4.15319990	88.05978000
4.15339990	88.05978000
4.15359990	88.05978000
4.15379990	88.05978000
4.15399990	88.05978000
4.15419990	88.05978000
4.15439990	88.05978000
4.15459990	88.05978000
4.15479990	88.05978000
4.15499990	88.05978000
4.15519990	88.05978000
4.15539990	88.05978000
4.15559990	88.05978000
4.15579990	88.05978000
4.15599990	88.05978000
4.15619990	88.05978000
4.15639990	88.05978000
4.15659989	88.05978000
4.15679989	88.05978000
4.15699989	88.05978000
4.15719989	88.05978000
4.15739989	88.05978000
4.15759989	88.05978000
4.15779989	88.05978000
4.15799989	88.05978000
4.15819989	88.05978000
4.15839989	88.05978000
4.15859989	88.05978000
4.15879989	88.05978000
4.15899989	88.05978000
4.15919989	88.05978000
4.15939989	88.05978000
4.15959989	88.05978000
4.15979989	88.05978000
4.15999989	88.05978000
4.16019989	88.05978000
4.16039989	88.05978000
4.16059989	88.05978000
4.16079989	88.05978000
4.16099989	88.05978000
4.16119989	88.05978000
4.16139989	88.05978000
4.16159989	88.05978000
4.16179989	88.05978000
4.16199989	88.05978000
4.16219989	88.05978000
4.16239989	88.05978000
4.16259989	88.05978000
4.16279989	88.05978000
4.16299989	88.05978000
4.16319989	88.05978000
4.16339989	88.05978000
4.16359989	88.05978000
4.16379989	88.05978000
4.16399989	88.05978000
4.16419989	88.05978000
4.16439989	88.05978000
4.16459989	88.05978000
4.16479989	88.05978000
4.16499989	88.05978000
4.16519989	88.05978000
4.16539989	88.05978000
4.16559989	88.05978000
4.16579989	88.05978000
4.16599989	88.05978000
4.16619989	88.05978000
4.16639989	88.05978000
4.16659989	88.05978000
4.16679989	88.05978000
4.16699989	88.05978000
4.16719989	88.05978000
4.16739989	88.05978000
4.16759989	88.05978000
4.16779989	88.05978000
4.16799989	88.05978000
4.16819989	88.05978000
4.16839989	88.05978000
4.16859989	88.05978000
4.16879989	88.05978000
4.16899989	88.05978000
4.16919989	88.05978000
4.16939989	88.05978000
4.16959989	88.05978000
4.16979989	88.05978000
4.16999989	88.05978000
4.17019989	88.05978000
4.17039989	88.05978000
4.17059989	88.05978000
4.17079989	88.05978000
4.17099989	88.05978000
4.17119989	88.05978000
4.17139989	88.05978000
4.17159989	88.05978000
4.17179989	88.05978000
4.17199989	88.05978000
4.17219989	88.05978000
4.17239989	88.05978000
4.17259989	88.05978000
4.17279989	88.05978000
4.17299989	88.05978000
4.17319989	88.05978000
4.17339989	88.05978000
4.17359989	88.05978000
4.17379989	88.05978000
4.17399989	88.05978000
4.17419989	88.05978000
4.17439989	88.05978000
4.17459989	88.05978000
4.17479989	88.05978000
4.17499989	88.05978000
4.17519989	88.05978000
4.17539989	88.05978000
4.17559989	88.05978000
4.17579989	88.05978000
4.17599989	88.05978000
4.17619989	88.05978000
4.17639989	88.05978000
4.17659989	88.05978000
4.17679989	88.05978000
4.17699989	88.05978000
4.17719989	88.05978000
4.17739989	88.05978000
4.17759989	88.05978000
4.17779989	88.05978000
4.17799989	88.05978000
4.17819989	88.05978000
4.17839989	88.05978000
4.17859989	88.05978000
4.17879989	88.05978000
4.17899989	88.05978000
4.17919989	88.05978000
4.17939989	88.05978000
4.17959989	88.05978000
4.17979989	88.05978000
4.17999989	88.05978000
4.18019989	88.05978000
4.18039989	88.05978000
4.18059989	88.05978000
4.18079989	88.05978000
4.18099989	88.05978000
4.18119989	88.05978000
4.18139989	88.05978000
4.18159989	88.05978000
4.18179989	88.05978000
4.18199989	88.05978000
4.18219989	88.05978000
4.18239989	88.05978000
4.18259989	88.05978000
4.18279989	88.05978000
4.18299989	88.05978000
4.18319989	88.05978000
4.18339989	88.05978000
4.18359989	88.05978000
4.18379989	88.05978000
4.18399989	88.05978000
4.18419989	88.05978000
4.18439989	88.05978000
4.18459989	88.05978000
4.18479989	88.05978000
4.18499989	88.05978000
4.18519989	88.05978000
4.18539989	88.05978000
4.18559989	88.05978000
4.18579989	88.05978000
4.18599989	88.05978000
4.18619989	88.05978000
4.18639989	88.05978000
4.18659989	88.05978000
4.18679989	88.05978000
4.18699989	88.05978000
4.18719989	88.05978000
4.18739989	88.05978000
4.18759989	88.05978000
4.18779989	88.05978000
4.18799989	88.05978000
4.18819989	88.05978000
4.18839989	88.05978000
4.18859989	88.05978000
4.18879989	88.05978000
4.18899989	88.05978000
4.18919989	88.05978000
4.18939989	88.05978000
4.18959989	88.05978000
4.18979989	88.05978000
4.18999989	88.05978000
4.19019989	88.05978000
4.19039989	88.05978000
4.19059989	88.05978000
4.19079989	88.05978000
4.19099989	88.05978000
4.19119989	88.05978000
4.19139989	88.05978000
4.19159989	88.05978000
4.19179989	88.05978000
4.19199989	88.05978000
4.19219989	88.05978000
4.19239989	88.05978000
4.19259989	88.05978000
4.19279989	88.05978000
4.19299989	88.05978000
4.19319989	88.05978000
4.19339989	88.05978000
4.19359989	88.05978000
4.19379989	88.05978000
4.19399989	88.05978000
4.19419989	88.05978000
4.19439989	88.05978000
4.19459989	88.05978000
4.19479989	88.05978000
4.19499989	88.05978000
4.19519989	88.05978000
4.19539989	88.05978000
4.19559989	88.05978000
4.19579989	88.05978000
4.19599989	88.05978000
4.19619989	88.05978000
4.19639989	88.05978000
4.19659989	88.05978000
4.19679989	88.05978000
4.19699989	88.05978000
4.19719989	88.05978000
4.19739989	88.05978000
4.19759989	88.05978000
4.19779989	88.05978000
4.19799989	88.05978000
4.19819989	88.05978000
4.19839989	88.05978000
4.19859989	88.05978000
4.19879989	88.05978000
4.19899989	88.05978000
4.19919989	88.05978000
4.19939989	88.05978000
4.19959989	88.05978000
4.19979989	88.05978000
4.19999989	88.05978000
4.20019989	88.05978000
4.20039989	88.05978000
4.20059989	88.05978000
4.20079989	88.05978000
4.20099989	88.05978000
4.20119989	88.05978000
4.20139989	88.05978000
4.20159989	88.05978000
4.20179989	88.05978000
4.20199989	88.05978000
4.20219989	88.05978000
4.20239989	88.05978000
4.20259989	88.05978000
4.20279989	88.05978000
4.20299989	88.05978000
4.20319989	88.05978000
4.20339989	88.05978000
4.20359989	88.05978000
4.20379989	88.05978000
4.20399989	88.05978000
4.20419989	88.05978000
4.20439989	88.05978000
4.20459989	88.05978000
4.20479989	88.05978000
4.20499989	88.05978000
4.20519989	88.05978000
4.20539989	88.05978000
4.20559989	88.05978000
4.20579989	88.05978000
4.20599989	88.05978000
4.20619989	88.05978000
4.20639989	88.05978000
4.20659989	88.05978000
4.20679989	88.05978000
4.20699989	88.05978000
4.20719989	88.05978000
4.20739989	88.05978000
4.20759989	88.05978000
4.20779989	88.05978000
4.20799989	88.05978000
4.20819989	88.05978000
4.20839989	88.05978000
4.20859989	88.05978000
4.20879989	88.05978000
4.20899989	88.05978000
4.20919989	88.05978000
4.20939989	88.05978000
4.20959989	88.05978000
4.20979989	88.05978000
4.20999989	88.05978000
4.21019989	88.05978000
4.21039989	88.05978000
4.21059989	88.05978000
4.21079989	88.05978000
4.21099989	88.05978000
4.21119989	88.05978000
4.21139989	88.05978000
4.21159989	88.05978000
4.21179989	88.05978000
4.21199989	88.05978000
4.21219989	88.05978000
4.21239989	88.05978000
4.21259989	88.05978000
4.21279989	88.05978000
4.21299989	88.05978000
4.21319989	88.05978000
4.21339989	88.05978000
4.21359989	88.05978000
4.21379989	88.05978000
4.21399989	88.05978000
4.21419989	88.05978000
4.21439989	88.05978000
4.21459989	88.05978000
4.21479989	88.05978000
4.21499989	88.05978000
4.21519989	88.05978000
4.21539989	88.05978000
4.21559989	88.05978000
4.21579989	88.05978000
4.21599989	88.05978000
4.21619989	88.05978000
4.21639989	88.05978000
4.21659989	88.05978000
4.21679989	88.05978000
4.21699989	88.05978000
4.21719989	88.05978000
4.21739989	88.05978000
4.21759989	88.05978000
4.21779989	88.05978000
4.21799989	88.05978000
4.21819989	88.05978000
4.21839989	88.05978000
4.21859989	88.05978000
4.21879989	88.05978000
4.21899989	88.05978000
4.21919989	88.05978000
4.21939989	88.05978000
4.21959989	88.05978000
4.21979989	88.05978000
4.21999989	88.05978000
4.22019989	88.05978000
4.22039989	88.05978000
4.22059989	88.05978000
4.22079989	88.05978000
4.22099989	88.05978000
4.22119989	88.05978000
4.22139989	88.05978000
4.22159989	88.05978000
4.22179989	88.05978000
4.22199989	88.05978000
4.22219989	88.05978000
4.22239989	88.05978000
4.22259989	88.05978000
4.22279989	88.05978000
4.22299989	88.05978000
4.22319989	88.05978000
4.22339989	88.05978000
4.22359989	88.05978000
4.22379989	88.05978000
4.22399989	88.05978000
4.22419989	88.05978000
4.22439989	88.05978000
4.22459989	86.18356000
4.22479989	88.05978000
4.22499989	88.05978000
4.22519989	88.05978000
4.22539989	88.05978000
4.22559989	88.05978000
4.22579989	88.05978000
4.22599989	88.05978000
4.22619989	88.05978000
4.22639989	88.05978000
4.22659989	88.05978000
4.22679989	88.05978000
4.22699989	88.05978000
4.22719989	88.05978000
4.22739989	88.05978000
4.22759989	88.05978000
4.22779989	88.05978000
4.22799989	88.05978000
4.22819989	88.05978000
4.22839989	88.05978000
4.22859989	88.05978000
4.22879989	88.05978000
4.22899989	88.05978000
4.22919989	88.05978000
4.22939989	88.05978000
4.22959989	88.05978000
4.22979989	88.05978000
4.22999989	88.05978000
4.23019989	86.18356000
4.23039989	86.18356000
4.23059989	86.18356000
4.23079989	88.05978000
4.23099989	86.18356000
4.23119989	86.18356000
4.23139989	88.05978000
4.23159989	86.18356000
4.23179989	86.18356000
4.23199989	88.05978000
4.23219989	88.05978000
4.23239989	88.05978000
4.23259989	88.05978000
4.23279989	86.18356000
4.23299989	88.05978000
4.23319989	88.05978000
4.23339989	88.05978000
4.23359989	88.05978000
4.23379989	88.05978000
4.23399989	88.05978000
4.23419989	88.05978000
4.23439989	88.05978000
4.23459989	88.05978000
4.23479989	88.05978000
4.23499989	88.05978000
4.23519989	88.05978000
4.23539989	88.05978000
4.23559989	88.05978000
4.23579989	88.05978000
4.23599989	88.05978000
4.23619989	88.05978000
4.23639989	88.05978000
4.23659989	88.05978000
4.23679989	88.05978000
4.23699989	88.05978000
4.23719989	88.05978000
4.23739989	88.05978000
4.23759989	88.05978000
4.23779989	88.05978000
4.23799989	88.05978000
4.23819989	88.05978000
4.23839989	88.05978000
4.23859989	88.05978000
4.23879989	88.05978000
4.23899989	88.05978000
4.23919989	88.05978000
4.23939989	88.05978000
4.23959989	88.05978000
4.23979989	88.05978000
4.23999989	88.05978000
4.24019989	88.05978000
4.24039989	88.05978000
4.24059989	88.05978000
4.24079989	88.05978000
4.24099989	88.05978000
4.24119989	88.05978000
4.24139989	88.05978000
4.24159989	88.05978000
4.24179989	88.05978000
4.24199989	88.05978000
4.24219989	88.05978000
4.24239989	88.05978000
4.24259989	88.05978000
4.24279989	88.05978000
4.24299989	88.05978000
4.24319989	88.05978000
4.24339989	88.05978000
4.24359989	88.05978000
4.24379989	88.05978000
4.24399989	88.05978000
4.24419989	88.05978000
4.24439989	88.05978000
4.24459989	88.05978000
4.24479989	88.05978000
4.24499989	88.05978000
4.24519989	88.05978000
4.24539989	88.05978000
4.24559989	88.05978000
4.24579989	88.05978000
4.24599989	88.05978000
4.24619989	88.05978000
4.24639989	88.05978000
4.24659989	88.05978000
4.24679989	88.05978000
4.24699989	88.05978000
4.24719989	88.05978000
4.24739989	88.05978000
4.24759989	88.05978000
4.24779989	88.05978000
4.24799989	88.05978000
4.24819989	88.05978000
4.24839989	88.05978000
4.24859989	88.05978000
4.24879989	88.05978000
4.24899989	88.05978000
4.24919989	86.18356000
4.24939989	88.05978000
4.24959989	86.18356000
4.24979989	86.18356000
4.24999989	86.18356000
4.25019989	86.18356000
4.25039989	86.18356000
4.25059989	86.18356000
4.25079989	86.18356000
4.25099989	86.18356000
4.25119989	86.18356000
4.25139989	86.18356000
4.25159989	86.18356000
4.25179989	86.18356000
4.25199989	86.18356000
4.25219989	86.18356000
4.25239989	86.18356000
4.25259989	86.18356000
4.25279989	86.18356000
4.25299989	86.18356000
4.25319989	86.18356000
4.25339989	86.18356000
4.25359989	88.05978000
4.25379989	86.18356000
4.25399989	88.05978000
4.25419989	88.05978000
4.25439989	88.05978000
4.25459989	88.05978000
4.25479989	88.05978000
4.25499989	88.05978000
4.25519989	88.05978000
4.25539989	88.05978000
4.25559989	88.05978000
4.25579989	88.05978000
4.25599989	88.05978000
4.25619989	88.05978000
4.25639989	88.05978000
4.25659989	88.05978000
4.25679989	88.05978000
4.25699989	88.05978000
4.25719989	88.05978000
4.25739989	88.05978000
4.25759989	88.05978000
4.25779989	88.05978000
4.25799989	88.05978000
4.25819989	88.05978000
4.25839989	88.05978000
4.25859989	88.05978000
4.25879989	86.18356000
4.25899989	86.18356000
4.25919989	86.18356000
4.25939989	86.18356000
4.25959989	86.18356000
4.25979989	86.18356000
4.25999989	86.18356000
4.26019989	88.05978000
4.26039989	86.18356000
4.26059989	88.05978000
4.26079989	88.05978000
4.26099989	86.18356000
4.26119989	86.18356000
4.26139989	86.18356000
4.26159989	86.18356000
4.26179989	86.18356000
4.26199989	86.18356000
4.26219989	86.18356000
4.26239989	86.18356000
4.26259989	86.18356000
4.26279989	86.18356000
4.26299989	86.18356000
4.26319989	86.18356000
4.26339989	86.18356000
4.26359989	88.05978000
4.26379989	88.05978000
4.26399989	88.05978000
4.26419989	88.05978000
4.26439989	88.05978000
4.26459989	88.05978000
4.26479989	88.05978000
4.26499989	88.05978000
4.26519989	88.05978000
4.26539989	88.05978000
4.26559989	88.05978000
4.26579989	88.05978000
4.26599989	88.05978000
4.26619989	88.05978000
4.26639989	88.05978000
4.26659989	88.05978000
4.26679989	88.05978000
4.26699989	88.05978000
4.26719989	88.05978000
4.26739989	88.05978000
4.26759989	88.05978000
4.26779989	88.05978000
4.26799989	88.05978000
4.26819989	86.18356000
4.26839989	88.05978000
4.26859989	88.05978000
4.26879989	88.05978000
4.26899989	88.05978000
4.26919989	86.18356000
4.26939989	86.18356000
4.26959989	86.18356000
4.26979989	86.18356000
4.26999989	86.18356000
4.27019989	86.18356000
4.27039989	86.18356000
4.27059989	86.18356000
4.27079989	86.18356000
4.27099989	86.18356000
4.27119989	86.18356000
4.27139989	86.18356000
4.27159989	86.18356000
4.27179989	86.18356000
4.27199989	86.18356000
4.27219989	86.18356000
4.27239989	86.18356000
4.27259989	86.18356000
4.27279989	86.18356000
4.27299989	86.18356000
4.27319989	86.18356000
4.27339989	86.18356000
4.27359989	86.18356000
4.27379989	88.05978000
4.27399989	88.05978000
4.27419989	86.18356000
4.27439989	88.05978000
4.27459989	88.05978000
4.27479989	88.05978000
4.27499989	88.05978000
4.27519989	88.05978000
4.27539989	88.05978000
4.27559989	88.05978000
4.27579989	88.05978000
4.27599989	88.05978000
4.27619989	88.05978000
4.27639989	86.18356000
4.27659989	88.05978000
4.27679989	88.05978000
4.27699989	88.05978000
4.27719989	88.05978000
4.27739989	88.05978000
4.27759989	88.05978000
4.27779989	86.18356000
4.27799989	86.18356000
4.27819989	86.18356000
4.27839989	86.18356000
4.27859989	86.18356000
4.27879989	86.18356000
4.27899989	86.18356000
4.27919989	86.18356000
4.27939989	86.18356000
4.27959989	86.18356000
4.27979989	86.18356000
4.27999989	86.18356000
4.28019989	86.18356000
4.28039989	86.18356000
4.28059989	86.18356000
4.28079989	86.18356000
4.28099989	86.18356000
4.28119989	86.18356000
4.28139989	86.18356000
4.28159989	86.18356000
4.28179989	86.18356000
4.28199989	86.18356000
4.28219989	86.18356000
4.28239989	86.18356000
4.28259989	86.18356000
4.28279989	86.18356000
4.28299989	86.18356000
4.28319989	86.18356000
4.28339989	86.18356000
4.28359989	88.05978000
4.28379989	88.05978000
4.28399989	88.05978000
4.28419989	88.05978000
4.28439989	88.05978000
4.28459989	88.05978000
4.28479989	88.05978000
4.28499989	88.05978000
4.28519989	86.18356000
4.28539989	88.05978000
4.28559989	88.05978000
4.28579989	88.05978000
4.28599989	88.05978000
4.28619989	88.05978000
4.28639989	88.05978000
4.28659989	88.05978000
4.28679989	88.05978000
4.28699989	88.05978000
4.28719989	88.05978000
4.28739989	88.05978000
4.28759989	88.05978000
4.28779989	88.05978000
4.28799989	86.18356000
4.28819989	88.05978000
4.28839989	86.18356000
4.28859989	86.18356000
4.28879989	86.18356000
4.28899989	86.18356000
4.28919989	86.18356000
4.28939989	86.18356000
4.28959989	86.18356000
4.28979989	86.18356000
4.28999989	86.18356000
4.29019989	86.18356000
4.29039989	86.18356000
4.29059989	86.18356000
4.29079989	86.18356000
4.29099989	86.18356000
4.29119989	86.18356000
4.29139989	86.18356000
4.29159989	86.18356000
4.29179989	86.18356000
4.29199989	86.18356000
4.29219989	86.18356000
4.29239989	86.18356000
4.29259989	88.05978000
4.29279989	86.18356000
4.29299989	86.18356000
4.29319989	86.18356000
4.29339989	86.18356000
4.29359989	86.18356000
4.29379989	86.18356000
4.29399989	86.18356000
4.29419989	86.18356000
4.29439989	88.05978000
4.29459989	88.05978000
4.29479989	88.05978000
4.29499989	86.18356000
4.29519989	88.05978000
4.29539989	86.18356000
4.29559989	88.05978000
4.29579989	88.05978000
4.29599989	88.05978000
4.29619989	88.05978000
4.29639989	88.05978000
4.29659989	88.05978000
4.29679989	88.05978000
4.29699989	88.05978000
4.29719989	88.05978000
4.29739989	88.05978000
4.29759989	88.05978000
4.29779989	88.05978000
4.29799989	88.05978000
4.29819989	86.18356000
4.29839989	86.18356000
4.29859989	86.18356000
4.29879989	86.18356000
4.29899989	86.18356000
4.29919989	86.18356000
4.29939989	86.18356000
4.29959989	86.18356000
4.29979989	86.18356000
4.29999989	86.18356000
4.30019989	86.18356000
4.30039989	86.18356000
4.30059989	86.18356000
4.30079989	86.18356000
4.30099989	86.18356000
4.30119989	86.18356000
4.30139989	86.18356000
4.30159989	86.18356000
4.30179989	86.18356000
4.30199989	86.18356000
4.30219989	86.18356000
4.30239989	86.18356000
4.30259989	86.18356000
4.30279989	86.18356000
4.30299989	86.18356000
4.30319989	86.18356000
4.30339989	86.18356000
4.30359989	86.18356000
4.30379989	86.18356000
4.30399989	86.18356000
4.30419989	86.18356000
4.30439989	88.05978000
4.30459989	88.05978000
4.30479989	86.18356000
4.30499989	88.05978000
4.30519989	86.18356000
4.30539989	86.18356000
4.30559989	86.18356000
4.30579989	86.18356000
4.30599989	86.18356000
4.30619989	86.18356000
4.30639989	86.18356000
4.30659989	86.18356000
4.30679989	86.18356000
4.30699989	86.18356000
4.30719989	86.18356000
4.30739989	86.18356000
4.30759989	86.18356000
4.30779989	86.18356000
4.30799989	86.18356000
4.30819989	86.18356000
4.30839989	86.18356000
4.30859989	86.18356000
4.30879989	86.18356000
4.30899989	86.18356000
4.30919989	86.18356000
4.30939989	86.18356000
4.30959989	86.18356000
4.30979989	86.18356000
4.30999989	86.18356000
4.31019989	86.18356000
4.31039989	86.18356000
4.31059989	86.18356000
4.31079989	86.18356000
4.31099989	86.18356000
4.31119989	86.18356000
4.31139989	86.18356000
4.31159989	86.18356000
4.31179989	86.18356000
4.31199989	86.18356000
4.31219989	86.18356000
4.31239989	86.18356000
4.31259989	86.18356000
4.31279989	86.18356000
4.31299989	86.18356000
4.31319989	86.18356000
4.31339989	86.18356000
4.31359989	86.18356000
4.31379989	86.18356000
4.31399989	86.18356000
4.31419989	86.18356000
4.31439989	88.05978000
4.31459989	88.05978000
4.31479989	88.05978000
4.31499989	88.05978000
4.31519989	88.05978000
4.31539989	88.05978000
4.31559989	88.05978000
4.31579989	86.18356000
4.31599989	86.18356000
4.31619989	86.18356000
4.31639989	86.18356000
4.31659989	88.05978000
4.31679989	88.05978000
4.31699989	88.05978000
4.31719989	88.05978000
4.31739989	86.18356000
4.31759989	86.18356000
4.31779989	86.18356000
4.31799989	86.18356000
4.31819989	86.18356000
4.31839989	86.18356000
4.31859989	86.18356000
4.31879989	86.18356000
4.31899989	86.18356000
4.31919989	86.18356000
4.31939989	86.18356000
4.31959989	86.18356000
4.31979989	86.18356000
4.31999989	86.18356000
4.32019989	86.18356000
4.32039989	86.18356000
4.32059989	86.18356000
4.32079989	86.18356000
4.32099989	86.18356000
4.32119989	86.18356000
4.32139989	86.18356000
4.32159989	86.18356000
4.32179989	86.18356000
4.32199989	86.18356000
4.32219989	86.18356000
4.32239989	86.18356000
4.32259989	86.18356000
4.32279989	86.18356000
4.32299989	86.18356000
4.32319989	86.18356000
4.32339989	86.18356000
4.32359989	86.18356000
4.32379989	86.18356000
4.32399989	88.05978000
4.32419989	86.18356000
4.32439989	88.05978000
4.32459989	88.05978000
4.32479989	88.05978000
4.32499989	88.05978000
4.32519989	88.05978000
4.32539989	88.05978000
4.32559989	88.05978000
4.32579989	88.05978000
4.32599989	88.05978000
4.32619989	88.05978000
4.32639989	88.05978000
4.32659989	88.05978000
4.32679989	88.05978000
4.32699989	88.05978000
4.32719989	88.05978000
4.32739989	88.05978000
4.32759989	88.05978000
4.32779989	88.05978000
4.32799989	86.18356000
4.32819989	86.18356000
4.32839989	86.18356000
4.32859989	86.18356000
4.32879989	86.18356000
4.32899989	86.18356000
4.32919989	86.18356000
4.32939989	86.18356000
4.32959989	86.18356000
4.32979989	86.18356000
4.32999989	86.18356000
4.33019989	86.18356000
4.33039989	86.18356000
4.33059989	86.18356000
4.33079989	86.18356000
4.33099989	86.18356000
4.33119989	86.18356000
4.33139989	86.18356000
4.33159989	86.18356000
4.33179989	86.18356000
4.33199989	86.18356000
4.33219989	86.18356000
4.33239989	86.18356000
4.33259989	86.18356000
4.33279989	86.18356000
4.33299989	86.18356000
4.33319989	86.18356000
4.33339989	86.18356000
4.33359989	86.18356000
4.33379989	86.18356000
4.33399989	86.18356000
4.33419989	86.18356000
4.33439989	86.18356000
4.33459989	86.18356000
4.33479989	86.18356000
4.33499989	86.18356000
4.33519989	86.18356000
4.33539989	86.18356000
4.33559989	86.18356000
4.33579989	86.18356000
4.33599989	86.18356000
4.33619989	86.18356000
4.33639989	86.18356000
4.33659989	86.18356000
4.33679989	86.18356000
4.33699989	86.18356000
4.33719989	86.18356000
4.33739989	88.05978000
4.33759989	86.18356000
4.33779989	86.18356000
4.33799989	86.18356000
4.33819989	86.18356000
4.33839989	86.18356000
4.33859989	86.18356000
4.33879989	86.18356000
4.33899989	86.18356000
4.33919989	86.18356000
4.33939989	86.18356000
4.33959989	86.18356000
4.33979989	86.18356000
4.33999989	86.18356000
4.34019989	86.18356000
4.34039989	86.18356000
4.34059989	86.18356000
4.34079989	86.18356000
4.34099989	86.18356000
4.34119989	86.18356000
4.34139989	86.18356000
4.34159989	86.18356000
4.34179989	86.18356000
4.34199989	86.18356000
4.34219989	86.18356000
4.34239989	86.18356000
4.34259989	86.18356000
4.34279989	86.18356000
4.34299989	86.18356000
4.34319989	86.18356000
4.34339989	86.18356000
4.34359989	86.18356000
4.34379989	86.18356000
4.34399989	86.18356000
4.34419989	86.18356000
4.34439989	86.18356000
4.34459989	86.18356000
4.34479989	86.18356000
4.34499989	86.18356000
4.34519989	86.18356000
4.34539989	86.18356000
4.34559989	86.18356000
4.34579989	84.31348000
4.34599989	86.18356000
4.34619989	86.18356000
4.34639989	86.18356000
4.34659989	86.18356000
4.34679989	86.18356000
4.34699989	86.18356000
4.34719989	86.18356000
4.34739989	86.18356000
4.34759989	86.18356000
4.34779989	86.18356000
4.34799989	86.18356000
4.34819989	86.18356000
4.34839989	86.18356000
4.34859989	86.18356000
4.34879989	86.18356000
4.34899989	86.18356000
4.34919989	86.18356000
4.34939989	86.18356000
4.34959989	86.18356000
4.34979989	86.18356000
4.34999989	86.18356000
4.35019989	86.18356000
4.35039989	86.18356000
4.35059989	86.18356000
4.35079989	86.18356000
4.35099989	86.18356000
4.35119989	86.18356000
4.35139989	86.18356000
4.35159989	86.18356000
4.35179989	86.18356000
4.35199989	86.18356000
4.35219989	86.18356000
4.35239989	86.18356000
4.35259989	86.18356000
4.35279989	86.18356000
4.35299989	86.18356000
4.35319989	86.18356000
4.35339989	86.18356000
4.35359989	86.18356000
4.35379989	86.18356000
4.35399989	86.18356000
4.35419989	86.18356000
4.35439989	86.18356000
4.35459989	86.18356000
4.35479989	86.18356000
4.35499989	86.18356000
4.35519989	86.18356000
4.35539989	88.05978000
4.35559989	86.18356000
4.35579989	88.05978000
4.35599989	88.05978000
4.35619989	88.05978000
4.35639989	86.18356000
4.35659989	86.18356000
4.35679989	86.18356000
4.35699989	86.18356000
4.35719989	86.18356000
4.35739989	86.18356000
4.35759989	86.18356000
4.35779989	86.18356000
4.35799989	86.18356000
4.35819989	86.18356000
4.35839989	86.18356000
4.35859989	86.18356000
4.35879989	86.18356000
4.35899989	86.18356000
4.35919989	86.18356000
4.35939989	86.18356000
4.35959989	86.18356000
4.35979989	86.18356000
4.35999989	86.18356000
4.36019989	86.18356000
4.36039989	86.18356000
4.36059989	86.18356000
4.36079989	86.18356000
4.36099989	86.18356000
4.36119989	86.18356000
4.36139989	86.18356000
4.36159989	86.18356000
4.36179989	86.18356000
4.36199989	86.18356000
4.36219989	86.18356000
4.36239989	86.18356000
4.36259989	86.18356000
4.36279989	86.18356000
4.36299989	86.18356000
4.36319989	86.18356000
4.36339989	86.18356000
4.36359989	86.18356000
4.36379989	86.18356000
4.36399989	86.18356000
4.36419989	86.18356000
4.36439989	86.18356000
4.36459989	86.18356000
4.36479989	86.18356000
4.36499989	86.18356000
4.36519989	86.18356000
4.36539989	86.18356000
4.36559989	86.18356000
4.36579989	86.18356000
4.36599989	86.18356000
4.36619989	86.18356000
4.36639989	86.18356000
4.36659989	86.18356000
4.36679989	86.18356000
4.36699989	86.18356000
4.36719989	86.18356000
4.36739989	86.18356000
4.36759989	88.05978000
4.36779989	88.05978000
4.36799989	86.18356000
4.36819989	86.18356000
4.36839989	86.18356000
4.36859989	86.18356000
4.36879989	86.18356000
4.36899989	86.18356000
4.36919989	86.18356000
4.36939989	86.18356000
4.36959989	86.18356000
4.36979989	86.18356000
4.36999989	86.18356000
4.37019989	88.05978000
4.37039989	88.05978000
4.37059989	86.18356000
4.37079989	86.18356000
4.37099989	86.18356000
4.37119989	86.18356000
4.37139989	86.18356000
4.37159989	86.18356000
4.37179989	86.18356000
4.37199989	86.18356000
4.37219989	86.18356000
4.37239989	86.18356000
4.37259989	86.18356000
4.37279989	86.18356000
4.37299989	86.18356000
4.37319989	86.18356000
4.37339989	86.18356000
4.37359989	86.18356000
4.37379989	86.18356000
4.37399989	86.18356000
4.37419989	86.18356000
4.37439989	86.18356000
4.37459989	86.18356000
4.37479989	86.18356000
4.37499989	86.18356000
4.37519989	86.18356000
4.37539989	86.18356000
4.37559989	86.18356000
4.37579989	86.18356000
4.37599989	86.18356000
4.37619989	86.18356000
4.37639989	86.18356000
4.37659989	86.18356000
4.37679989	86.18356000
4.37699989	86.18356000
4.37719989	86.18356000
4.37739989	84.31348000
4.37759989	84.31348000
4.37779989	84.31348000
4.37799989	84.31348000
4.37819989	84.31348000
4.37839989	84.31348000
4.37859989	84.31348000
4.37879989	84.31348000
4.37899989	84.31348000
4.37919989	84.31348000
4.37939989	84.31348000
4.37959989	84.31348000
4.37979989	84.31348000
4.37999989	84.31348000
4.38019989	86.18356000
4.38039989	86.18356000
4.38059989	86.18356000
4.38079989	86.18356000
4.38099989	84.31348000
4.38119989	84.31348000
4.38139989	86.18356000
4.38159989	84.31348000
4.38179989	84.31348000
4.38199989	86.18356000
4.38219989	84.31348000
4.38239989	86.18356000
4.38259989	86.18356000
4.38279989	86.18356000
4.38299989	86.18356000
4.38319989	86.18356000
4.38339989	86.18356000
4.38359989	86.18356000
4.38379989	86.18356000
4.38399989	86.18356000
4.38419989	86.18356000
4.38439989	86.18356000
4.38459989	86.18356000
4.38479989	86.18356000
4.38499989	86.18356000
4.38519989	86.18356000
4.38539989	86.18356000
4.38559989	86.18356000
4.38579989	86.18356000
4.38599989	86.18356000
4.38619989	86.18356000
4.38639989	86.18356000
4.38659989	86.18356000
4.38679989	86.18356000
4.38699989	86.18356000
4.38719989	86.18356000
4.38739989	86.18356000
4.38759989	86.18356000
4.38779989	86.18356000
4.38799989	86.18356000
4.38819989	86.18356000
4.38839989	86.18356000
4.38859989	86.18356000
4.38879989	86.18356000
4.38899989	86.18356000
4.38919989	86.18356000
4.38939989	86.18356000
4.38959989	86.18356000
4.38979989	86.18356000
4.38999989	86.18356000
4.39019989	86.18356000
4.39039989	86.18356000
4.39059989	86.18356000
4.39079989	86.18356000
4.39099989	86.18356000
4.39119989	86.18356000
4.39139989	86.18356000
4.39159989	86.18356000
4.39179989	86.18356000
4.39199989	86.18356000
4.39219989	86.18356000
4.39239989	86.18356000
4.39259989	86.18356000
4.39279989	86.18356000
4.39299989	86.18356000
4.39319989	86.18356000
4.39339989	86.18356000
4.39359989	86.18356000
4.39379989	86.18356000
4.39399989	86.18356000
4.39419989	86.18356000
4.39439989	86.18356000
4.39459989	86.18356000
4.39479989	86.18356000
4.39499989	86.18356000
4.39519989	86.18356000
4.39539989	86.18356000
4.39559989	86.18356000
4.39579989	86.18356000
4.39599989	86.18356000
4.39619989	86.18356000
4.39639989	86.18356000
4.39659989	86.18356000
4.39679989	86.18356000
4.39699989	84.31348000
4.39719989	86.18356000
4.39739989	84.31348000
4.39759989	86.18356000
4.39779989	84.31348000
4.39799989	84.31348000
4.39819989	86.18356000
4.39839989	86.18356000
4.39859989	86.18356000
4.39879989	86.18356000
4.39899989	86.18356000
4.39919989	86.18356000
4.39939989	86.18356000
4.39959989	86.18356000
4.39979989	86.18356000
4.39999989	86.18356000
4.40019989	86.18356000
4.40039989	86.18356000
4.40059989	86.18356000
4.40079989	86.18356000
4.40099989	86.18356000
4.40119989	86.18356000
4.40139989	86.18356000
4.40159989	86.18356000
4.40179989	86.18356000
4.40199989	86.18356000
4.40219989	86.18356000
4.40239989	86.18356000
4.40259989	86.18356000
4.40279989	86.18356000
4.40299989	86.18356000
4.40319989	86.18356000
4.40339989	86.18356000
4.40359989	86.18356000
4.40379989	86.18356000
4.40399989	86.18356000
4.40419989	86.18356000
4.40439989	86.18356000
4.40459989	86.18356000
4.40479989	86.18356000
4.40499989	86.18356000
4.40519989	86.18356000
4.40539989	86.18356000
4.40559989	86.18356000
4.40579989	86.18356000
4.40599989	86.18356000
4.40619989	86.18356000
4.40639989	86.18356000
4.40659989	86.18356000
4.40679989	86.18356000
4.40699989	86.18356000
4.40719989	86.18356000
4.40739989	86.18356000
4.40759989	86.18356000
4.40779989	86.18356000
4.40799989	86.18356000
4.40819989	86.18356000
4.40839989	86.18356000
4.40859989	86.18356000
4.40879989	86.18356000
4.40899989	86.18356000
4.40919989	86.18356000
4.40939989	86.18356000
4.40959989	86.18356000
4.40979989	86.18356000
4.40999989	86.18356000
4.41019989	86.18356000
4.41039989	86.18356000
4.41059989	86.18356000
4.41079989	86.18356000
4.41099989	86.18356000
4.41119989	86.18356000
4.41139989	86.18356000
4.41159989	86.18356000
4.41179989	86.18356000
4.41199989	86.18356000
4.41219989	86.18356000
4.41239989	86.18356000
4.41259989	86.18356000
4.41279989	86.18356000
4.41299989	86.18356000
4.41319989	86.18356000
4.41339989	86.18356000
4.41359989	86.18356000
4.41379989	86.18356000
4.41399989	86.18356000
4.41419989	86.18356000
4.41439989	86.18356000
4.41459989	84.31348000
4.41479989	84.31348000
4.41499989	84.31348000
4.41519989	84.31348000
4.41539989	84.31348000
4.41559989	84.31348000
4.41579989	86.18356000
4.41599989	84.31348000
4.41619989	84.31348000
4.41639989	84.31348000
4.41659989	84.31348000
4.41679989	84.31348000
4.41699989	84.31348000
4.41719989	84.31348000
4.41739989	84.31348000
4.41759989	84.31348000
4.41779989	84.31348000
4.41799989	84.31348000
4.41819989	84.31348000
4.41839989	84.31348000
4.41859989	84.31348000
4.41879989	84.31348000
4.41899989	84.31348000
4.41919989	84.31348000
4.41939989	84.31348000
4.41959989	84.31348000
4.41979989	84.31348000
4.41999989	84.31348000
4.42019989	84.31348000
4.42039989	84.31348000
4.42059989	84.31348000
4.42079989	84.31348000
4.42099989	86.18356000
4.42119989	84.31348000
4.42139989	86.18356000
4.42159989	86.18356000
4.42179989	86.18356000
4.42199989	86.18356000
4.42219989	86.18356000
4.42239989	86.18356000
4.42259989	86.18356000
4.42279989	86.18356000
4.42299989	86.18356000
4.42319989	86.18356000
4.42339989	86.18356000
4.42359989	86.18356000
4.42379989	86.18356000
4.42399989	86.18356000
4.42419989	86.18356000
4.42439989	86.18356000
4.42459989	86.18356000
4.42479989	86.18356000
4.42499989	86.18356000
4.42519989	86.18356000
4.42539989	86.18356000
4.42559989	86.18356000
4.42579989	86.18356000
4.42599989	86.18356000
4.42619989	86.18356000
4.42639989	86.18356000
4.42659989	86.18356000
4.42679989	86.18356000
4.42699989	86.18356000
4.42719989	86.18356000
4.42739989	86.18356000
4.42759989	86.18356000
4.42779989	84.31348000
4.42799989	84.31348000
4.42819989	84.31348000
4.42839989	84.31348000
4.42859989	84.31348000
4.42879989	84.31348000
4.42899989	84.31348000
4.42919989	84.31348000
4.42939989	84.31348000
4.42959989	84.31348000
4.42979989	84.31348000
4.42999989	84.31348000
4.43019989	84.31348000
4.43039989	84.31348000
4.43059989	84.31348000
4.43079989	84.31348000
4.43099989	84.31348000
4.43119989	84.31348000
4.43139989	84.31348000
4.43159989	84.31348000
4.43179989	84.31348000
4.43199989	84.31348000
4.43219989	84.31348000
4.43239989	84.31348000
4.43259989	84.31348000
4.43279989	84.31348000
4.43299989	84.31348000
4.43319989	84.31348000
4.43339989	84.31348000
4.43359989	84.31348000
4.43379989	84.31348000
4.43399989	84.31348000
4.43419989	84.31348000
4.43439989	84.31348000
4.43459989	84.31348000
4.43479989	84.31348000
4.43499989	84.31348000
4.43519989	84.31348000
4.43539989	84.31348000
4.43559989	84.31348000
4.43579989	84.31348000
4.43599989	84.31348000
4.43619989	84.31348000
4.43639989	84.31348000
4.43659989	84.31348000
4.43679989	84.31348000
4.43699989	84.31348000
4.43719989	84.31348000
4.43739989	84.31348000
4.43759989	84.31348000
4.43779989	84.31348000
4.43799989	84.31348000
4.43819989	84.31348000
4.43839989	84.31348000
4.43859989	84.31348000
4.43879989	84.31348000
4.43899989	84.31348000
4.43919989	84.31348000
4.43939989	84.31348000
4.43959989	84.31348000
4.43979989	84.31348000
4.43999989	84.31348000
4.44019989	84.31348000
4.44039989	84.31348000
4.44059989	84.31348000
4.44079989	84.31348000
4.44099989	84.31348000
4.44119989	84.31348000
4.44139989	84.31348000
4.44159989	84.31348000
4.44179989	84.31348000
4.44199989	84.31348000
4.44219989	84.31348000
4.44239989	84.31348000
4.44259989	84.31348000
4.44279989	84.31348000
4.44299989	84.31348000
4.44319989	84.31348000
4.44339989	84.31348000
4.44359989	84.31348000
4.44379989	84.31348000
4.44399989	84.31348000
4.44419989	84.31348000
4.44439989	84.31348000
4.44459989	84.31348000
4.44479989	86.18356000
4.44499989	84.31348000
4.44519989	86.18356000
4.44539989	84.31348000
4.44559989	86.18356000
4.44579989	84.31348000
4.44599989	86.18356000
4.44619989	84.31348000
4.44639989	84.31348000
4.44659989	86.18356000
4.44679989	84.31348000
4.44699989	84.31348000
4.44719989	84.31348000
4.44739989	86.18356000
4.44759989	86.18356000
4.44779989	86.18356000
4.44799989	84.31348000
4.44819989	84.31348000
4.44839989	84.31348000
4.44859989	84.31348000
4.44879989	84.31348000
4.44899989	84.31348000
4.44919989	84.31348000
4.44939989	84.31348000
4.44959989	84.31348000
4.44979989	84.31348000
4.44999989	84.31348000
4.45019989	84.31348000
4.45039989	84.31348000
4.45059989	84.31348000
4.45079989	84.31348000
4.45099989	84.31348000
4.45119989	84.31348000
4.45139989	84.31348000
4.45159989	84.31348000
4.45179989	84.31348000
4.45199989	84.31348000
4.45219989	84.31348000
4.45239989	84.31348000
4.45259989	84.31348000
4.45279989	84.31348000
4.45299989	84.31348000
4.45319989	84.31348000
4.45339989	84.31348000
4.45359989	84.31348000
4.45379989	84.31348000
4.45399989	84.31348000
4.45419989	84.31348000
4.45439989	84.31348000
4.45459989	84.31348000
4.45479989	86.18356000
4.45499989	86.18356000
4.45519989	86.18356000
4.45539989	84.31348000
4.45559989	86.18356000
4.45579989	86.18356000
4.45599989	86.18356000
4.45619989	86.18356000
4.45639989	86.18356000
4.45659989	86.18356000
4.45679989	86.18356000
4.45699989	86.18356000
4.45719989	86.18356000
4.45739989	86.18356000
4.45759989	86.18356000
4.45779989	86.18356000
4.45799989	86.18356000
4.45819989	86.18356000
4.45839989	86.18356000
4.45859989	86.18356000
4.45879989	86.18356000
4.45899989	86.18356000
4.45919989	86.18356000
4.45939989	86.18356000
4.45959989	86.18356000
4.45979989	86.18356000
4.45999989	86.18356000
4.46019989	86.18356000
4.46039989	86.18356000
4.46059989	86.18356000
4.46079989	86.18356000
4.46099989	84.31348000
4.46119989	84.31348000
4.46139989	84.31348000
4.46159989	84.31348000
4.46179989	84.31348000
4.46199989	84.31348000
4.46219989	84.31348000
4.46239989	84.31348000
4.46259989	84.31348000
4.46279989	84.31348000
4.46299989	84.31348000
4.46319989	84.31348000
4.46339989	84.31348000
4.46359989	84.31348000
4.46379989	84.31348000
4.46399989	84.31348000
4.46419989	84.31348000
4.46439989	84.31348000
4.46459989	84.31348000
4.46479989	84.31348000
4.46499989	84.31348000
4.46519989	84.31348000
4.46539989	84.31348000
4.46559989	84.31348000
4.46579989	84.31348000
4.46599989	84.31348000
4.46619989	84.31348000
4.46639989	84.31348000
4.46659989	84.31348000
4.46679989	84.31348000
4.46699989	84.31348000
4.46719989	84.31348000
4.46739989	84.31348000
4.46759989	84.31348000
4.46779989	84.31348000
4.46799989	84.31348000
4.46819989	84.31348000
4.46839989	84.31348000
4.46859989	84.31348000
4.46879989	84.31348000
4.46899989	84.31348000
4.46919989	84.31348000
4.46939989	84.31348000
4.46959989	84.31348000
4.46979989	82.43725000
4.46999989	84.31348000
4.47019989	84.31348000
4.47039989	82.43725000
4.47059989	82.43725000
4.47079989	82.43725000
4.47099989	82.43725000
4.47119989	82.43725000
4.47139989	82.43725000
4.47159989	82.43725000
4.47179989	82.43725000
4.47199989	82.43725000
4.47219989	84.31348000
4.47239989	84.31348000
4.47259989	82.43725000
4.47279989	82.43725000
4.47299989	82.43725000
4.47319989	84.31348000
4.47339989	82.43725000
4.47359989	84.31348000
4.47379989	84.31348000
4.47399989	82.43725000
4.47419989	82.43725000
4.47439989	82.43725000
4.47459989	82.43725000
4.47479989	84.31348000
4.47499989	84.31348000
4.47519989	84.31348000
4.47539989	84.31348000
4.47559989	84.31348000
4.47579989	84.31348000
4.47599989	84.31348000
4.47619989	84.31348000
4.47639989	84.31348000
4.47659989	84.31348000
4.47679989	84.31348000
4.47699989	84.31348000
4.47719989	84.31348000
4.47739989	84.31348000
4.47759989	84.31348000
4.47779989	84.31348000
4.47799989	84.31348000
4.47819989	84.31348000
4.47839989	84.31348000
4.47859989	84.31348000
4.47879989	84.31348000
4.47899989	84.31348000
4.47919989	84.31348000
4.47939989	84.31348000
4.47959989	84.31348000
4.47979989	84.31348000
4.47999989	84.31348000
4.48019989	84.31348000
4.48039989	84.31348000
4.48059989	84.31348000
4.48079989	84.31348000
4.48099989	84.31348000
4.48119989	84.31348000
4.48139989	84.31348000
4.48159989	84.31348000
4.48179989	84.31348000
4.48199989	84.31348000
4.48219989	84.31348000
4.48239989	84.31348000
4.48259989	82.43725000
4.48279989	82.43725000
4.48299989	84.31348000
4.48319989	84.31348000
4.48339989	84.31348000
4.48359989	84.31348000
4.48379989	84.31348000
4.48399989	84.31348000
4.48419989	84.31348000
4.48439989	84.31348000
4.48459989	84.31348000
4.48479989	84.31348000
4.48499989	84.31348000
4.48519989	84.31348000
4.48539989	84.31348000
4.48559989	84.31348000
4.48579989	84.31348000
4.48599989	84.31348000
4.48619989	84.31348000
4.48639989	84.31348000
4.48659989	86.18356000
4.48679989	86.18356000
4.48699989	86.18356000
4.48719989	86.18356000
4.48739989	86.18356000
4.48759989	86.18356000
4.48779989	86.18356000
4.48799989	86.18356000
4.48819989	86.18356000
4.48839989	86.18356000
4.48859989	86.18356000
4.48879989	86.18356000
4.48899989	86.18356000
4.48919989	86.18356000
4.48939989	86.18356000
4.48959989	86.18356000
4.48979989	86.18356000
4.48999989	86.18356000
4.49019989	86.18356000
4.49039989	84.31348000
4.49059989	84.31348000
4.49079989	84.31348000
4.49099989	84.31348000
4.49119989	84.31348000
4.49139989	84.31348000
4.49159989	84.31348000
4.49179989	84.31348000
4.49199989	84.31348000
4.49219989	84.31348000
4.49239989	84.31348000
4.49259989	84.31348000
4.49279989	84.31348000
4.49299989	84.31348000
4.49319989	84.31348000
4.49339989	84.31348000
4.49359989	84.31348000
4.49379989	86.18356000
4.49399989	84.31348000
4.49419989	84.31348000
4.49439989	84.31348000
4.49459989	86.18356000
4.49479989	86.18356000
4.49499989	84.31348000
4.49519989	84.31348000
4.49539989	86.18356000
4.49559989	86.18356000
4.49579989	86.18356000
4.49599989	86.18356000
4.49619989	86.18356000
4.49639989	86.18356000
4.49659989	86.18356000
4.49679989	84.31348000
4.49699989	84.31348000
4.49719989	84.31348000
4.49739989	84.31348000
4.49759989	84.31348000
4.49779989	84.31348000
4.49799989	84.31348000
4.49819989	84.31348000
4.49839989	84.31348000
4.49859989	84.31348000
4.49879989	84.31348000
4.49899989	84.31348000
4.49919989	84.31348000
4.49939989	84.31348000
4.49959989	84.31348000
4.49979989	84.31348000
4.49999989	84.31348000
4.50019989	84.31348000
4.50039989	84.31348000
4.50059989	84.31348000
4.50079989	84.31348000
4.50099989	84.31348000
4.50119989	84.31348000
4.50139989	84.31348000
4.50159989	84.31348000
4.50179989	84.31348000
4.50199989	84.31348000
4.50219989	84.31348000
4.50239989	84.31348000
4.50259989	84.31348000
4.50279989	84.31348000
4.50299989	84.31348000
4.50319989	84.31348000
4.50339989	84.31348000
4.50359989	84.31348000
4.50379989	84.31348000
4.50399989	84.31348000
4.50419989	84.31348000
4.50439989	84.31348000
4.50459989	84.31348000
4.50479989	84.31348000
4.50499989	84.31348000
4.50519989	84.31348000
4.50539989	84.31348000
4.50559989	84.31348000
4.50579989	84.31348000
4.50599989	84.31348000
4.50619989	84.31348000
4.50639989	84.31348000
4.50659989	84.31348000
4.50679989	84.31348000
4.50699989	84.31348000
4.50719989	84.31348000
4.50739989	84.31348000
4.50759989	84.31348000
4.50779989	84.31348000
4.50799989	84.31348000
4.50819989	84.31348000
4.50839989	84.31348000
4.50859989	84.31348000
4.50879989	84.31348000
4.50899989	84.31348000
4.50919989	84.31348000
4.50939989	84.31348000
4.50959989	84.31348000
4.50979989	84.31348000
4.50999989	84.31348000
4.51019989	84.31348000
4.51039989	84.31348000
4.51059989	84.31348000
4.51079989	84.31348000
4.51099989	84.31348000
4.51119989	84.31348000
4.51139989	84.31348000
4.51159989	84.31348000
4.51179989	84.31348000
4.51199989	84.31348000
4.51219989	84.31348000
4.51239989	84.31348000
4.51259989	84.31348000
4.51279989	84.31348000
4.51299989	84.31348000
4.51319989	84.31348000
4.51339989	84.31348000
4.51359989	84.31348000
4.51379989	84.31348000
4.51399989	84.31348000
4.51419989	84.31348000
4.51439989	84.31348000
4.51459989	84.31348000
4.51479989	84.31348000
4.51499989	84.31348000
4.51519989	84.31348000
4.51539989	84.31348000
4.51559989	84.31348000
4.51579989	84.31348000
4.51599989	84.31348000
4.51619989	84.31348000
4.51639989	84.31348000
4.51659989	84.31348000
4.51679989	84.31348000
4.51699989	84.31348000
4.51719989	84.31348000
4.51739989	84.31348000
4.51759989	84.31348000
4.51779989	84.31348000
4.51799989	84.31348000
4.51819989	84.31348000
4.51839989	84.31348000
4.51859989	84.31348000
4.51879989	84.31348000
4.51899989	84.31348000
4.51919989	84.31348000
4.51939989	84.31348000
4.51959989	84.31348000
4.51979989	84.31348000
4.51999989	84.31348000
4.52019989	84.31348000
4.52039989	84.31348000
4.52059989	84.31348000
4.52079989	84.31348000
4.52099989	84.31348000
4.52119989	84.31348000
4.52139989	84.31348000
4.52159989	84.31348000
4.52179989	82.43725000
4.52199989	84.31348000
4.52219989	82.43725000
4.52239989	84.31348000
4.52259989	82.43725000
4.52279989	84.31348000
4.52299989	84.31348000
4.52319989	84.31348000
4.52339989	84.31348000
4.52359989	84.31348000
4.52379989	84.31348000
4.52399989	84.31348000
4.52419989	84.31348000
4.52439989	84.31348000
4.52459989	84.31348000
4.52479989	84.31348000
4.52499989	84.31348000
4.52519989	84.31348000
4.52539989	84.31348000
4.52559989	84.31348000
4.52579989	84.31348000
4.52599989	84.31348000
4.52619989	84.31348000
4.52639989	84.31348000
4.52659989	84.31348000
4.52679989	84.31348000
4.52699989	84.31348000
4.52719989	84.31348000
4.52739989	84.31348000
4.52759989	84.31348000
4.52779989	84.31348000
4.52799989	84.31348000
4.52819989	84.31348000
4.52839989	84.31348000
4.52859989	84.31348000
4.52879989	84.31348000
4.52899989	84.31348000
4.52919989	84.31348000
4.52939989	84.31348000
4.52959989	84.31348000
4.52979989	84.31348000
4.52999989	84.31348000
4.53019989	84.31348000
4.53039989	84.31348000
4.53059989	84.31348000
4.53079989	84.31348000
4.53099989	84.31348000
4.53119989	84.31348000
4.53139989	84.31348000
4.53159989	84.31348000
4.53179989	84.31348000
4.53199989	84.31348000
4.53219989	84.31348000
4.53239989	84.31348000
4.53259989	84.31348000
4.53279989	84.31348000
4.53299989	84.31348000
4.53319989	84.31348000
4.53339989	84.31348000
4.53359989	84.31348000
4.53379989	84.31348000
4.53399989	84.31348000
4.53419989	84.31348000
4.53439989	84.31348000
4.53459989	84.31348000
4.53479989	84.31348000
4.53499989	84.31348000
4.53519989	84.31348000
4.53539989	84.31348000
4.53559989	84.31348000
4.53579989	84.31348000
4.53599989	84.31348000
4.53619989	84.31348000
4.53639989	84.31348000
4.53659989	84.31348000
4.53679989	84.31348000
4.53699989	84.31348000
4.53719989	84.31348000
4.53739989	84.31348000
4.53759989	84.31348000
4.53779989	84.31348000
4.53799989	84.31348000
4.53819989	84.31348000
4.53839989	84.31348000
4.53859989	84.31348000
4.53879989	84.31348000
4.53899989	84.31348000
4.53919989	84.31348000
4.53939989	84.31348000
4.53959989	84.31348000
4.53979989	84.31348000
4.53999989	84.31348000
4.54019989	84.31348000
4.54039989	84.31348000
4.54059989	84.31348000
4.54079989	84.31348000
4.54099989	84.31348000
4.54119989	84.31348000
4.54139989	84.31348000
4.54159989	84.31348000
4.54179989	84.31348000
4.54199989	84.31348000
4.54219989	84.31348000
4.54239989	84.31348000
4.54259989	84.31348000
4.54279989	84.31348000
4.54299989	84.31348000
4.54319989	84.31348000
4.54339989	84.31348000
4.54359989	84.31348000
4.54379989	84.31348000
4.54399989	84.31348000
4.54419989	84.31348000
4.54439989	84.31348000
4.54459989	84.31348000
4.54479989	84.31348000
4.54499989	84.31348000
4.54519989	84.31348000
4.54539989	84.31348000
4.54559989	84.31348000
4.54579989	84.31348000
4.54599989	84.31348000
4.54619989	84.31348000
4.54639989	84.31348000
4.54659989	84.31348000
4.54679989	84.31348000
4.54699989	84.31348000
4.54719989	84.31348000
4.54739989	84.31348000
4.54759989	84.31348000
4.54779989	84.31348000
4.54799989	84.31348000
4.54819989	84.31348000
4.54839989	84.31348000
4.54859989	84.31348000
4.54879989	84.31348000
4.54899989	84.31348000
4.54919989	84.31348000
4.54939989	84.31348000
4.54959989	84.31348000
4.54979989	84.31348000
4.54999989	84.31348000
4.55019989	84.31348000
4.55039989	82.43725000
4.55059989	84.31348000
4.55079989	84.31348000
4.55099989	84.31348000
4.55119989	82.43725000
4.55139989	84.31348000
4.55159989	82.43725000
4.55179989	84.31348000
4.55199989	82.43725000
4.55219989	82.43725000
4.55239988	82.43725000
4.55259988	82.43725000
4.55279988	82.43725000
4.55299988	82.43725000
4.55319988	82.43725000
4.55339988	82.43725000
4.55359988	82.43725000
4.55379988	82.43725000
4.55399988	82.43725000
4.55419988	82.43725000
4.55439988	82.43725000
4.55459988	82.43725000
4.55479988	82.43725000
4.55499988	82.43725000
4.55519988	82.43725000
4.55539988	82.43725000
4.55559988	82.43725000
4.55579988	82.43725000
4.55599988	82.43725000
4.55619988	82.43725000
4.55639988	82.43725000
4.55659988	84.31348000
4.55679988	84.31348000
4.55699988	84.31348000
4.55719988	84.31348000
4.55739988	84.31348000
4.55759988	84.31348000
4.55779988	84.31348000
4.55799988	84.31348000
4.55819988	84.31348000
4.55839988	84.31348000
4.55859988	84.31348000
4.55879988	84.31348000
4.55899988	84.31348000
4.55919988	82.43725000
4.55939988	82.43725000
4.55959988	82.43725000
4.55979988	84.31348000
4.55999988	84.31348000
4.56019988	84.31348000
4.56039988	82.43725000
4.56059988	82.43725000
4.56079988	82.43725000
4.56099988	82.43725000
4.56119988	82.43725000
4.56139988	82.43725000
4.56159988	82.43725000
4.56179988	82.43725000
4.56199988	82.43725000
4.56219988	82.43725000
4.56239988	82.43725000
4.56259988	82.43725000
4.56279988	82.43725000
4.56299988	82.43725000
4.56319988	82.43725000
4.56339988	82.43725000
4.56359988	82.43725000
4.56379988	82.43725000
4.56399988	82.43725000
4.56419988	82.43725000
4.56439988	84.31348000
4.56459988	84.31348000
4.56479988	84.31348000
4.56499988	84.31348000
4.56519988	84.31348000
4.56539988	84.31348000
4.56559988	82.43725000
4.56579988	82.43725000
4.56599988	82.43725000
4.56619988	82.43725000
4.56639988	82.43725000
4.56659988	82.43725000
4.56679988	82.43725000
4.56699988	82.43725000
4.56719988	82.43725000
4.56739988	82.43725000
4.56759988	82.43725000
4.56779988	82.43725000
4.56799988	82.43725000
4.56819988	82.43725000
4.56839988	82.43725000
4.56859988	82.43725000
4.56879988	82.43725000
4.56899988	82.43725000
4.56919988	82.43725000
4.56939988	82.43725000
4.56959988	82.43725000
4.56979988	82.43725000
4.56999988	82.43725000
4.57019988	82.43725000
4.57039988	82.43725000
4.57059988	82.43725000
4.57079988	82.43725000
4.57099988	84.31348000
4.57119988	82.43725000
4.57139988	82.43725000
4.57159988	82.43725000
4.57179988	82.43725000
4.57199988	82.43725000
4.57219988	82.43725000
4.57239988	82.43725000
4.57259988	82.43725000
4.57279988	82.43725000
4.57299988	82.43725000
4.57319988	84.31348000
4.57339988	82.43725000
4.57359988	82.43725000
4.57379988	82.43725000
4.57399988	84.31348000
4.57419988	82.43725000
4.57439988	84.31348000
4.57459988	84.31348000
4.57479988	84.31348000
4.57499988	84.31348000
4.57519988	84.31348000
4.57539988	84.31348000
4.57559988	84.31348000
4.57579988	84.31348000
4.57599988	84.31348000
4.57619988	84.31348000
4.57639988	84.31348000
4.57659988	84.31348000
4.57679988	84.31348000
4.57699988	84.31348000
4.57719988	84.31348000
4.57739988	84.31348000
4.57759988	84.31348000
4.57779988	84.31348000
4.57799988	84.31348000
4.57819988	84.31348000
4.57839988	84.31348000
4.57859988	84.31348000
4.57879988	84.31348000
4.57899988	84.31348000
4.57919988	84.31348000
4.57939988	84.31348000
4.57959988	84.31348000
4.57979988	84.31348000
4.57999988	84.31348000
4.58019988	84.31348000
4.58039988	82.43725000
4.58059988	82.43725000
4.58079988	82.43725000
4.58099988	82.43725000
4.58119988	84.31348000
4.58139988	84.31348000
4.58159988	84.31348000
4.58179988	84.31348000
4.58199988	84.31348000
4.58219988	84.31348000
4.58239988	84.31348000
4.58259988	84.31348000
4.58279988	84.31348000
4.58299988	82.43725000
4.58319988	82.43725000
4.58339988	82.43725000
4.58359988	82.43725000
4.58379988	82.43725000
4.58399988	82.43725000
4.58419988	82.43725000
4.58439988	82.43725000
4.58459988	82.43725000
4.58479988	82.43725000
4.58499988	82.43725000
4.58519988	82.43725000
4.58539988	82.43725000
4.58559988	82.43725000
4.58579988	82.43725000
4.58599988	82.43725000
4.58619988	82.43725000
4.58639988	82.43725000
4.58659988	82.43725000
4.58679988	82.43725000
4.58699988	82.43725000
4.58719988	82.43725000
4.58739988	82.43725000
4.58759988	82.43725000
4.58779988	82.43725000
4.58799988	82.43725000
4.58819988	82.43725000
4.58839988	82.43725000
4.58859988	82.43725000
4.58879988	82.43725000
4.58899988	82.43725000
4.58919988	82.43725000
4.58939988	82.43725000
4.58959988	82.43725000
4.58979988	82.43725000
4.58999988	82.43725000
4.59019988	82.43725000
4.59039988	82.43725000
4.59059988	82.43725000
4.59079988	82.43725000
4.59099988	82.43725000
4.59119988	82.43725000
4.59139988	82.43725000
4.59159988	82.43725000
4.59179988	82.43725000
4.59199988	82.43725000
4.59219988	84.31348000
4.59239988	82.43725000
4.59259988	84.31348000
4.59279988	84.31348000
4.59299988	84.31348000
4.59319988	84.31348000
4.59339988	84.31348000
4.59359988	84.31348000
4.59379988	84.31348000
4.59399988	84.31348000
4.59419988	84.31348000
4.59439988	84.31348000
4.59459988	84.31348000
4.59479988	84.31348000
4.59499988	84.31348000
4.59519988	84.31348000
4.59539988	84.31348000
4.59559988	84.31348000
4.59579988	84.31348000
4.59599988	84.31348000
4.59619988	84.31348000
4.59639988	82.43725000
4.59659988	84.31348000
4.59679988	84.31348000
4.59699988	84.31348000
4.59719988	82.43725000
4.59739988	82.43725000
4.59759988	82.43725000
4.59779988	84.31348000
4.59799988	82.43725000
4.59819988	84.31348000
4.59839988	82.43725000
4.59859988	82.43725000
4.59879988	82.43725000
4.59899988	82.43725000
4.59919988	82.43725000
4.59939988	82.43725000
4.59959988	82.43725000
4.59979988	82.43725000
4.59999988	82.43725000
4.60019988	82.43725000
4.60039988	82.43725000
4.60059988	84.31348000
4.60079988	84.31348000
4.60099988	84.31348000
4.60119988	84.31348000
4.60139988	84.31348000
4.60159988	84.31348000
4.60179988	84.31348000
4.60199988	84.31348000
4.60219988	84.31348000
4.60239988	84.31348000
4.60259988	84.31348000
4.60279988	84.31348000
4.60299988	82.43725000
4.60319988	84.31348000
4.60339988	84.31348000
4.60359988	84.31348000
4.60379988	84.31348000
4.60399988	84.31348000
4.60419988	84.31348000
4.60439988	84.31348000
4.60459988	84.31348000
4.60479988	84.31348000
4.60499988	84.31348000
4.60519988	84.31348000
4.60539988	84.31348000
4.60559988	84.31348000
4.60579988	84.31348000
4.60599988	84.31348000
4.60619988	84.31348000
4.60639988	84.31348000
4.60659988	82.43725000
4.60679988	84.31348000
4.60699988	82.43725000
4.60719988	84.31348000
4.60739988	82.43725000
4.60759988	82.43725000
4.60779988	82.43725000
4.60799988	82.43725000
4.60819988	82.43725000
4.60839988	82.43725000
4.60859988	82.43725000
4.60879988	82.43725000
4.60899988	82.43725000
4.60919988	82.43725000
4.60939988	82.43725000
4.60959988	82.43725000
4.60979988	82.43725000
4.60999988	82.43725000
4.61019988	82.43725000
4.61039988	82.43725000
4.61059988	82.43725000
4.61079988	82.43725000
4.61099988	82.43725000
4.61119988	82.43725000
4.61139988	82.43725000
4.61159988	82.43725000
4.61179988	82.43725000
4.61199988	82.43725000
4.61219988	82.43725000
4.61239988	82.43725000
4.61259988	82.43725000
4.61279988	82.43725000
4.61299988	82.43725000
4.61319988	82.43725000
4.61339988	82.43725000
4.61359988	82.43725000
4.61379988	82.43725000
4.61399988	82.43725000
4.61419988	82.43725000
4.61439988	82.43725000
4.61459988	82.43725000
4.61479988	82.43725000
4.61499988	82.43725000
4.61519988	82.43725000
4.61539988	82.43725000
4.61559988	82.43725000
4.61579988	82.43725000
4.61599988	82.43725000
4.61619988	82.43725000
4.61639988	82.43725000
4.61659988	82.43725000
4.61679988	82.43725000
4.61699988	82.43725000
4.61719988	82.43725000
4.61739988	82.43725000
4.61759988	82.43725000
4.61779988	84.31348000
4.61799988	82.43725000
4.61819988	82.43725000
4.61839988	82.43725000
4.61859988	82.43725000
4.61879988	82.43725000
4.61899988	82.43725000
4.61919988	82.43725000
4.61939988	82.43725000
4.61959988	82.43725000
4.61979988	82.43725000
4.61999988	82.43725000
4.62019988	82.43725000
4.62039988	82.43725000
4.62059988	82.43725000
4.62079988	82.43725000
4.62099988	84.31348000
4.62119988	84.31348000
4.62139988	84.31348000
4.62159988	84.31348000
4.62179988	84.31348000
4.62199988	84.31348000
4.62219988	84.31348000
4.62239988	84.31348000
4.62259988	84.31348000
4.62279988	84.31348000
4.62299988	84.31348000
4.62319988	84.31348000
4.62339988	84.31348000
4.62359988	84.31348000
4.62379988	84.31348000
4.62399988	84.31348000
4.62419988	84.31348000
4.62439988	84.31348000
4.62459988	84.31348000
4.62479988	84.31348000
4.62499988	84.31348000
4.62519988	84.31348000
4.62539988	84.31348000
4.62559988	84.31348000
4.62579988	84.31348000
4.62599988	84.31348000
4.62619988	84.31348000
4.62639988	84.31348000
4.62659988	84.31348000
4.62679988	84.31348000
4.62699988	84.31348000
4.62719988	84.31348000
4.62739988	84.31348000
4.62759988	84.31348000
4.62779988	84.31348000
4.62799988	84.31348000
4.62819988	84.31348000
4.62839988	84.31348000
4.62859988	84.31348000
4.62879988	84.31348000
4.62899988	84.31348000
4.62919988	84.31348000
4.62939988	84.31348000
4.62959988	84.31348000
4.62979988	84.31348000
4.62999988	84.31348000
4.63019988	84.31348000
4.63039988	84.31348000
4.63059988	84.31348000
4.63079988	84.31348000
4.63099988	84.31348000
4.63119988	84.31348000
4.63139988	84.31348000
4.63159988	84.31348000
4.63179988	84.31348000
4.63199988	84.31348000
4.63219988	84.31348000
4.63239988	84.31348000
4.63259988	84.31348000
4.63279988	84.31348000
4.63299988	84.31348000
4.63319988	82.43725000
4.63339988	82.43725000
4.63359988	82.43725000
4.63379988	82.43725000
4.63399988	82.43725000
4.63419988	82.43725000
4.63439988	82.43725000
4.63459988	82.43725000
4.63479988	82.43725000
4.63499988	82.43725000
4.63519988	82.43725000
4.63539988	82.43725000
4.63559988	82.43725000
4.63579988	82.43725000
4.63599988	82.43725000
4.63619988	82.43725000
4.63639988	82.43725000
4.63659988	82.43725000
4.63679988	82.43725000
4.63699988	82.43725000
4.63719988	82.43725000
4.63739988	82.43725000
4.63759988	82.43725000
4.63779988	82.43725000
4.63799988	82.43725000
4.63819988	82.43725000
4.63839988	82.43725000
4.63859988	82.43725000
4.63879988	82.43725000
4.63899988	82.43725000
4.63919988	82.43725000
4.63939988	82.43725000
4.63959988	82.43725000
4.63979988	82.43725000
4.63999988	84.31348000
4.64019988	82.43725000
4.64039988	82.43725000
4.64059988	84.31348000
4.64079988	82.43725000
4.64099988	82.43725000
4.64119988	84.31348000
4.64139988	84.31348000
4.64159988	84.31348000
4.64179988	84.31348000
4.64199988	84.31348000
4.64219988	84.31348000
4.64239988	84.31348000
4.64259988	84.31348000
4.64279988	84.31348000
4.64299988	84.31348000
4.64319988	84.31348000
4.64339988	84.31348000
4.64359988	84.31348000
4.64379988	84.31348000
4.64399988	84.31348000
4.64419988	84.31348000
4.64439988	82.43725000
4.64459988	84.31348000
4.64479988	82.43725000
4.64499988	84.31348000
4.64519988	84.31348000
4.64539988	84.31348000
4.64559988	84.31348000
4.64579988	84.31348000
4.64599988	84.31348000
4.64619988	84.31348000
4.64639988	84.31348000
4.64659988	84.31348000
4.64679988	84.31348000
4.64699988	84.31348000
4.64719988	84.31348000
4.64739988	84.31348000
4.64759988	84.31348000
4.64779988	84.31348000
4.64799988	82.43725000
4.64819988	84.31348000
4.64839988	84.31348000
4.64859988	84.31348000
4.64879988	84.31348000
4.64899988	82.43725000
4.64919988	82.43725000
4.64939988	82.43725000
4.64959988	82.43725000
4.64979988	82.43725000
4.64999988	82.43725000
4.65019988	82.43725000
4.65039988	82.43725000
4.65059988	82.43725000
4.65079988	82.43725000
4.65099988	82.43725000
4.65119988	82.43725000
4.65139988	82.43725000
4.65159988	82.43725000
4.65179988	82.43725000
4.65199988	82.43725000
4.65219988	82.43725000
4.65239988	82.43725000
4.65259988	82.43725000
4.65279988	82.43725000
4.65299988	82.43725000
4.65319988	82.43725000
4.65339988	82.43725000
4.65359988	82.43725000
4.65379988	82.43725000
4.65399988	82.43725000
4.65419988	82.43725000
4.65439988	82.43725000
4.65459988	82.43725000
4.65479988	82.43725000
4.65499988	82.43725000
4.65519988	82.43725000
4.65539988	82.43725000
4.65559988	82.43725000
4.65579988	82.43725000
4.65599988	82.43725000
4.65619988	82.43725000
4.65639988	82.43725000
4.65659988	82.43725000
4.65679988	82.43725000
4.65699988	82.43725000
4.65719988	82.43725000
4.65739988	82.43725000
4.65759988	82.43725000
4.65779988	82.43725000
4.65799988	82.43725000
4.65819988	82.43725000
4.65839988	82.43725000
4.65859988	82.43725000
4.65879988	82.43725000
4.65899988	82.43725000
4.65919988	82.43725000
4.65939988	82.43725000
4.65959988	82.43725000
4.65979988	82.43725000
4.65999988	82.43725000
4.66019988	82.43725000
4.66039988	82.43725000
4.66059988	82.43725000
4.66079988	82.43725000
4.66099988	84.31348000
4.66119988	84.31348000
4.66139988	84.31348000
4.66159988	82.43725000
4.66179988	84.31348000
4.66199988	84.31348000
4.66219988	82.43725000
4.66239988	84.31348000
4.66259988	84.31348000
4.66279988	84.31348000
4.66299988	84.31348000
4.66319988	84.31348000
4.66339988	84.31348000
4.66359988	84.31348000
4.66379988	84.31348000
4.66399988	84.31348000
4.66419988	84.31348000
4.66439988	84.31348000
4.66459988	84.31348000
4.66479988	84.31348000
4.66499988	84.31348000
4.66519988	84.31348000
4.66539988	84.31348000
4.66559988	84.31348000
4.66579988	84.31348000
4.66599988	84.31348000
4.66619988	84.31348000
4.66639988	84.31348000
4.66659988	84.31348000
4.66679988	84.31348000
4.66699988	84.31348000
4.66719988	84.31348000
4.66739988	84.31348000
4.66759988	84.31348000
4.66779988	84.31348000
4.66799988	84.31348000
4.66819988	84.31348000
4.66839988	84.31348000
4.66859988	84.31348000
4.66879988	84.31348000
4.66899988	82.43725000
4.66919988	84.31348000
4.66939988	82.43725000
4.66959988	82.43725000
4.66979988	82.43725000
4.66999988	82.43725000
4.67019988	82.43725000
4.67039988	82.43725000
4.67059988	82.43725000
4.67079988	82.43725000
4.67099988	82.43725000
4.67119988	82.43725000
4.67139988	82.43725000
4.67159988	82.43725000
4.67179988	82.43725000
4.67199988	82.43725000
4.67219988	82.43725000
4.67239988	82.43725000
4.67259988	82.43725000
4.67279988	82.43725000
4.67299988	82.43725000
4.67319988	82.43725000
4.67339988	82.43725000
4.67359988	82.43725000
4.67379988	82.43725000
4.67399988	82.43725000
4.67419988	82.43725000
4.67439988	82.43725000
4.67459988	82.43725000
4.67479988	82.43725000
4.67499988	82.43725000
4.67519988	82.43725000
4.67539988	82.43725000
4.67559988	82.43725000
4.67579988	82.43725000
4.67599988	82.43725000
4.67619988	82.43725000
4.67639988	82.43725000
4.67659988	82.43725000
4.67679988	82.43725000
4.67699988	82.43725000
4.67719988	84.31348000
4.67739988	84.31348000
4.67759988	84.31348000
4.67779988	82.43725000
4.67799988	82.43725000
4.67819988	84.31348000
4.67839988	84.31348000
4.67859988	82.43725000
4.67879988	82.43725000
4.67899988	82.43725000
4.67919988	84.31348000
4.67939988	82.43725000
4.67959988	82.43725000
4.67979988	82.43725000
4.67999988	82.43725000
4.68019988	84.31348000
4.68039988	84.31348000
4.68059988	82.43725000
4.68079988	84.31348000
4.68099988	84.31348000
4.68119988	82.43725000
4.68139988	84.31348000
4.68159988	82.43725000
4.68179988	82.43725000
4.68199988	82.43725000
4.68219988	82.43725000
4.68239988	82.43725000
4.68259988	82.43725000
4.68279988	82.43725000
4.68299988	84.31348000
4.68319988	82.43725000
4.68339988	82.43725000
4.68359988	82.43725000
4.68379988	82.43725000
4.68399988	82.43725000
4.68419988	82.43725000
4.68439988	82.43725000
4.68459988	82.43725000
4.68479988	82.43725000
4.68499988	82.43725000
4.68519988	82.43725000
4.68539988	82.43725000
4.68559988	82.43725000
4.68579988	82.43725000
4.68599988	82.43725000
4.68619988	82.43725000
4.68639988	82.43725000
4.68659988	82.43725000
4.68679988	82.43725000
4.68699988	82.43725000
4.68719988	82.43725000
4.68739988	82.43725000
4.68759988	82.43725000
4.68779988	82.43725000
4.68799988	82.43725000
4.68819988	82.43725000
4.68839988	82.43725000
4.68859988	82.43725000
4.68879988	82.43725000
4.68899988	82.43725000
4.68919988	82.43725000
4.68939988	82.43725000
4.68959988	80.56717000
4.68979988	82.43725000
4.68999988	82.43725000
4.69019988	82.43725000
4.69039988	82.43725000
4.69059988	82.43725000
4.69079988	82.43725000
4.69099988	82.43725000
4.69119988	82.43725000
4.69139988	82.43725000
4.69159988	82.43725000
4.69179988	82.43725000
4.69199988	82.43725000
4.69219988	82.43725000
4.69239988	82.43725000
4.69259988	82.43725000
4.69279988	82.43725000
4.69299988	82.43725000
4.69319988	82.43725000
4.69339988	82.43725000
4.69359988	82.43725000
4.69379988	82.43725000
4.69399988	82.43725000
4.69419988	82.43725000
4.69439988	82.43725000
4.69459988	82.43725000
4.69479988	82.43725000
4.69499988	82.43725000
4.69519988	82.43725000
4.69539988	82.43725000
4.69559988	82.43725000
4.69579988	82.43725000
4.69599988	82.43725000
4.69619988	82.43725000
4.69639988	82.43725000
4.69659988	82.43725000
4.69679988	82.43725000
4.69699988	82.43725000
4.69719988	82.43725000
4.69739988	82.43725000
4.69759988	82.43725000
4.69779988	82.43725000
4.69799988	82.43725000
4.69819988	82.43725000
4.69839988	82.43725000
4.69859988	82.43725000
4.69879988	82.43725000
4.69899988	82.43725000
4.69919988	82.43725000
4.69939988	82.43725000
4.69959988	82.43725000
4.69979988	82.43725000
4.69999988	82.43725000
4.70019988	82.43725000
4.70039988	82.43725000
4.70059988	82.43725000
4.70079988	82.43725000
4.70099988	82.43725000
4.70119988	82.43725000
4.70139988	82.43725000
4.70159988	82.43725000
4.70179988	82.43725000
4.70199988	82.43725000
4.70219988	82.43725000
4.70239988	82.43725000
4.70259988	82.43725000
4.70279988	82.43725000
4.70299988	82.43725000
4.70319988	82.43725000
4.70339988	82.43725000
4.70359988	82.43725000
4.70379988	82.43725000
4.70399988	82.43725000
4.70419988	82.43725000
4.70439988	82.43725000
4.70459988	82.43725000
4.70479988	82.43725000
4.70499988	82.43725000
4.70519988	82.43725000
4.70539988	82.43725000
4.70559988	82.43725000
4.70579988	82.43725000
4.70599988	82.43725000
4.70619988	82.43725000
4.70639988	82.43725000
4.70659988	82.43725000
4.70679988	82.43725000
4.70699988	82.43725000
4.70719988	82.43725000
4.70739988	82.43725000
4.70759988	82.43725000
4.70779988	82.43725000
4.70799988	82.43725000
4.70819988	82.43725000
4.70839988	82.43725000
4.70859988	82.43725000
4.70879988	82.43725000
4.70899988	82.43725000
4.70919988	82.43725000
4.70939988	80.56717000
4.70959988	82.43725000
4.70979988	80.56717000
4.70999988	80.56717000
4.71019988	80.56717000
4.71039988	80.56717000
4.71059988	80.56717000
4.71079988	80.56717000
4.71099988	80.56717000
4.71119988	82.43725000
4.71139988	80.56717000
4.71159988	82.43725000
4.71179988	82.43725000
4.71199988	82.43725000
4.71219988	82.43725000
4.71239988	82.43725000
4.71259988	82.43725000
4.71279988	82.43725000
4.71299988	82.43725000
4.71319988	82.43725000
4.71339988	82.43725000
4.71359988	82.43725000
4.71379988	82.43725000
4.71399988	82.43725000
4.71419988	82.43725000
4.71439988	82.43725000
4.71459988	82.43725000
4.71479988	82.43725000
4.71499988	82.43725000
4.71519988	82.43725000
4.71539988	82.43725000
4.71559988	82.43725000
4.71579988	82.43725000
4.71599988	82.43725000
4.71619988	82.43725000
4.71639988	82.43725000
4.71659988	82.43725000
4.71679988	82.43725000
4.71699988	82.43725000
4.71719988	82.43725000
4.71739988	82.43725000
4.71759988	82.43725000
4.71779988	82.43725000
4.71799988	82.43725000
4.71819988	82.43725000
4.71839988	82.43725000
4.71859988	82.43725000
4.71879988	82.43725000
4.71899988	82.43725000
4.71919988	82.43725000
4.71939988	82.43725000
4.71959988	82.43725000
4.71979988	82.43725000
4.71999988	82.43725000
4.72019988	82.43725000
4.72039988	82.43725000
4.72059988	82.43725000
4.72079988	82.43725000
4.72099988	82.43725000
4.72119988	82.43725000
4.72139988	82.43725000
4.72159988	84.31348000
4.72179988	82.43725000
4.72199988	82.43725000
4.72219988	82.43725000
4.72239988	82.43725000
4.72259988	82.43725000
4.72279988	82.43725000
4.72299988	82.43725000
4.72319988	82.43725000
4.72339988	82.43725000
4.72359988	82.43725000
4.72379988	84.31348000
4.72399988	84.31348000
4.72419988	84.31348000
4.72439988	84.31348000
4.72459988	84.31348000
4.72479988	84.31348000
4.72499988	84.31348000
4.72519988	84.31348000
4.72539988	84.31348000
4.72559988	84.31348000
4.72579988	84.31348000
4.72599988	84.31348000
4.72619988	84.31348000
4.72639988	84.31348000
4.72659988	84.31348000
4.72679988	84.31348000
4.72699988	84.31348000
4.72719988	84.31348000
4.72739988	84.31348000
4.72759988	84.31348000
4.72779988	84.31348000
4.72799988	82.43725000
4.72819988	82.43725000
4.72839988	82.43725000
4.72859988	80.56717000
4.72879988	80.56717000
4.72899988	80.56717000
4.72919988	80.56717000
4.72939988	80.56717000
4.72959988	82.43725000
4.72979988	82.43725000
4.72999988	82.43725000
4.73019988	82.43725000
4.73039988	82.43725000
4.73059988	82.43725000
4.73079988	82.43725000
4.73099988	80.56717000
4.73119988	80.56717000
4.73139988	80.56717000
4.73159988	80.56717000
4.73179988	80.56717000
4.73199988	80.56717000
4.73219988	80.56717000
4.73239988	80.56717000
4.73259988	80.56717000
4.73279988	80.56717000
4.73299988	80.56717000
4.73319988	82.43725000
4.73339988	82.43725000
4.73359988	82.43725000
4.73379988	82.43725000
4.73399988	82.43725000
4.73419988	80.56717000
4.73439988	80.56717000
4.73459988	80.56717000
4.73479988	82.43725000
4.73499988	82.43725000
4.73519988	82.43725000
4.73539988	82.43725000
4.73559988	82.43725000
4.73579988	82.43725000
4.73599988	82.43725000
4.73619988	84.31348000
4.73639988	84.31348000
4.73659988	84.31348000
4.73679988	84.31348000
4.73699988	84.31348000
4.73719988	84.31348000
4.73739988	84.31348000
4.73759988	84.31348000
4.73779988	84.31348000
4.73799988	84.31348000
4.73819988	84.31348000
4.73839988	84.31348000
4.73859988	84.31348000
4.73879988	84.31348000
4.73899988	84.31348000
4.73919988	84.31348000
4.73939988	84.31348000
4.73959988	84.31348000
4.73979988	84.31348000
4.73999988	84.31348000
4.74019988	84.31348000
4.74039988	82.43725000
4.74059988	82.43725000
4.74079988	82.43725000
4.74099988	82.43725000
4.74119988	80.56717000
4.74139988	80.56717000
4.74159988	80.56717000
4.74179988	80.56717000
4.74199988	80.56717000
4.74219988	80.56717000
4.74239988	80.56717000
4.74259988	80.56717000
4.74279988	80.56717000
4.74299988	82.43725000
4.74319988	82.43725000
4.74339988	82.43725000
4.74359988	82.43725000
4.74379988	82.43725000
4.74399988	80.56717000
4.74419988	80.56717000
4.74439988	78.69094000
4.74459988	80.56717000
4.74479988	80.56717000
4.74499988	80.56717000
4.74519988	80.56717000
4.74539988	80.56717000
4.74559988	80.56717000
4.74579988	80.56717000
4.74599988	80.56717000
4.74619988	80.56717000
4.74639988	80.56717000
4.74659988	82.43725000
4.74679988	82.43725000
4.74699988	80.56717000
4.74719988	80.56717000
4.74739988	80.56717000
4.74759988	80.56717000
4.74779988	80.56717000
4.74799988	82.43725000
4.74819988	82.43725000
4.74839988	82.43725000
4.74859988	82.43725000
4.74879988	84.31348000
4.74899988	82.43725000
4.74919988	84.31348000
4.74939988	84.31348000
4.74959988	84.31348000
4.74979988	84.31348000
4.74999988	84.31348000
4.75019988	84.31348000
4.75039988	82.43725000
4.75059988	82.43725000
4.75079988	82.43725000
4.75099988	80.56717000
4.75119988	80.56717000
4.75139988	82.43725000
4.75159988	82.43725000
4.75179988	82.43725000
4.75199988	82.43725000
4.75219988	82.43725000
4.75239988	82.43725000
4.75259988	82.43725000
4.75279988	82.43725000
4.75299988	82.43725000
4.75319988	82.43725000
4.75339988	82.43725000
4.75359988	82.43725000
4.75379988	84.31348000
4.75399988	82.43725000
4.75419988	82.43725000
4.75439988	82.43725000
4.75459988	84.31348000
4.75479988	84.31348000
4.75499988	84.31348000
4.75519988	84.31348000
4.75539988	84.31348000
4.75559988	84.31348000
4.75579988	84.31348000
4.75599988	82.43725000
4.75619988	82.43725000
4.75639988	82.43725000
4.75659988	82.43725000
4.75679988	80.56717000
4.75699988	80.56717000
4.75719988	80.56717000
4.75739988	80.56717000
4.75759988	80.56717000
4.75779988	80.56717000
4.75799988	82.43725000
4.75819988	82.43725000
4.75839988	82.43725000
4.75859988	82.43725000
4.75879988	82.43725000
4.75899988	82.43725000
4.75919988	82.43725000
4.75939988	80.56717000
4.75959988	82.43725000
4.75979988	82.43725000
4.75999988	82.43725000
4.76019988	82.43725000
4.76039988	82.43725000
4.76059988	82.43725000
4.76079988	80.56717000
4.76099988	82.43725000
4.76119988	82.43725000
4.76139988	82.43725000
4.76159988	84.31348000
4.76179988	82.43725000
4.76199988	80.56717000
4.76219988	80.56717000
4.76239988	78.69094000
4.76259988	78.69094000
4.76279988	80.56717000
4.76299988	80.56717000
4.76319988	80.56717000
4.76339988	80.56717000
4.76359988	80.56717000
4.76379988	80.56717000
4.76399988	80.56717000
4.76419988	80.56717000
4.76439988	82.43725000
4.76459988	84.31348000
4.76479988	84.31348000
4.76499988	84.31348000
4.76519988	84.31348000
4.76539988	84.31348000
4.76559988	84.31348000
4.76579988	84.31348000
4.76599988	84.31348000
4.76619988	84.31348000
4.76639988	86.18356000
4.76659988	84.31348000
4.76679988	84.31348000
4.76699988	84.31348000
4.76719988	84.31348000
4.76739988	84.31348000
4.76759988	84.31348000
4.76779988	84.31348000
4.76799988	84.31348000
4.76819988	84.31348000
4.76839988	82.43725000
4.76859988	82.43725000
4.76879988	82.43725000
4.76899988	82.43725000
4.76919988	82.43725000
4.76939988	82.43725000
4.76959988	84.31348000
4.76979988	84.31348000
4.76999988	82.43725000
4.77019988	82.43725000
4.77039988	82.43725000
4.77059988	82.43725000
4.77079988	82.43725000
4.77099988	84.31348000
4.77119988	84.31348000
4.77139988	84.31348000
4.77159988	84.31348000
4.77179988	84.31348000
4.77199988	84.31348000
4.77219988	82.43725000
4.77239988	82.43725000
4.77259988	84.31348000
4.77279988	82.43725000
4.77299988	82.43725000
4.77319988	82.43725000
4.77339988	80.56717000
4.77359988	80.56717000
4.77379988	82.43725000
4.77399988	82.43725000
4.77419988	82.43725000
4.77439988	82.43725000
4.77459988	82.43725000
4.77479988	82.43725000
4.77499988	80.56717000
4.77519988	82.43725000
4.77539988	80.56717000
4.77559988	82.43725000
4.77579988	82.43725000
4.77599988	82.43725000
4.77619988	80.56717000
4.77639988	80.56717000
4.77659988	80.56717000
4.77679988	82.43725000
4.77699988	82.43725000
4.77719988	84.31348000
4.77739988	84.31348000
4.77759988	84.31348000
4.77779988	84.31348000
4.77799988	82.43725000
4.77819988	84.31348000
4.77839988	82.43725000
4.77859988	82.43725000
4.77879988	82.43725000
4.77899988	82.43725000
4.77919988	82.43725000
4.77939988	82.43725000
4.77959988	82.43725000
4.77979988	82.43725000
4.77999988	82.43725000
4.78019988	82.43725000
4.78039988	82.43725000
4.78059988	82.43725000
4.78079988	82.43725000
4.78099988	82.43725000
4.78119988	82.43725000
4.78139988	82.43725000
4.78159988	82.43725000
4.78179988	80.56717000
4.78199988	80.56717000
4.78219988	80.56717000
4.78239988	82.43725000
4.78259988	82.43725000
4.78279988	82.43725000
4.78299988	82.43725000
4.78319988	82.43725000
4.78339988	82.43725000
4.78359988	82.43725000
4.78379988	82.43725000
4.78399988	82.43725000
4.78419988	82.43725000
4.78439988	82.43725000
4.78459988	82.43725000
4.78479988	82.43725000
4.78499988	82.43725000
4.78519988	82.43725000
4.78539988	82.43725000
4.78559988	82.43725000
4.78579988	82.43725000
4.78599988	84.31348000
4.78619988	82.43725000
4.78639988	82.43725000
4.78659988	84.31348000
4.78679988	84.31348000
4.78699988	82.43725000
4.78719988	82.43725000
4.78739988	82.43725000
4.78759988	82.43725000
4.78779988	82.43725000
4.78799988	82.43725000
4.78819988	82.43725000
4.78839988	84.31348000
4.78859988	84.31348000
4.78879988	84.31348000
4.78899988	84.31348000
4.78919988	84.31348000
4.78939988	84.31348000
4.78959988	84.31348000
4.78979988	84.31348000
4.78999988	84.31348000
4.79019988	84.31348000
4.79039988	84.31348000
4.79059988	84.31348000
4.79079988	84.31348000
4.79099988	84.31348000
4.79119988	84.31348000
4.79139988	84.31348000
4.79159988	84.31348000
4.79179988	82.43725000
4.79199988	82.43725000
4.79219988	82.43725000
4.79239988	82.43725000
4.79259988	82.43725000
4.79279988	82.43725000
4.79299988	82.43725000
4.79319988	82.43725000
4.79339988	80.56717000
4.79359988	80.56717000
4.79379988	80.56717000
4.79399988	80.56717000
4.79419988	82.43725000
4.79439988	82.43725000
4.79459988	82.43725000
4.79479988	82.43725000
4.79499988	82.43725000
4.79519988	82.43725000
4.79539988	82.43725000
4.79559988	82.43725000
4.79579988	82.43725000
4.79599988	82.43725000
4.79619988	82.43725000
4.79639988	82.43725000
4.79659988	82.43725000
4.79679988	82.43725000
4.79699988	82.43725000
4.79719988	82.43725000
4.79739988	82.43725000
4.79759988	82.43725000
4.79779988	82.43725000
4.79799988	82.43725000
4.79819988	82.43725000
4.79839988	82.43725000
4.79859988	82.43725000
4.79879988	80.56717000
4.79899988	80.56717000
4.79919988	80.56717000
4.79939988	80.56717000
4.79959988	80.56717000
4.79979988	80.56717000
4.79999988	80.56717000
4.80019988	82.43725000
4.80039988	80.56717000
4.80059988	82.43725000
4.80079988	80.56717000
4.80099988	80.56717000
4.80119988	82.43725000
4.80139988	82.43725000
4.80159988	82.43725000
4.80179988	82.43725000
4.80199988	82.43725000
4.80219988	82.43725000
4.80239988	80.56717000
4.80259988	80.56717000
4.80279988	80.56717000
4.80299988	80.56717000
4.80319988	82.43725000
4.80339988	82.43725000
4.80359988	82.43725000
4.80379988	82.43725000
4.80399988	82.43725000
4.80419988	82.43725000
4.80439988	82.43725000
4.80459988	82.43725000
4.80479988	82.43725000
4.80499988	82.43725000
4.80519988	82.43725000
4.80539988	84.31348000
4.80559988	84.31348000
4.80579988	84.31348000
4.80599988	84.31348000
4.80619988	84.31348000
4.80639988	84.31348000
4.80659988	84.31348000
4.80679988	84.31348000
4.80699988	84.31348000
4.80719988	84.31348000
4.80739988	84.31348000
4.80759988	84.31348000
4.80779988	84.31348000
4.80799988	84.31348000
4.80819988	84.31348000
4.80839988	84.31348000
4.80859988	84.31348000
4.80879988	84.31348000
4.80899988	84.31348000
4.80919988	84.31348000
4.80939988	84.31348000
4.80959988	84.31348000
4.80979988	82.43725000
4.80999988	84.31348000
4.81019988	82.43725000
4.81039988	82.43725000
4.81059988	82.43725000
4.81079988	82.43725000
4.81099988	82.43725000
4.81119988	82.43725000
4.81139988	82.43725000
4.81159988	82.43725000
4.81179988	82.43725000
4.81199988	82.43725000
4.81219988	82.43725000
4.81239988	82.43725000
4.81259988	82.43725000
4.81279988	82.43725000
4.81299988	82.43725000
4.81319988	82.43725000
4.81339988	82.43725000
4.81359988	82.43725000
4.81379988	82.43725000
4.81399988	80.56717000
4.81419988	80.56717000
4.81439988	80.56717000
4.81459988	80.56717000
4.81479988	80.56717000
4.81499988	80.56717000
4.81519988	80.56717000
4.81539988	82.43725000
4.81559988	80.56717000
4.81579988	80.56717000
4.81599988	82.43725000
4.81619988	82.43725000
4.81639988	82.43725000
4.81659988	82.43725000
4.81679988	82.43725000
4.81699988	82.43725000
4.81719988	82.43725000
4.81739988	80.56717000
4.81759988	80.56717000
4.81779988	80.56717000
4.81799988	80.56717000
4.81819988	80.56717000
4.81839988	80.56717000
4.81859988	82.43725000
4.81879988	82.43725000
4.81899988	82.43725000
4.81919988	82.43725000
4.81939988	82.43725000
4.81959988	82.43725000
4.81979988	82.43725000
4.81999988	82.43725000
4.82019988	82.43725000
4.82039988	82.43725000
4.82059988	82.43725000
4.82079988	82.43725000
4.82099988	82.43725000
4.82119988	82.43725000
4.82139988	82.43725000
4.82159988	82.43725000
4.82179988	82.43725000
4.82199988	82.43725000
4.82219988	82.43725000
4.82239988	84.31348000
4.82259988	84.31348000
4.82279988	84.31348000
4.82299988	84.31348000
4.82319988	84.31348000
4.82339988	84.31348000
4.82359988	82.43725000
4.82379988	82.43725000
4.82399988	82.43725000
4.82419988	82.43725000
4.82439988	82.43725000
4.82459988	82.43725000
4.82479988	82.43725000
4.82499988	82.43725000
4.82519988	84.31348000
4.82539988	84.31348000
4.82559988	84.31348000
4.82579988	84.31348000
4.82599988	84.31348000
4.82619988	84.31348000
4.82639988	84.31348000
4.82659988	84.31348000
4.82679988	84.31348000
4.82699988	82.43725000
4.82719988	82.43725000
4.82739988	82.43725000
4.82759988	82.43725000
4.82779988	82.43725000
4.82799988	82.43725000
4.82819988	82.43725000
4.82839988	82.43725000
4.82859988	82.43725000
4.82879988	84.31348000
4.82899988	82.43725000
4.82919988	82.43725000
4.82939988	82.43725000
4.82959988	82.43725000
4.82979988	82.43725000
4.82999988	80.56717000
4.83019988	80.56717000
4.83039988	80.56717000
4.83059988	80.56717000
4.83079988	80.56717000
4.83099988	80.56717000
4.83119988	80.56717000
4.83139988	80.56717000
4.83159988	82.43725000
4.83179988	82.43725000
4.83199988	82.43725000
4.83219988	82.43725000
4.83239988	82.43725000
4.83259988	82.43725000
4.83279988	82.43725000
4.83299988	80.56717000
4.83319988	80.56717000
4.83339988	80.56717000
4.83359988	80.56717000
4.83379988	80.56717000
4.83399988	80.56717000
4.83419988	80.56717000
4.83439988	80.56717000
4.83459988	82.43725000
4.83479988	82.43725000
4.83499988	82.43725000
4.83519988	82.43725000
4.83539988	82.43725000
4.83559988	82.43725000
4.83579988	82.43725000
4.83599988	82.43725000
4.83619988	82.43725000
4.83639988	82.43725000
4.83659988	82.43725000
4.83679988	80.56717000
4.83699988	80.56717000
4.83719988	80.56717000
4.83739988	82.43725000
4.83759988	82.43725000
4.83779988	82.43725000
4.83799988	82.43725000
4.83819988	82.43725000
4.83839988	82.43725000
4.83859988	82.43725000
4.83879988	82.43725000
4.83899988	82.43725000
4.83919988	82.43725000
4.83939988	82.43725000
4.83959988	82.43725000
4.83979988	82.43725000
4.83999988	82.43725000
4.84019988	82.43725000
4.84039988	82.43725000
4.84059988	82.43725000
4.84079988	82.43725000
4.84099988	82.43725000
4.84119988	82.43725000
4.84139988	84.31348000
4.84159988	84.31348000
4.84179988	82.43725000
4.84199988	82.43725000
4.84219988	82.43725000
4.84239988	82.43725000
4.84259988	82.43725000
4.84279988	82.43725000
4.84299988	82.43725000
4.84319988	82.43725000
4.84339988	82.43725000
4.84359988	82.43725000
4.84379988	82.43725000
4.84399988	82.43725000
4.84419988	82.43725000
4.84439988	84.31348000
4.84459988	82.43725000
4.84479988	82.43725000
4.84499988	82.43725000
4.84519988	82.43725000
4.84539988	82.43725000
4.84559988	82.43725000
4.84579988	82.43725000
4.84599988	82.43725000
4.84619988	82.43725000
4.84639988	82.43725000
4.84659988	82.43725000
4.84679988	82.43725000
4.84699988	82.43725000
4.84719988	84.31348000
4.84739988	84.31348000
4.84759988	82.43725000
4.84779988	82.43725000
4.84799988	82.43725000
4.84819988	82.43725000
4.84839988	82.43725000
4.84859988	82.43725000
4.84879988	82.43725000
4.84899988	82.43725000
4.84919988	82.43725000
4.84939988	82.43725000
4.84959988	82.43725000
4.84979988	82.43725000
4.84999988	82.43725000
4.85019988	80.56717000
4.85039988	80.56717000
4.85059988	80.56717000
4.85079988	80.56717000
4.85099988	80.56717000
4.85119988	80.56717000
4.85139988	80.56717000
4.85159988	80.56717000
4.85179988	80.56717000
4.85199988	80.56717000
4.85219988	80.56717000
4.85239988	80.56717000
4.85259988	80.56717000
4.85279988	80.56717000
4.85299988	80.56717000
4.85319988	80.56717000
4.85339988	80.56717000
4.85359988	80.56717000
4.85379988	80.56717000
4.85399988	80.56717000
4.85419988	80.56717000
4.85439988	80.56717000
4.85459988	80.56717000
4.85479988	80.56717000
4.85499988	80.56717000
4.85519988	80.56717000
4.85539988	82.43725000
4.85559988	82.43725000
4.85579988	82.43725000
4.85599988	82.43725000
4.85619988	82.43725000
4.85639988	82.43725000
4.85659988	82.43725000
4.85679988	82.43725000
4.85699988	82.43725000
4.85719988	82.43725000
4.85739988	82.43725000
4.85759988	82.43725000
4.85779988	82.43725000
4.85799988	82.43725000
4.85819988	82.43725000
4.85839988	82.43725000
4.85859988	82.43725000
4.85879988	82.43725000
4.85899988	82.43725000
4.85919988	82.43725000
4.85939988	82.43725000
4.85959988	82.43725000
4.85979988	82.43725000
4.85999988	82.43725000
4.86019988	82.43725000
4.86039988	82.43725000
4.86059988	82.43725000
4.86079988	82.43725000
4.86099988	82.43725000
4.86119988	82.43725000
4.86139988	82.43725000
4.86159988	82.43725000
4.86179988	82.43725000
4.86199988	82.43725000
4.86219988	82.43725000
4.86239988	82.43725000
4.86259988	82.43725000
4.86279988	82.43725000
4.86299988	82.43725000
4.86319988	82.43725000
4.86339988	82.43725000
4.86359988	82.43725000
4.86379988	82.43725000
4.86399988	82.43725000
4.86419988	82.43725000
4.86439988	82.43725000
4.86459988	82.43725000
4.86479988	82.43725000
4.86499988	82.43725000
4.86519988	82.43725000
4.86539988	82.43725000
4.86559988	82.43725000
4.86579988	82.43725000
4.86599988	82.43725000
4.86619988	82.43725000
4.86639988	82.43725000
4.86659988	82.43725000
4.86679988	82.43725000
4.86699988	82.43725000
4.86719988	82.43725000
4.86739988	82.43725000
4.86759988	82.43725000
4.86779988	82.43725000
4.86799988	80.56717000
4.86819988	80.56717000
4.86839988	82.43725000
4.86859988	82.43725000
4.86879988	82.43725000
4.86899988	82.43725000
4.86919988	82.43725000
4.86939988	82.43725000
4.86959988	80.56717000
4.86979988	82.43725000
4.86999988	80.56717000
4.87019988	80.56717000
4.87039988	80.56717000
4.87059988	80.56717000
4.87079988	80.56717000
4.87099988	80.56717000
4.87119988	80.56717000
4.87139988	80.56717000
4.87159988	80.56717000
4.87179988	80.56717000
4.87199988	80.56717000
4.87219988	82.43725000
4.87239988	82.43725000
4.87259988	82.43725000
4.87279988	82.43725000
4.87299988	82.43725000
4.87319988	82.43725000
4.87339988	82.43725000
4.87359988	82.43725000
4.87379988	82.43725000
4.87399988	82.43725000
4.87419988	82.43725000
4.87439988	82.43725000
4.87459988	82.43725000
4.87479988	82.43725000
4.87499988	82.43725000
4.87519988	82.43725000
4.87539988	82.43725000
4.87559988	82.43725000
4.87579988	82.43725000
4.87599988	82.43725000
4.87619988	82.43725000
4.87639988	82.43725000
4.87659988	82.43725000
4.87679988	82.43725000
4.87699988	82.43725000
4.87719988	82.43725000
4.87739988	82.43725000
4.87759988	82.43725000
4.87779988	82.43725000
4.87799988	82.43725000
4.87819988	82.43725000
4.87839988	82.43725000
4.87859988	82.43725000
4.87879988	82.43725000
4.87899988	82.43725000
4.87919988	82.43725000
4.87939988	82.43725000
4.87959988	82.43725000
4.87979988	82.43725000
4.87999988	80.56717000
4.88019988	80.56717000
4.88039988	80.56717000
4.88059988	80.56717000
4.88079988	80.56717000
4.88099988	80.56717000
4.88119988	80.56717000
4.88139988	82.43725000
4.88159988	80.56717000
4.88179988	82.43725000
4.88199988	80.56717000
4.88219988	82.43725000
4.88239988	82.43725000
4.88259988	82.43725000
4.88279988	80.56717000
4.88299988	80.56717000
4.88319988	82.43725000
4.88339988	82.43725000
4.88359988	82.43725000
4.88379988	82.43725000
4.88399988	82.43725000
4.88419988	82.43725000
4.88439988	82.43725000
4.88459988	82.43725000
4.88479988	82.43725000
4.88499988	82.43725000
4.88519988	82.43725000
4.88539988	82.43725000
4.88559988	82.43725000
4.88579988	82.43725000
4.88599988	82.43725000
4.88619988	82.43725000
4.88639988	82.43725000
4.88659988	82.43725000
4.88679988	82.43725000
4.88699988	82.43725000
4.88719988	82.43725000
4.88739988	82.43725000
4.88759988	82.43725000
4.88779988	82.43725000
4.88799988	82.43725000
4.88819988	82.43725000
4.88839988	82.43725000
4.88859988	82.43725000
4.88879988	82.43725000
4.88899988	82.43725000
4.88919988	82.43725000
4.88939988	80.56717000
4.88959988	80.56717000
4.88979988	80.56717000
4.88999988	80.56717000
4.89019988	80.56717000
4.89039988	80.56717000
4.89059988	80.56717000
4.89079988	80.56717000
4.89099988	80.56717000
4.89119988	80.56717000
4.89139988	80.56717000
4.89159988	80.56717000
4.89179988	80.56717000
4.89199988	80.56717000
4.89219988	80.56717000
4.89239988	80.56717000
4.89259988	80.56717000
4.89279988	80.56717000
4.89299988	80.56717000
4.89319988	80.56717000
4.89339988	80.56717000
4.89359988	80.56717000
4.89379988	80.56717000
4.89399988	80.56717000
4.89419988	82.43725000
4.89439988	82.43725000
4.89459988	82.43725000
4.89479988	82.43725000
4.89499988	82.43725000
4.89519988	82.43725000
4.89539988	82.43725000
4.89559988	82.43725000
4.89579988	82.43725000
4.89599988	82.43725000
4.89619988	82.43725000
4.89639988	82.43725000
4.89659988	82.43725000
4.89679988	82.43725000
4.89699988	82.43725000
4.89719988	82.43725000
4.89739988	82.43725000
4.89759988	82.43725000
4.89779988	82.43725000
4.89799988	82.43725000
4.89819988	82.43725000
4.89839988	82.43725000
4.89859988	82.43725000
4.89879988	82.43725000
4.89899988	82.43725000
4.89919988	82.43725000
4.89939988	82.43725000
4.89959988	82.43725000
4.89979988	82.43725000
4.89999988	82.43725000
4.90019988	82.43725000
4.90039988	82.43725000
4.90059988	82.43725000
4.90079988	82.43725000
4.90099988	82.43725000
4.90119988	82.43725000
4.90139988	82.43725000
4.90159988	82.43725000
4.90179988	82.43725000
4.90199988	82.43725000
4.90219988	82.43725000
4.90239988	82.43725000
4.90259988	82.43725000
4.90279988	82.43725000
4.90299988	80.56717000
4.90319988	82.43725000
4.90339988	80.56717000
4.90359988	82.43725000
4.90379988	80.56717000
4.90399988	80.56717000
4.90419988	80.56717000
4.90439988	82.43725000
4.90459988	82.43725000
4.90479988	82.43725000
4.90499988	82.43725000
4.90519988	82.43725000
4.90539988	82.43725000
4.90559988	82.43725000
4.90579988	82.43725000
4.90599988	82.43725000
4.90619988	82.43725000
4.90639988	82.43725000
4.90659988	82.43725000
4.90679988	82.43725000
4.90699988	84.31348000
4.90719988	84.31348000
4.90739988	84.31348000
4.90759988	84.31348000
4.90779988	84.31348000
4.90799988	84.31348000
4.90819988	84.31348000
4.90839988	84.31348000
4.90859988	84.31348000
4.90879988	82.43725000
4.90899988	84.31348000
4.90919988	82.43725000
4.90939988	82.43725000
4.90959988	84.31348000
4.90979988	82.43725000
4.90999988	82.43725000
4.91019988	82.43725000
4.91039988	82.43725000
4.91059988	82.43725000
4.91079988	82.43725000
4.91099988	82.43725000
4.91119988	82.43725000
4.91139988	82.43725000
4.91159988	82.43725000
4.91179988	82.43725000
4.91199988	82.43725000
4.91219988	82.43725000
4.91239988	82.43725000
4.91259988	82.43725000
4.91279988	82.43725000
4.91299988	82.43725000
4.91319988	82.43725000
4.91339988	82.43725000
4.91359988	82.43725000
4.91379988	82.43725000
4.91399988	82.43725000
4.91419988	82.43725000
4.91439988	82.43725000
4.91459988	82.43725000
4.91479988	82.43725000
4.91499988	84.31348000
4.91519988	82.43725000
4.91539988	82.43725000
4.91559988	84.31348000
4.91579988	82.43725000
4.91599988	82.43725000
4.91619988	82.43725000
4.91639988	82.43725000
4.91659988	82.43725000
4.91679988	82.43725000
4.91699988	82.43725000
4.91719988	82.43725000
4.91739988	82.43725000
4.91759988	82.43725000
4.91779988	82.43725000
4.91799988	82.43725000
4.91819988	82.43725000
4.91839988	82.43725000
4.91859988	82.43725000
4.91879988	82.43725000
4.91899988	82.43725000
4.91919988	82.43725000
4.91939988	82.43725000
4.91959988	82.43725000
4.91979988	80.56717000
4.91999988	80.56717000
4.92019988	80.56717000
4.92039988	80.56717000
4.92059988	80.56717000
4.92079988	80.56717000
4.92099988	80.56717000
4.92119988	80.56717000
4.92139988	80.56717000
4.92159988	80.56717000
4.92179988	80.56717000
4.92199988	80.56717000
4.92219988	80.56717000
4.92239988	80.56717000
4.92259988	80.56717000
4.92279988	80.56717000
4.92299988	80.56717000
4.92319988	80.56717000
4.92339988	80.56717000
4.92359988	80.56717000
4.92379988	82.43725000
4.92399988	82.43725000
4.92419988	82.43725000
4.92439988	82.43725000
4.92459988	82.43725000
4.92479988	82.43725000
4.92499988	82.43725000
4.92519988	82.43725000
4.92539988	82.43725000
4.92559988	82.43725000
4.92579988	82.43725000
4.92599988	82.43725000
4.92619988	82.43725000
4.92639988	82.43725000
4.92659988	82.43725000
4.92679988	82.43725000
4.92699988	82.43725000
4.92719988	84.31348000
4.92739988	84.31348000
4.92759988	84.31348000
4.92779988	82.43725000
4.92799988	82.43725000
4.92819988	82.43725000
4.92839988	82.43725000
4.92859988	82.43725000
4.92879988	82.43725000
4.92899988	82.43725000
4.92919988	82.43725000
4.92939988	82.43725000
4.92959988	82.43725000
4.92979988	82.43725000
4.92999988	82.43725000
4.93019988	82.43725000
4.93039988	82.43725000
4.93059988	82.43725000
4.93079988	82.43725000
4.93099988	82.43725000
4.93119988	82.43725000
4.93139988	82.43725000
4.93159988	80.56717000
4.93179988	82.43725000
4.93199988	82.43725000
4.93219988	82.43725000
4.93239988	82.43725000
4.93259988	82.43725000
4.93279988	82.43725000
4.93299988	82.43725000
4.93319988	82.43725000
4.93339988	82.43725000
4.93359988	82.43725000
4.93379988	82.43725000
4.93399988	82.43725000
4.93419988	82.43725000
4.93439988	82.43725000
4.93459988	82.43725000
4.93479988	82.43725000
4.93499988	82.43725000
4.93519988	82.43725000
4.93539988	82.43725000
4.93559988	82.43725000
4.93579988	82.43725000
4.93599988	82.43725000
4.93619988	82.43725000
4.93639988	82.43725000
4.93659988	82.43725000
4.93679988	82.43725000
4.93699988	82.43725000
4.93719988	82.43725000
4.93739988	82.43725000
4.93759988	82.43725000
4.93779988	82.43725000
4.93799988	82.43725000
4.93819988	82.43725000
4.93839988	82.43725000
4.93859988	82.43725000
4.93879988	82.43725000
4.93899988	82.43725000
4.93919988	82.43725000
4.93939988	80.56717000
4.93959988	80.56717000
4.93979988	80.56717000
4.93999988	80.56717000
4.94019988	80.56717000
4.94039988	80.56717000
4.94059988	80.56717000
4.94079988	80.56717000
4.94099988	80.56717000
4.94119988	80.56717000
4.94139988	80.56717000
4.94159988	80.56717000
4.94179988	80.56717000
4.94199988	80.56717000
4.94219988	80.56717000
4.94239988	80.56717000
4.94259988	80.56717000
4.94279988	80.56717000
4.94299988	80.56717000
4.94319988	80.56717000
4.94339988	80.56717000
4.94359988	80.56717000
4.94379988	80.56717000
4.94399988	82.43725000
4.94419988	82.43725000
4.94439988	82.43725000
4.94459988	82.43725000
4.94479988	82.43725000
4.94499988	82.43725000
4.94519988	82.43725000
4.94539988	82.43725000
4.94559988	82.43725000
4.94579988	84.31348000
4.94599988	84.31348000
4.94619988	84.31348000
4.94639988	84.31348000
4.94659988	84.31348000
4.94679988	84.31348000
4.94699988	84.31348000
4.94719988	84.31348000
4.94739988	84.31348000
4.94759988	84.31348000
4.94779988	84.31348000
4.94799988	84.31348000
4.94819987	82.43725000
4.94839987	82.43725000
4.94859987	82.43725000
4.94879987	82.43725000
4.94899987	82.43725000
4.94919987	82.43725000
4.94939987	82.43725000
4.94959987	82.43725000
4.94979987	82.43725000
4.94999987	82.43725000
4.95019987	82.43725000
4.95039987	82.43725000
4.95059987	80.56717000
4.95079987	80.56717000
4.95099987	80.56717000
4.95119987	80.56717000
4.95139987	80.56717000
4.95159987	80.56717000
4.95179987	80.56717000
4.95199987	80.56717000
4.95219987	80.56717000
4.95239987	80.56717000
4.95259987	80.56717000
4.95279987	80.56717000
4.95299987	80.56717000
4.95319987	80.56717000
4.95339987	80.56717000
4.95359987	80.56717000
4.95379987	80.56717000
4.95399987	80.56717000
4.95419987	80.56717000
4.95439987	80.56717000
4.95459987	80.56717000
4.95479987	80.56717000
4.95499987	82.43725000
4.95519987	82.43725000
4.95539987	82.43725000
4.95559987	82.43725000
4.95579987	82.43725000
4.95599987	82.43725000
4.95619987	82.43725000
4.95639987	82.43725000
4.95659987	82.43725000
4.95679987	82.43725000
4.95699987	82.43725000
4.95719987	82.43725000
4.95739987	82.43725000
4.95759987	82.43725000
4.95779987	82.43725000
4.95799987	80.56717000
4.95819987	82.43725000
4.95839987	80.56717000
4.95859987	80.56717000
4.95879987	80.56717000
4.95899987	80.56717000
4.95919987	80.56717000
4.95939987	80.56717000
4.95959987	80.56717000
4.95979987	80.56717000
4.95999987	80.56717000
4.96019987	80.56717000
4.96039987	80.56717000
4.96059987	80.56717000
4.96079987	80.56717000
4.96099987	80.56717000
4.96119987	80.56717000
4.96139987	80.56717000
4.96159987	80.56717000
4.96179987	80.56717000
4.96199987	80.56717000
4.96219987	80.56717000
4.96239987	80.56717000
4.96259987	80.56717000
4.96279987	80.56717000
4.96299987	80.56717000
4.96319987	80.56717000
4.96339987	80.56717000
4.96359987	80.56717000
4.96379987	82.43725000
4.96399987	82.43725000
4.96419987	82.43725000
4.96439987	82.43725000
4.96459987	82.43725000
4.96479987	82.43725000
4.96499987	82.43725000
4.96519987	82.43725000
4.96539987	82.43725000
4.96559987	82.43725000
4.96579987	82.43725000
4.96599987	82.43725000
4.96619987	84.31348000
4.96639987	84.31348000
4.96659987	84.31348000
4.96679987	84.31348000
4.96699987	84.31348000
4.96719987	84.31348000
4.96739987	82.43725000
4.96759987	82.43725000
4.96779987	82.43725000
4.96799987	82.43725000
4.96819987	82.43725000
4.96839987	82.43725000
4.96859987	82.43725000
4.96879987	82.43725000
4.96899987	82.43725000
4.96919987	82.43725000
4.96939987	82.43725000
4.96959987	82.43725000
4.96979987	82.43725000
4.96999987	82.43725000
4.97019987	80.56717000
4.97039987	80.56717000
4.97059987	80.56717000
4.97079987	80.56717000
4.97099987	80.56717000
4.97119987	80.56717000
4.97139987	80.56717000
4.97159987	80.56717000
4.97179987	80.56717000
4.97199987	80.56717000
4.97219987	80.56717000
4.97239987	80.56717000
4.97259987	80.56717000
4.97279987	80.56717000
4.97299987	80.56717000
4.97319987	80.56717000
4.97339987	80.56717000
4.97359987	80.56717000
4.97379987	80.56717000
4.97399987	80.56717000
4.97419987	80.56717000
4.97439987	80.56717000
4.97459987	80.56717000
4.97479987	80.56717000
4.97499987	80.56717000
4.97519987	80.56717000
4.97539987	80.56717000
4.97559987	80.56717000
4.97579987	80.56717000
4.97599987	80.56717000
4.97619987	80.56717000
4.97639987	80.56717000
4.97659987	80.56717000
4.97679987	82.43725000
4.97699987	80.56717000
4.97719987	80.56717000
4.97739987	80.56717000
4.97759987	80.56717000
4.97779987	80.56717000
4.97799987	80.56717000
4.97819987	80.56717000
4.97839987	80.56717000
4.97859987	80.56717000
4.97879987	80.56717000
4.97899987	80.56717000
4.97919987	80.56717000
4.97939987	80.56717000
4.97959987	80.56717000
4.97979987	80.56717000
4.97999987	80.56717000
4.98019987	80.56717000
4.98039987	80.56717000
4.98059987	80.56717000
4.98079987	80.56717000
4.98099987	80.56717000
4.98119987	80.56717000
4.98139987	80.56717000
4.98159987	80.56717000
4.98179987	80.56717000
4.98199987	80.56717000
4.98219987	80.56717000
4.98239987	80.56717000
4.98259987	80.56717000
4.98279987	80.56717000
4.98299987	80.56717000
4.98319987	80.56717000
4.98339987	80.56717000
4.98359987	80.56717000
4.98379987	80.56717000
4.98399987	80.56717000
4.98419987	80.56717000
4.98439987	82.43725000
4.98459987	80.56717000
4.98479987	80.56717000
4.98499987	82.43725000
4.98519987	82.43725000
4.98539987	82.43725000
4.98559987	82.43725000
4.98579987	82.43725000
4.98599987	82.43725000
4.98619987	82.43725000
4.98639987	82.43725000
4.98659987	82.43725000
4.98679987	82.43725000
4.98699987	82.43725000
4.98719987	82.43725000
4.98739987	82.43725000
4.98759987	82.43725000
4.98779987	82.43725000
4.98799987	82.43725000
4.98819987	82.43725000
4.98839987	82.43725000
4.98859987	80.56717000
4.98879987	80.56717000
4.98899987	82.43725000
4.98919987	82.43725000
4.98939987	80.56717000
4.98959987	80.56717000
4.98979987	80.56717000
4.98999987	80.56717000
4.99019987	80.56717000
4.99039987	80.56717000
4.99059987	80.56717000
4.99079987	80.56717000
4.99099987	80.56717000
4.99119987	80.56717000
4.99139987	80.56717000
4.99159987	80.56717000
4.99179987	80.56717000
4.99199987	80.56717000
4.99219987	80.56717000
4.99239987	80.56717000
4.99259987	80.56717000
4.99279987	80.56717000
4.99299987	80.56717000
4.99319987	80.56717000
4.99339987	80.56717000
4.99359987	80.56717000
4.99379987	80.56717000
4.99399987	80.56717000
4.99419987	80.56717000
4.99439987	80.56717000
4.99459987	80.56717000
4.99479987	80.56717000
4.99499987	80.56717000
4.99519987	80.56717000
4.99539987	80.56717000
4.99559987	80.56717000
4.99579987	80.56717000
4.99599987	80.56717000
4.99619987	80.56717000
4.99639987	80.56717000
4.99659987	80.56717000
4.99679987	80.56717000
4.99699987	80.56717000
4.99719987	80.56717000
4.99739987	80.56717000
4.99759987	80.56717000
4.99779987	80.56717000
4.99799987	80.56717000
4.99819987	80.56717000
4.99839987	80.56717000
4.99859987	80.56717000
4.99879987	80.56717000
4.99899987	80.56717000
4.99919987	80.56717000
4.99939987	80.56717000
4.99959987	80.56717000
4.99979987	80.56717000
4.99999987	80.56717000
5.00019987	80.56717000
5.00039987	80.56717000
5.00059987	80.56717000
5.00079987	80.56717000
5.00099987	80.56717000
5.00119987	80.56717000
5.00139987	80.56717000
5.00159987	80.56717000
5.00179987	80.56717000
5.00199987	80.56717000
5.00219987	82.43725000
5.00239987	82.43725000
5.00259987	82.43725000
5.00279987	82.43725000
5.00299987	82.43725000
5.00319987	82.43725000
5.00339987	82.43725000
5.00359987	82.43725000
5.00379987	82.43725000
5.00399987	84.31348000
5.00419987	82.43725000
5.00439987	82.43725000
5.00459987	82.43725000
5.00479987	82.43725000
5.00499987	84.31348000
5.00519987	82.43725000
5.00539987	84.31348000
5.00559987	82.43725000
5.00579987	84.31348000
5.00599987	84.31348000
5.00619987	84.31348000
5.00639987	82.43725000
5.00659987	84.31348000
5.00679987	84.31348000
5.00699987	84.31348000
5.00719987	82.43725000
5.00739987	84.31348000
5.00759987	82.43725000
5.00779987	82.43725000
5.00799987	82.43725000
5.00819987	82.43725000
5.00839987	82.43725000
5.00859987	82.43725000
5.00879987	82.43725000
5.00899987	82.43725000
5.00919987	82.43725000
5.00939987	82.43725000
5.00959987	82.43725000
5.00979987	82.43725000
5.00999987	82.43725000
5.01019987	80.56717000
5.01039987	80.56717000
5.01059987	80.56717000
5.01079987	80.56717000
5.01099987	80.56717000
5.01119987	80.56717000
5.01139987	80.56717000
5.01159987	80.56717000
5.01179987	80.56717000
5.01199987	80.56717000
5.01219987	80.56717000
5.01239987	80.56717000
5.01259987	80.56717000
5.01279987	80.56717000
5.01299987	80.56717000
5.01319987	80.56717000
5.01339987	80.56717000
5.01359987	80.56717000
5.01379987	80.56717000
5.01399987	80.56717000
5.01419987	80.56717000
5.01439987	80.56717000
5.01459987	80.56717000
5.01479987	80.56717000
5.01499987	80.56717000
5.01519987	80.56717000
5.01539987	82.43725000
5.01559987	82.43725000
5.01579987	82.43725000
5.01599987	82.43725000
5.01619987	82.43725000
5.01639987	82.43725000
5.01659987	82.43725000
5.01679987	80.56717000
5.01699987	80.56717000
5.01719987	80.56717000
5.01739987	80.56717000
5.01759987	80.56717000
5.01779987	80.56717000
5.01799987	80.56717000
5.01819987	80.56717000
5.01839987	80.56717000
5.01859987	80.56717000
5.01879987	80.56717000
5.01899987	80.56717000
5.01919987	80.56717000
5.01939987	80.56717000
5.01959987	80.56717000
5.01979987	80.56717000
5.01999987	80.56717000
5.02019987	80.56717000
5.02039987	80.56717000
5.02059987	80.56717000
5.02079987	80.56717000
5.02099987	80.56717000
5.02119987	80.56717000
5.02139987	80.56717000
5.02159987	80.56717000
5.02179987	80.56717000
5.02199987	80.56717000
5.02219987	80.56717000
5.02239987	80.56717000
5.02259987	80.56717000
5.02279987	80.56717000
5.02299987	80.56717000
5.02319987	80.56717000
5.02339987	80.56717000
5.02359987	80.56717000
5.02379987	82.43725000
5.02399987	82.43725000
5.02419987	82.43725000
5.02439987	82.43725000
5.02459987	82.43725000
5.02479987	82.43725000
5.02499987	82.43725000
5.02519987	82.43725000
5.02539987	82.43725000
5.02559987	82.43725000
5.02579987	82.43725000
5.02599987	82.43725000
5.02619987	82.43725000
5.02639987	82.43725000
5.02659987	82.43725000
5.02679987	82.43725000
5.02699987	82.43725000
5.02719987	82.43725000
5.02739987	82.43725000
5.02759987	82.43725000
5.02779987	82.43725000
5.02799987	82.43725000
5.02819987	82.43725000
5.02839987	82.43725000
5.02859987	82.43725000
5.02879987	82.43725000
5.02899987	82.43725000
5.02919987	82.43725000
5.02939987	82.43725000
5.02959987	80.56717000
5.02979987	80.56717000
5.02999987	80.56717000
5.03019987	80.56717000
5.03039987	82.43725000
5.03059987	80.56717000
5.03079987	80.56717000
5.03099987	80.56717000
5.03119987	80.56717000
5.03139987	80.56717000
5.03159987	80.56717000
5.03179987	82.43725000
5.03199987	82.43725000
5.03219987	82.43725000
5.03239987	82.43725000
5.03259987	82.43725000
5.03279987	82.43725000
5.03299987	82.43725000
5.03319987	82.43725000
5.03339987	82.43725000
5.03359987	82.43725000
5.03379987	82.43725000
5.03399987	82.43725000
5.03419987	82.43725000
5.03439987	82.43725000
5.03459987	82.43725000
5.03479987	82.43725000
5.03499987	82.43725000
5.03519987	82.43725000
5.03539987	82.43725000
5.03559987	82.43725000
5.03579987	82.43725000
5.03599987	82.43725000
5.03619987	82.43725000
5.03639987	82.43725000
5.03659987	82.43725000
5.03679987	82.43725000
5.03699987	82.43725000
5.03719987	82.43725000
5.03739987	80.56717000
5.03759987	82.43725000
5.03779987	80.56717000
5.03799987	80.56717000
5.03819987	80.56717000
5.03839987	80.56717000
5.03859987	80.56717000
5.03879987	80.56717000
5.03899987	80.56717000
5.03919987	80.56717000
5.03939987	80.56717000
5.03959987	80.56717000
5.03979987	80.56717000
5.03999987	80.56717000
5.04019987	80.56717000
5.04039987	80.56717000
5.04059987	80.56717000
5.04079987	80.56717000
5.04099987	80.56717000
5.04119987	80.56717000
5.04139987	80.56717000
5.04159987	80.56717000
5.04179987	80.56717000
5.04199987	80.56717000
5.04219987	80.56717000
5.04239987	80.56717000
5.04259987	80.56717000
5.04279987	82.43725000
5.04299987	82.43725000
5.04319987	82.43725000
5.04339987	82.43725000
5.04359987	82.43725000
5.04379987	82.43725000
5.04399987	82.43725000
5.04419987	82.43725000
5.04439987	82.43725000
5.04459987	82.43725000
5.04479987	82.43725000
5.04499987	82.43725000
5.04519987	82.43725000
5.04539987	82.43725000
5.04559987	82.43725000
5.04579987	82.43725000
5.04599987	82.43725000
5.04619987	82.43725000
5.04639987	82.43725000
5.04659987	82.43725000
5.04679987	82.43725000
5.04699987	82.43725000
5.04719987	82.43725000
5.04739987	82.43725000
5.04759987	82.43725000
5.04779987	82.43725000
5.04799987	82.43725000
5.04819987	82.43725000
5.04839987	82.43725000
5.04859987	82.43725000
5.04879987	82.43725000
5.04899987	82.43725000
5.04919987	80.56717000
5.04939987	80.56717000
5.04959987	80.56717000
5.04979987	80.56717000
5.04999987	80.56717000
5.05019987	80.56717000
5.05039987	80.56717000
5.05059987	80.56717000
5.05079987	80.56717000
5.05099987	80.56717000
5.05119987	80.56717000
5.05139987	80.56717000
5.05159987	80.56717000
5.05179987	80.56717000
5.05199987	80.56717000
5.05219987	80.56717000
5.05239987	80.56717000
5.05259987	80.56717000
5.05279987	80.56717000
5.05299987	80.56717000
5.05319987	80.56717000
5.05339987	80.56717000
5.05359987	80.56717000
5.05379987	80.56717000
5.05399987	80.56717000
5.05419987	80.56717000
5.05439987	80.56717000
5.05459987	80.56717000
5.05479987	80.56717000
5.05499987	80.56717000
5.05519987	80.56717000
5.05539987	80.56717000
5.05559987	80.56717000
5.05579987	80.56717000
5.05599987	80.56717000
5.05619987	80.56717000
5.05639987	80.56717000
5.05659987	80.56717000
5.05679987	80.56717000
5.05699987	80.56717000
5.05719987	80.56717000
5.05739987	80.56717000
5.05759987	80.56717000
5.05779987	80.56717000
5.05799987	80.56717000
5.05819987	80.56717000
5.05839987	80.56717000
5.05859987	80.56717000
5.05879987	80.56717000
5.05899987	80.56717000
5.05919987	80.56717000
5.05939987	80.56717000
5.05959987	80.56717000
5.05979987	80.56717000
5.05999987	80.56717000
5.06019987	80.56717000
5.06039987	80.56717000
5.06059987	80.56717000
5.06079987	80.56717000
5.06099987	80.56717000
5.06119987	80.56717000
5.06139987	80.56717000
5.06159987	80.56717000
5.06179987	80.56717000
5.06199987	80.56717000
5.06219987	80.56717000
5.06239987	80.56717000
5.06259987	80.56717000
5.06279987	80.56717000
5.06299987	80.56717000
5.06319987	80.56717000
5.06339987	80.56717000
5.06359987	80.56717000
5.06379987	82.43725000
5.06399987	80.56717000
5.06419987	80.56717000
5.06439987	80.56717000
5.06459987	82.43725000
5.06479987	82.43725000
5.06499987	82.43725000
5.06519987	82.43725000
5.06539987	82.43725000
5.06559987	82.43725000
5.06579987	82.43725000
5.06599987	82.43725000
5.06619987	82.43725000
5.06639987	82.43725000
5.06659987	82.43725000
5.06679987	82.43725000
5.06699987	82.43725000
5.06719987	82.43725000
5.06739987	82.43725000
5.06759987	82.43725000
5.06779987	82.43725000
5.06799987	82.43725000
5.06819987	82.43725000
5.06839987	82.43725000
5.06859987	82.43725000
5.06879987	82.43725000
5.06899987	80.56717000
5.06919987	82.43725000
5.06939987	82.43725000
5.06959987	80.56717000
5.06979987	80.56717000
5.06999987	80.56717000
5.07019987	80.56717000
5.07039987	80.56717000
5.07059987	80.56717000
5.07079987	80.56717000
5.07099987	80.56717000
5.07119987	80.56717000
5.07139987	80.56717000
5.07159987	80.56717000
5.07179987	80.56717000
5.07199987	80.56717000
5.07219987	80.56717000
5.07239987	80.56717000
5.07259987	80.56717000
5.07279987	80.56717000
5.07299987	80.56717000
5.07319987	80.56717000
5.07339987	80.56717000
5.07359987	80.56717000
5.07379987	80.56717000
5.07399987	80.56717000
5.07419987	80.56717000
5.07439987	80.56717000
5.07459987	80.56717000
5.07479987	80.56717000
5.07499987	80.56717000
5.07519987	80.56717000
5.07539987	80.56717000
5.07559987	80.56717000
5.07579987	80.56717000
5.07599987	80.56717000
5.07619987	80.56717000
5.07639987	80.56717000
5.07659987	80.56717000
5.07679987	80.56717000
5.07699987	80.56717000
5.07719987	80.56717000
5.07739987	80.56717000
5.07759987	80.56717000
5.07779987	80.56717000
5.07799987	80.56717000
5.07819987	80.56717000
5.07839987	80.56717000
5.07859987	80.56717000
5.07879987	80.56717000
5.07899987	80.56717000
5.07919987	80.56717000
5.07939987	80.56717000
5.07959987	80.56717000
5.07979987	80.56717000
5.07999987	80.56717000
5.08019987	80.56717000
5.08039987	80.56717000
5.08059987	80.56717000
5.08079987	80.56717000
5.08099987	80.56717000
5.08119987	80.56717000
5.08139987	80.56717000
5.08159987	80.56717000
5.08179987	80.56717000
5.08199987	80.56717000
5.08219987	80.56717000
5.08239987	80.56717000
5.08259987	80.56717000
5.08279987	80.56717000
5.08299987	80.56717000
5.08319987	80.56717000
5.08339987	80.56717000
5.08359987	80.56717000
5.08379987	80.56717000
5.08399987	80.56717000
5.08419987	80.56717000
5.08439987	80.56717000
5.08459987	80.56717000
5.08479987	82.43725000
5.08499987	80.56717000
5.08519987	82.43725000
5.08539987	82.43725000
5.08559987	82.43725000
5.08579987	82.43725000
5.08599987	82.43725000
5.08619987	82.43725000
5.08639987	82.43725000
5.08659987	82.43725000
5.08679987	82.43725000
5.08699987	82.43725000
5.08719987	82.43725000
5.08739987	82.43725000
5.08759987	80.56717000
5.08779987	80.56717000
5.08799987	80.56717000
5.08819987	80.56717000
5.08839987	80.56717000
5.08859987	80.56717000
5.08879987	80.56717000
5.08899987	80.56717000
5.08919987	80.56717000
5.08939987	80.56717000
5.08959987	80.56717000
5.08979987	80.56717000
5.08999987	80.56717000
5.09019987	80.56717000
5.09039987	80.56717000
5.09059987	80.56717000
5.09079987	80.56717000
5.09099987	80.56717000
5.09119987	80.56717000
5.09139987	80.56717000
5.09159987	80.56717000
5.09179987	80.56717000
5.09199987	80.56717000
5.09219987	80.56717000
5.09239987	80.56717000
5.09259987	80.56717000
5.09279987	80.56717000
5.09299987	80.56717000
5.09319987	80.56717000
5.09339987	80.56717000
5.09359987	80.56717000
5.09379987	80.56717000
5.09399987	80.56717000
5.09419987	80.56717000
5.09439987	80.56717000
5.09459987	80.56717000
5.09479987	80.56717000
5.09499987	80.56717000
5.09519987	80.56717000
5.09539987	80.56717000
5.09559987	80.56717000
5.09579987	80.56717000
5.09599987	80.56717000
5.09619987	80.56717000
5.09639987	80.56717000
5.09659987	82.43725000
5.09679987	82.43725000
5.09699987	80.56717000
5.09719987	80.56717000
5.09739987	82.43725000
5.09759987	80.56717000
5.09779987	82.43725000
5.09799987	82.43725000
5.09819987	80.56717000
5.09839987	80.56717000
5.09859987	80.56717000
5.09879987	80.56717000
5.09899987	80.56717000
5.09919987	80.56717000
5.09939987	82.43725000
5.09959987	80.56717000
5.09979987	80.56717000
5.09999987	82.43725000
5.10019987	80.56717000
5.10039987	80.56717000
5.10059987	80.56717000
5.10079987	80.56717000
5.10099987	80.56717000
5.10119987	80.56717000
5.10139987	80.56717000
5.10159987	80.56717000
5.10179987	80.56717000
5.10199987	82.43725000
5.10219987	82.43725000
5.10239987	82.43725000
5.10259987	82.43725000
5.10279987	82.43725000
5.10299987	82.43725000
5.10319987	82.43725000
5.10339987	82.43725000
5.10359987	82.43725000
5.10379987	82.43725000
5.10399987	82.43725000
5.10419987	82.43725000
5.10439987	82.43725000
5.10459987	82.43725000
5.10479987	82.43725000
5.10499987	82.43725000
5.10519987	82.43725000
5.10539987	82.43725000
5.10559987	82.43725000
5.10579987	82.43725000
5.10599987	82.43725000
5.10619987	82.43725000
5.10639987	82.43725000
5.10659987	82.43725000
5.10679987	82.43725000
5.10699987	82.43725000
5.10719987	82.43725000
5.10739987	80.56717000
5.10759987	82.43725000
5.10779987	80.56717000
5.10799987	80.56717000
5.10819987	80.56717000
5.10839987	80.56717000
5.10859987	80.56717000
5.10879987	80.56717000
5.10899987	80.56717000
5.10919987	80.56717000
5.10939987	80.56717000
5.10959987	80.56717000
5.10979987	80.56717000
5.10999987	80.56717000
5.11019987	80.56717000
5.11039987	80.56717000
5.11059987	80.56717000
5.11079987	80.56717000
5.11099987	80.56717000
5.11119987	78.69094000
5.11139987	78.69094000
5.11159987	78.69094000
5.11179987	78.69094000
5.11199987	78.69094000
5.11219987	78.69094000
5.11239987	78.69094000
5.11259987	78.69094000
5.11279987	78.69094000
5.11299987	78.69094000
5.11319987	78.69094000
5.11339987	78.69094000
5.11359987	78.69094000
5.11379987	80.56717000
5.11399987	80.56717000
5.11419987	80.56717000
5.11439987	80.56717000
5.11459987	78.69094000
5.11479987	80.56717000
5.11499987	80.56717000
5.11519987	80.56717000
5.11539987	80.56717000
5.11559987	80.56717000
5.11579987	80.56717000
5.11599987	80.56717000
5.11619987	80.56717000
5.11639987	80.56717000
5.11659987	80.56717000
5.11679987	80.56717000
5.11699987	80.56717000
5.11719987	80.56717000
5.11739987	80.56717000
5.11759987	80.56717000
5.11779987	80.56717000
5.11799987	80.56717000
5.11819987	80.56717000
5.11839987	80.56717000
5.11859987	80.56717000
5.11879987	80.56717000
5.11899987	80.56717000
5.11919987	80.56717000
5.11939987	80.56717000
5.11959987	78.69094000
5.11979987	78.69094000
5.11999987	78.69094000
5.12019987	78.69094000
5.12039987	78.69094000
5.12059987	78.69094000
5.12079987	78.69094000
5.12099987	80.56717000
5.12119987	80.56717000
5.12139987	78.69094000
5.12159987	80.56717000
5.12179987	80.56717000
5.12199987	80.56717000
5.12219987	80.56717000
5.12239987	80.56717000
5.12259987	80.56717000
5.12279987	80.56717000
5.12299987	80.56717000
5.12319987	80.56717000
5.12339987	80.56717000
5.12359987	80.56717000
5.12379987	80.56717000
5.12399987	80.56717000
5.12419987	80.56717000
5.12439987	80.56717000
5.12459987	80.56717000
5.12479987	80.56717000
5.12499987	80.56717000
5.12519987	80.56717000
5.12539987	80.56717000
5.12559987	80.56717000
5.12579987	80.56717000
5.12599987	82.43725000
5.12619987	82.43725000
5.12639987	80.56717000
5.12659987	82.43725000
5.12679987	82.43725000
5.12699987	82.43725000
5.12719987	82.43725000
5.12739987	82.43725000
5.12759987	82.43725000
5.12779987	82.43725000
5.12799987	82.43725000
5.12819987	82.43725000
5.12839987	80.56717000
5.12859987	82.43725000
5.12879987	82.43725000
5.12899987	80.56717000
5.12919987	82.43725000
5.12939987	82.43725000
5.12959987	80.56717000
5.12979987	80.56717000
5.12999987	82.43725000
5.13019987	82.43725000
5.13039987	82.43725000
5.13059987	82.43725000
5.13079987	80.56717000
5.13099987	82.43725000
5.13119987	82.43725000
5.13139987	80.56717000
5.13159987	82.43725000
5.13179987	80.56717000
5.13199987	80.56717000
5.13219987	82.43725000
5.13239987	82.43725000
5.13259987	82.43725000
5.13279987	80.56717000
5.13299987	82.43725000
5.13319987	82.43725000
5.13339987	82.43725000
5.13359987	82.43725000
5.13379987	80.56717000
5.13399987	82.43725000
5.13419987	80.56717000
5.13439987	82.43725000
5.13459987	80.56717000
5.13479987	82.43725000
5.13499987	82.43725000
5.13519987	82.43725000
5.13539987	82.43725000
5.13559987	80.56717000
5.13579987	82.43725000
5.13599987	80.56717000
5.13619987	80.56717000
5.13639987	80.56717000
5.13659987	80.56717000
5.13679987	80.56717000
5.13699987	80.56717000
5.13719987	80.56717000
5.13739987	80.56717000
5.13759987	80.56717000
5.13779987	80.56717000
5.13799987	80.56717000
5.13819987	80.56717000
5.13839987	80.56717000
5.13859987	80.56717000
5.13879987	80.56717000
5.13899987	80.56717000
5.13919987	80.56717000
5.13939987	80.56717000
5.13959987	80.56717000
5.13979987	80.56717000
5.13999987	78.69094000
5.14019987	78.69094000
5.14039987	78.69094000
5.14059987	78.69094000
5.14079987	78.69094000
5.14099987	78.69094000
5.14119987	80.56717000
5.14139987	78.69094000
5.14159987	78.69094000
5.14179987	78.69094000
5.14199987	78.69094000
5.14219987	78.69094000
5.14239987	78.69094000
5.14259987	80.56717000
5.14279987	78.69094000
5.14299987	78.69094000
5.14319987	78.69094000
5.14339987	78.69094000
5.14359987	78.69094000
5.14379987	78.69094000
5.14399987	78.69094000
5.14419987	78.69094000
5.14439987	78.69094000
5.14459987	78.69094000
5.14479987	80.56717000
5.14499987	80.56717000
5.14519987	80.56717000
5.14539987	80.56717000
5.14559987	80.56717000
5.14579987	80.56717000
5.14599987	80.56717000
5.14619987	80.56717000
5.14639987	80.56717000
5.14659987	80.56717000
5.14679987	80.56717000
5.14699987	80.56717000
5.14719987	80.56717000
5.14739987	80.56717000
5.14759987	80.56717000
5.14779987	80.56717000
5.14799987	80.56717000
5.14819987	80.56717000
5.14839987	80.56717000
5.14859987	82.43725000
5.14879987	80.56717000
5.14899987	82.43725000
5.14919987	82.43725000
5.14939987	80.56717000
5.14959987	82.43725000
5.14979987	80.56717000
5.14999987	82.43725000
5.15019987	80.56717000
5.15039987	80.56717000
5.15059987	82.43725000
5.15079987	80.56717000
5.15099987	80.56717000
5.15119987	80.56717000
5.15139987	80.56717000
5.15159987	80.56717000
5.15179987	80.56717000
5.15199987	80.56717000
5.15219987	80.56717000
5.15239987	80.56717000
5.15259987	80.56717000
5.15279987	80.56717000
5.15299987	80.56717000
5.15319987	80.56717000
5.15339987	80.56717000
5.15359987	80.56717000
5.15379987	80.56717000
5.15399987	80.56717000
5.15419987	80.56717000
5.15439987	80.56717000
5.15459987	80.56717000
5.15479987	80.56717000
5.15499987	80.56717000
5.15519987	80.56717000
5.15539987	80.56717000
5.15559987	80.56717000
5.15579987	80.56717000
5.15599987	80.56717000
5.15619987	80.56717000
5.15639987	80.56717000
5.15659987	78.69094000
5.15679987	78.69094000
5.15699987	78.69094000
5.15719987	78.69094000
5.15739987	78.69094000
5.15759987	78.69094000
5.15779987	78.69094000
5.15799987	78.69094000
5.15819987	78.69094000
5.15839987	78.69094000
5.15859987	78.69094000
5.15879987	78.69094000
5.15899987	78.69094000
5.15919987	78.69094000
5.15939987	78.69094000
5.15959987	78.69094000
5.15979987	78.69094000
5.15999987	78.69094000
5.16019987	78.69094000
5.16039987	78.69094000
5.16059987	78.69094000
5.16079987	78.69094000
5.16099987	78.69094000
5.16119987	78.69094000
5.16139987	78.69094000
5.16159987	78.69094000
5.16179987	78.69094000
5.16199987	78.69094000
5.16219987	78.69094000
5.16239987	78.69094000
5.16259987	78.69094000
5.16279987	78.69094000
5.16299987	78.69094000
5.16319987	78.69094000
5.16339987	78.69094000
5.16359987	78.69094000
5.16379987	78.69094000
5.16399987	78.69094000
5.16419987	80.56717000
5.16439987	78.69094000
5.16459987	78.69094000
5.16479987	80.56717000
5.16499987	80.56717000
5.16519987	80.56717000
5.16539987	80.56717000
5.16559987	80.56717000
5.16579987	80.56717000
5.16599987	80.56717000
5.16619987	80.56717000
5.16639987	80.56717000
5.16659987	80.56717000
5.16679987	80.56717000
5.16699987	80.56717000
5.16719987	80.56717000
5.16739987	80.56717000
5.16759987	80.56717000
5.16779987	80.56717000
5.16799987	80.56717000
5.16819987	80.56717000
5.16839987	80.56717000
5.16859987	80.56717000
5.16879987	80.56717000
5.16899987	80.56717000
5.16919987	80.56717000
5.16939987	80.56717000
5.16959987	80.56717000
5.16979987	80.56717000
5.16999987	80.56717000
5.17019987	82.43725000
5.17039987	80.56717000
5.17059987	80.56717000
5.17079987	80.56717000
5.17099987	80.56717000
5.17119987	80.56717000
5.17139987	80.56717000
5.17159987	80.56717000
5.17179987	80.56717000
5.17199987	80.56717000
5.17219987	80.56717000
5.17239987	80.56717000
5.17259987	80.56717000
5.17279987	80.56717000
5.17299987	80.56717000
5.17319987	80.56717000
5.17339987	80.56717000
5.17359987	80.56717000
5.17379987	80.56717000
5.17399987	80.56717000
5.17419987	80.56717000
5.17439987	80.56717000
5.17459987	80.56717000
5.17479987	80.56717000
5.17499987	80.56717000
5.17519987	80.56717000
5.17539987	80.56717000
5.17559987	80.56717000
5.17579987	80.56717000
5.17599987	80.56717000
5.17619987	80.56717000
5.17639987	80.56717000
5.17659987	80.56717000
5.17679987	80.56717000
5.17699987	80.56717000
5.17719987	80.56717000
5.17739987	80.56717000
5.17759987	80.56717000
5.17779987	80.56717000
5.17799987	80.56717000
5.17819987	78.69094000
5.17839987	80.56717000
5.17859987	80.56717000
5.17879987	78.69094000
5.17899987	78.69094000
5.17919987	78.69094000
5.17939987	78.69094000
5.17959987	78.69094000
5.17979987	78.69094000
5.17999987	78.69094000
5.18019987	78.69094000
5.18039987	78.69094000
5.18059987	78.69094000
5.18079987	78.69094000
5.18099987	78.69094000
5.18119987	78.69094000
5.18139987	78.69094000
5.18159987	78.69094000
5.18179987	78.69094000
5.18199987	78.69094000
5.18219987	78.69094000
5.18239987	78.69094000
5.18259987	78.69094000
5.18279987	78.69094000
5.18299987	78.69094000
5.18319987	78.69094000
5.18339987	78.69094000
5.18359987	78.69094000
5.18379987	78.69094000
5.18399987	78.69094000
5.18419987	78.69094000
5.18439987	78.69094000
5.18459987	78.69094000
5.18479987	78.69094000
5.18499987	80.56717000
5.18519987	80.56717000
5.18539987	80.56717000
5.18559987	80.56717000
5.18579987	80.56717000
5.18599987	80.56717000
5.18619987	80.56717000
5.18639987	80.56717000
5.18659987	82.43725000
5.18679987	82.43725000
5.18699987	82.43725000
5.18719987	82.43725000
5.18739987	82.43725000
5.18759987	82.43725000
5.18779987	82.43725000
5.18799987	82.43725000
5.18819987	82.43725000
5.18839987	82.43725000
5.18859987	82.43725000
5.18879987	82.43725000
5.18899987	82.43725000
5.18919987	82.43725000
5.18939987	82.43725000
5.18959987	82.43725000
5.18979987	82.43725000
5.18999987	82.43725000
5.19019987	82.43725000
5.19039987	82.43725000
5.19059987	82.43725000
5.19079987	82.43725000
5.19099987	82.43725000
5.19119987	82.43725000
5.19139987	82.43725000
5.19159987	82.43725000
5.19179987	82.43725000
5.19199987	80.56717000
5.19219987	82.43725000
5.19239987	80.56717000
5.19259987	80.56717000
5.19279987	80.56717000
5.19299987	80.56717000
5.19319987	80.56717000
5.19339987	80.56717000
5.19359987	80.56717000
5.19379987	80.56717000
5.19399987	80.56717000
5.19419987	80.56717000
5.19439987	80.56717000
5.19459987	80.56717000
5.19479987	80.56717000
5.19499987	80.56717000
5.19519987	80.56717000
5.19539987	80.56717000
5.19559987	80.56717000
5.19579987	80.56717000
5.19599987	80.56717000
5.19619987	80.56717000
5.19639987	80.56717000
5.19659987	80.56717000
5.19679987	80.56717000
5.19699987	80.56717000
5.19719987	80.56717000
5.19739987	80.56717000
5.19759987	80.56717000
5.19779987	80.56717000
5.19799987	80.56717000
5.19819987	80.56717000
5.19839987	80.56717000
5.19859987	80.56717000
5.19879987	80.56717000
5.19899987	80.56717000
5.19919987	80.56717000
5.19939987	80.56717000
5.19959987	80.56717000
5.19979987	80.56717000
5.19999987	80.56717000
5.20019987	80.56717000
5.20039987	80.56717000
5.20059987	78.69094000
5.20079987	78.69094000
5.20099987	78.69094000
5.20119987	78.69094000
5.20139987	78.69094000
5.20159987	78.69094000
5.20179987	78.69094000
5.20199987	78.69094000
5.20219987	78.69094000
5.20239987	78.69094000
5.20259987	78.69094000
5.20279987	78.69094000
5.20299987	78.69094000
5.20319987	78.69094000
5.20339987	78.69094000
5.20359987	78.69094000
5.20379987	78.69094000
5.20399987	78.69094000
5.20419987	78.69094000
5.20439987	78.69094000
5.20459987	78.69094000
5.20479987	80.56717000
5.20499987	80.56717000
5.20519987	80.56717000
5.20539987	80.56717000
5.20559987	80.56717000
5.20579987	80.56717000
5.20599987	80.56717000
5.20619987	80.56717000
5.20639987	80.56717000
5.20659987	80.56717000
5.20679987	80.56717000
5.20699987	80.56717000
5.20719987	80.56717000
5.20739987	80.56717000
5.20759987	80.56717000
5.20779987	80.56717000
5.20799987	80.56717000
5.20819987	80.56717000
5.20839987	80.56717000
5.20859987	80.56717000
5.20879987	80.56717000
5.20899987	80.56717000
5.20919987	80.56717000
5.20939987	80.56717000
5.20959987	80.56717000
5.20979987	80.56717000
5.20999987	80.56717000
5.21019987	80.56717000
5.21039987	80.56717000
5.21059987	80.56717000
5.21079987	80.56717000
5.21099987	80.56717000
5.21119987	80.56717000
5.21139987	80.56717000
5.21159987	80.56717000
5.21179987	80.56717000
5.21199987	80.56717000
5.21219987	80.56717000
5.21239987	80.56717000
5.21259987	80.56717000
5.21279987	80.56717000
5.21299987	80.56717000
5.21319987	80.56717000
5.21339987	80.56717000
5.21359987	78.69094000
5.21379987	78.69094000
5.21399987	78.69094000
5.21419987	80.56717000
5.21439987	78.69094000
5.21459987	80.56717000
5.21479987	80.56717000
5.21499987	78.69094000
5.21519987	78.69094000
5.21539987	78.69094000
5.21559987	78.69094000
5.21579987	78.69094000
5.21599987	78.69094000
5.21619987	78.69094000
5.21639987	78.69094000
5.21659987	78.69094000
5.21679987	78.69094000
5.21699987	78.69094000
5.21719987	78.69094000
5.21739987	78.69094000
5.21759987	78.69094000
5.21779987	78.69094000
5.21799987	78.69094000
5.21819987	78.69094000
5.21839987	78.69094000
5.21859987	78.69094000
5.21879987	78.69094000
5.21899987	78.69094000
5.21919987	78.69094000
5.21939987	78.69094000
5.21959987	78.69094000
5.21979987	78.69094000
5.21999987	78.69094000
5.22019987	78.69094000
5.22039987	78.69094000
5.22059987	78.69094000
5.22079987	78.69094000
5.22099987	78.69094000
5.22119987	78.69094000
5.22139987	78.69094000
5.22159987	78.69094000
5.22179987	80.56717000
5.22199987	78.69094000
5.22219987	80.56717000
5.22239987	80.56717000
5.22259987	80.56717000
5.22279987	80.56717000
5.22299987	80.56717000
5.22319987	80.56717000
5.22339987	80.56717000
5.22359987	80.56717000
5.22379987	80.56717000
5.22399987	80.56717000
5.22419987	80.56717000
5.22439987	80.56717000
5.22459987	80.56717000
5.22479987	80.56717000
5.22499987	80.56717000
5.22519987	80.56717000
5.22539987	80.56717000
5.22559987	80.56717000
5.22579987	80.56717000
5.22599987	80.56717000
5.22619987	80.56717000
5.22639987	80.56717000
5.22659987	80.56717000
5.22679987	80.56717000
5.22699987	80.56717000
5.22719987	80.56717000
5.22739987	80.56717000
5.22759987	80.56717000
5.22779987	80.56717000
5.22799987	80.56717000
5.22819987	80.56717000
5.22839987	80.56717000
5.22859987	80.56717000
5.22879987	80.56717000
5.22899987	80.56717000
5.22919987	80.56717000
5.22939987	80.56717000
5.22959987	80.56717000
5.22979987	80.56717000
5.22999987	80.56717000
5.23019987	80.56717000
5.23039987	80.56717000
5.23059987	80.56717000
5.23079987	80.56717000
5.23099987	80.56717000
5.23119987	80.56717000
5.23139987	80.56717000
5.23159987	78.69094000
5.23179987	78.69094000
5.23199987	78.69094000
5.23219987	80.56717000
5.23239987	78.69094000
5.23259987	78.69094000
5.23279987	78.69094000
5.23299987	80.56717000
5.23319987	78.69094000
5.23339987	80.56717000
5.23359987	80.56717000
5.23379987	80.56717000
5.23399987	80.56717000
5.23419987	80.56717000
5.23439987	80.56717000
5.23459987	80.56717000
5.23479987	80.56717000
5.23499987	80.56717000
5.23519987	80.56717000
5.23539987	80.56717000
5.23559987	80.56717000
5.23579987	80.56717000
5.23599987	80.56717000
5.23619987	80.56717000
5.23639987	80.56717000
5.23659987	80.56717000
5.23679987	80.56717000
5.23699987	80.56717000
5.23719987	80.56717000
5.23739987	80.56717000
5.23759987	80.56717000
5.23779987	80.56717000
5.23799987	80.56717000
5.23819987	80.56717000
5.23839987	80.56717000
5.23859987	80.56717000
5.23879987	80.56717000
5.23899987	80.56717000
5.23919987	80.56717000
5.23939987	80.56717000
5.23959987	80.56717000
5.23979987	78.69094000
5.23999987	78.69094000
5.24019987	78.69094000
5.24039987	78.69094000
5.24059987	78.69094000
5.24079987	78.69094000
5.24099987	78.69094000
5.24119987	78.69094000
5.24139987	78.69094000
5.24159987	78.69094000
5.24179987	78.69094000
5.24199987	78.69094000
5.24219987	78.69094000
5.24239987	78.69094000
5.24259987	78.69094000
5.24279987	78.69094000
5.24299987	78.69094000
5.24319987	78.69094000
5.24339987	78.69094000
5.24359987	78.69094000
5.24379987	76.82086000
5.24399987	78.69094000
5.24419987	78.69094000
5.24439987	78.69094000
5.24459987	78.69094000
5.24479987	78.69094000
5.24499987	78.69094000
5.24519987	78.69094000
5.24539987	78.69094000
5.24559987	78.69094000
5.24579987	78.69094000
5.24599987	78.69094000
5.24619987	78.69094000
5.24639987	78.69094000
5.24659987	78.69094000
5.24679987	80.56717000
5.24699987	80.56717000
5.24719987	80.56717000
5.24739987	80.56717000
5.24759987	80.56717000
5.24779987	80.56717000
5.24799987	80.56717000
5.24819987	80.56717000
5.24839987	80.56717000
5.24859987	80.56717000
5.24879987	80.56717000
5.24899987	80.56717000
5.24919987	80.56717000
5.24939987	80.56717000
5.24959987	80.56717000
5.24979987	80.56717000
5.24999987	80.56717000
5.25019987	80.56717000
5.25039987	80.56717000
5.25059987	80.56717000
5.25079987	80.56717000
5.25099987	80.56717000
5.25119987	80.56717000
5.25139987	80.56717000
5.25159987	80.56717000
5.25179987	80.56717000
5.25199987	80.56717000
5.25219987	80.56717000
5.25239987	80.56717000
5.25259987	80.56717000
5.25279987	80.56717000
5.25299987	80.56717000
5.25319987	80.56717000
5.25339987	80.56717000
5.25359987	80.56717000
5.25379987	78.69094000
5.25399987	80.56717000
5.25419987	80.56717000
5.25439987	80.56717000
5.25459987	78.69094000
5.25479987	78.69094000
5.25499987	78.69094000
5.25519987	78.69094000
5.25539987	78.69094000
5.25559987	80.56717000
5.25579987	78.69094000
5.25599987	78.69094000
5.25619987	78.69094000
5.25639987	78.69094000
5.25659987	78.69094000
5.25679987	78.69094000
5.25699987	78.69094000
5.25719987	78.69094000
5.25739987	78.69094000
5.25759987	78.69094000
5.25779987	78.69094000
5.25799987	78.69094000
5.25819987	78.69094000
5.25839987	78.69094000
5.25859987	78.69094000
5.25879987	78.69094000
5.25899987	78.69094000
5.25919987	78.69094000
5.25939987	78.69094000
5.25959987	76.82086000
5.25979987	76.82086000
5.25999987	76.82086000
5.26019987	76.82086000
5.26039987	76.82086000
5.26059987	76.82086000
5.26079987	76.82086000
5.26099987	76.82086000
5.26119987	76.82086000
5.26139987	76.82086000
5.26159987	76.82086000
5.26179987	76.82086000
5.26199987	76.82086000
5.26219987	76.82086000
5.26239987	76.82086000
5.26259987	76.82086000
5.26279987	76.82086000
5.26299987	76.82086000
5.26319987	76.82086000
5.26339987	76.82086000
5.26359987	76.82086000
5.26379987	76.82086000
5.26399987	76.82086000
5.26419987	76.82086000
5.26439987	76.82086000
5.26459987	76.82086000
5.26479987	76.82086000
5.26499987	76.82086000
5.26519987	78.69094000
5.26539987	76.82086000
5.26559987	78.69094000
5.26579987	78.69094000
5.26599987	78.69094000
5.26619987	78.69094000
5.26639987	78.69094000
5.26659987	78.69094000
5.26679987	78.69094000
5.26699987	78.69094000
5.26719987	78.69094000
5.26739987	78.69094000
5.26759987	78.69094000
5.26779987	78.69094000
5.26799987	78.69094000
5.26819987	78.69094000
5.26839987	78.69094000
5.26859987	78.69094000
5.26879987	78.69094000
5.26899987	78.69094000
5.26919987	78.69094000
5.26939987	78.69094000
5.26959987	78.69094000
5.26979987	78.69094000
5.26999987	78.69094000
5.27019987	80.56717000
5.27039987	80.56717000
5.27059987	80.56717000
5.27079987	78.69094000
5.27099987	78.69094000
5.27119987	80.56717000
5.27139987	78.69094000
5.27159987	80.56717000
5.27179987	80.56717000
5.27199987	80.56717000
5.27219987	78.69094000
5.27239987	80.56717000
5.27259987	80.56717000
5.27279987	78.69094000
5.27299987	80.56717000
5.27319987	78.69094000
5.27339987	80.56717000
5.27359987	80.56717000
5.27379987	80.56717000
5.27399987	80.56717000
5.27419987	80.56717000
5.27439987	80.56717000
5.27459987	78.69094000
5.27479987	80.56717000
5.27499987	80.56717000
5.27519987	80.56717000
5.27539987	80.56717000
5.27559987	80.56717000
5.27579987	80.56717000
5.27599987	80.56717000
5.27619987	80.56717000
5.27639987	80.56717000
5.27659987	80.56717000
5.27679987	80.56717000
5.27699987	80.56717000
5.27719987	80.56717000
5.27739987	80.56717000
5.27759987	80.56717000
5.27779987	78.69094000
5.27799987	78.69094000
5.27819987	78.69094000
5.27839987	78.69094000
5.27859987	78.69094000
5.27879987	78.69094000
5.27899987	78.69094000
5.27919987	78.69094000
5.27939987	78.69094000
5.27959987	78.69094000
5.27979987	78.69094000
5.27999987	78.69094000
5.28019987	76.82086000
5.28039987	76.82086000
5.28059987	76.82086000
5.28079987	76.82086000
5.28099987	76.82086000
5.28119987	76.82086000
5.28139987	76.82086000
5.28159987	76.82086000
5.28179987	76.82086000
5.28199987	76.82086000
5.28219987	76.82086000
5.28239987	76.82086000
5.28259987	76.82086000
5.28279987	76.82086000
5.28299987	76.82086000
5.28319987	76.82086000
5.28339987	76.82086000
5.28359987	76.82086000
5.28379987	76.82086000
5.28399987	76.82086000
5.28419987	78.69094000
5.28439987	76.82086000
5.28459987	76.82086000
5.28479987	76.82086000
5.28499987	78.69094000
5.28519987	78.69094000
5.28539987	78.69094000
5.28559987	78.69094000
5.28579987	78.69094000
5.28599987	78.69094000
5.28619987	78.69094000
5.28639987	78.69094000
5.28659987	78.69094000
5.28679987	78.69094000
5.28699987	78.69094000
5.28719987	80.56717000
5.28739987	80.56717000
5.28759987	80.56717000
5.28779987	80.56717000
5.28799987	80.56717000
5.28819987	80.56717000
5.28839987	80.56717000
5.28859987	80.56717000
5.28879987	80.56717000
5.28899987	80.56717000
5.28919987	80.56717000
5.28939987	80.56717000
5.28959987	80.56717000
5.28979987	80.56717000
5.28999987	80.56717000
5.29019987	80.56717000
5.29039987	80.56717000
5.29059987	80.56717000
5.29079987	80.56717000
5.29099987	80.56717000
5.29119987	80.56717000
5.29139987	80.56717000
5.29159987	80.56717000
5.29179987	80.56717000
5.29199987	80.56717000
5.29219987	80.56717000
5.29239987	80.56717000
5.29259987	80.56717000
5.29279987	80.56717000
5.29299987	80.56717000
5.29319987	80.56717000
5.29339987	80.56717000
5.29359987	80.56717000
5.29379987	80.56717000
5.29399987	80.56717000
5.29419987	80.56717000
5.29439987	80.56717000
5.29459987	80.56717000
5.29479987	80.56717000
5.29499987	78.69094000
5.29519987	80.56717000
5.29539987	78.69094000
5.29559987	78.69094000
5.29579987	78.69094000
5.29599987	78.69094000
5.29619987	78.69094000
5.29639987	78.69094000
5.29659987	78.69094000
5.29679987	78.69094000
5.29699987	78.69094000
5.29719987	78.69094000
5.29739987	78.69094000
5.29759987	78.69094000
5.29779987	78.69094000
5.29799987	78.69094000
5.29819987	78.69094000
5.29839987	78.69094000
5.29859987	78.69094000
5.29879987	78.69094000
5.29899987	76.82086000
5.29919987	78.69094000
5.29939987	76.82086000
5.29959987	76.82086000
5.29979987	76.82086000
5.29999987	76.82086000
5.30019987	76.82086000
5.30039987	76.82086000
5.30059987	76.82086000
5.30079987	76.82086000
5.30099987	76.82086000
5.30119987	76.82086000
5.30139987	76.82086000
5.30159987	76.82086000
5.30179987	76.82086000
5.30199987	76.82086000
5.30219987	76.82086000
5.30239987	76.82086000
5.30259987	76.82086000
5.30279987	76.82086000
5.30299987	76.82086000
5.30319987	76.82086000
5.30339987	76.82086000
5.30359987	76.82086000
5.30379987	76.82086000
5.30399987	76.82086000
5.30419987	76.82086000
5.30439987	76.82086000
5.30459987	76.82086000
5.30479987	78.69094000
5.30499987	78.69094000
5.30519987	78.69094000
5.30539987	78.69094000
5.30559987	78.69094000
5.30579987	78.69094000
5.30599987	78.69094000
5.30619987	78.69094000
5.30639987	78.69094000
5.30659987	80.56717000
5.30679987	80.56717000
5.30699987	80.56717000
5.30719987	80.56717000
5.30739987	80.56717000
5.30759987	80.56717000
5.30779987	80.56717000
5.30799987	80.56717000
5.30819987	80.56717000
5.30839987	80.56717000
5.30859987	80.56717000
5.30879987	80.56717000
5.30899987	80.56717000
5.30919987	80.56717000
5.30939987	80.56717000
5.30959987	80.56717000
5.30979987	80.56717000
5.30999987	80.56717000
5.31019987	80.56717000
5.31039987	80.56717000
5.31059987	80.56717000
5.31079987	80.56717000
5.31099987	80.56717000
5.31119987	80.56717000
5.31139987	80.56717000
5.31159987	80.56717000
5.31179987	80.56717000
5.31199987	80.56717000
5.31219987	80.56717000
5.31239987	80.56717000
5.31259987	80.56717000
5.31279987	80.56717000
5.31299987	80.56717000
5.31319987	80.56717000
5.31339987	80.56717000
5.31359987	80.56717000
5.31379987	80.56717000
5.31399987	80.56717000
5.31419987	80.56717000
5.31439987	80.56717000
5.31459987	80.56717000
5.31479987	80.56717000
5.31499987	80.56717000
5.31519987	80.56717000
5.31539987	78.69094000
5.31559987	80.56717000
5.31579987	80.56717000
5.31599987	80.56717000
5.31619987	78.69094000
5.31639987	80.56717000
5.31659987	80.56717000
5.31679987	80.56717000
5.31699987	80.56717000
5.31719987	80.56717000
5.31739987	80.56717000
5.31759987	80.56717000
5.31779987	80.56717000
5.31799987	80.56717000
5.31819987	78.69094000
5.31839987	80.56717000
5.31859987	80.56717000
5.31879987	80.56717000
5.31899987	78.69094000
5.31919987	80.56717000
5.31939987	80.56717000
5.31959987	80.56717000
5.31979987	80.56717000
5.31999987	80.56717000
5.32019987	78.69094000
5.32039987	78.69094000
5.32059987	78.69094000
5.32079987	80.56717000
5.32099987	78.69094000
5.32119987	78.69094000
5.32139987	78.69094000
5.32159987	78.69094000
5.32179987	78.69094000
5.32199987	78.69094000
5.32219987	78.69094000
5.32239987	78.69094000
5.32259987	78.69094000
5.32279987	78.69094000
5.32299987	78.69094000
5.32319987	78.69094000
5.32339987	78.69094000
5.32359987	78.69094000
5.32379987	78.69094000
5.32399987	78.69094000
5.32419987	78.69094000
5.32439987	78.69094000
5.32459987	78.69094000
5.32479987	78.69094000
5.32499987	78.69094000
5.32519987	78.69094000
5.32539987	78.69094000
5.32559987	78.69094000
5.32579987	78.69094000
5.32599987	78.69094000
5.32619987	78.69094000
5.32639987	78.69094000
5.32659987	78.69094000
5.32679987	78.69094000
5.32699987	78.69094000
5.32719987	78.69094000
5.32739987	78.69094000
5.32759987	78.69094000
5.32779987	78.69094000
5.32799987	78.69094000
5.32819987	78.69094000
5.32839987	78.69094000
5.32859987	78.69094000
5.32879987	78.69094000
5.32899987	78.69094000
5.32919987	78.69094000
5.32939987	78.69094000
5.32959987	78.69094000
5.32979987	78.69094000
5.32999987	78.69094000
5.33019987	78.69094000
5.33039987	78.69094000
5.33059987	78.69094000
5.33079987	78.69094000
5.33099987	78.69094000
5.33119987	78.69094000
5.33139987	78.69094000
5.33159987	78.69094000
5.33179987	78.69094000
5.33199987	78.69094000
5.33219987	78.69094000
5.33239987	78.69094000
5.33259987	78.69094000
5.33279987	78.69094000
5.33299987	78.69094000
5.33319987	78.69094000
5.33339987	78.69094000
5.33359987	78.69094000
5.33379987	78.69094000
5.33399987	78.69094000
5.33419987	78.69094000
5.33439987	78.69094000
5.33459987	78.69094000
5.33479987	78.69094000
5.33499987	78.69094000
5.33519987	78.69094000
5.33539987	78.69094000
5.33559987	78.69094000
5.33579987	78.69094000
5.33599987	78.69094000
5.33619987	78.69094000
5.33639987	78.69094000
5.33659987	78.69094000
5.33679987	78.69094000
5.33699987	78.69094000
5.33719987	78.69094000
5.33739987	78.69094000
5.33759987	78.69094000
5.33779987	78.69094000
5.33799987	78.69094000
5.33819987	78.69094000
5.33839987	78.69094000
5.33859987	78.69094000
5.33879987	78.69094000
5.33899987	78.69094000
5.33919987	78.69094000
5.33939987	78.69094000
5.33959987	78.69094000
5.33979987	78.69094000
5.33999987	78.69094000
5.34019987	78.69094000
5.34039987	78.69094000
5.34059987	78.69094000
5.34079987	78.69094000
5.34099987	78.69094000
5.34119987	78.69094000
5.34139987	78.69094000
5.34159987	78.69094000
5.34179987	78.69094000
5.34199987	78.69094000
5.34219987	78.69094000
5.34239987	78.69094000
5.34259987	78.69094000
5.34279987	78.69094000
5.34299987	78.69094000
5.34319987	78.69094000
5.34339987	78.69094000
5.34359987	78.69094000
5.34379987	78.69094000
5.34399986	78.69094000
5.34419986	78.69094000
5.34439986	78.69094000
5.34459986	78.69094000
5.34479986	78.69094000
5.34499986	78.69094000
5.34519986	78.69094000
5.34539986	78.69094000
5.34559986	78.69094000
5.34579986	78.69094000
5.34599986	78.69094000
5.34619986	78.69094000
5.34639986	78.69094000
5.34659986	78.69094000
5.34679986	78.69094000
5.34699986	78.69094000
5.34719986	78.69094000
5.34739986	78.69094000
5.34759986	80.56717000
5.34779986	80.56717000
5.34799986	80.56717000
5.34819986	80.56717000
5.34839986	80.56717000
5.34859986	80.56717000
5.34879986	78.69094000
5.34899986	78.69094000
5.34919986	78.69094000
5.34939986	78.69094000
5.34959986	78.69094000
5.34979986	78.69094000
5.34999986	78.69094000
5.35019986	78.69094000
5.35039986	78.69094000
5.35059986	78.69094000
5.35079986	78.69094000
5.35099986	78.69094000
5.35119986	78.69094000
5.35139986	78.69094000
5.35159986	78.69094000
5.35179986	78.69094000
5.35199986	78.69094000
5.35219986	78.69094000
5.35239986	78.69094000
5.35259986	78.69094000
5.35279986	78.69094000
5.35299986	78.69094000
5.35319986	78.69094000
5.35339986	78.69094000
5.35359986	78.69094000
5.35379986	78.69094000
5.35399986	78.69094000
5.35419986	78.69094000
5.35439986	78.69094000
5.35459986	78.69094000
5.35479986	78.69094000
5.35499986	78.69094000
5.35519986	78.69094000
5.35539986	78.69094000
5.35559986	80.56717000
5.35579986	80.56717000
5.35599986	78.69094000
5.35619986	80.56717000
5.35639986	80.56717000
5.35659986	80.56717000
5.35679986	80.56717000
5.35699986	80.56717000
5.35719986	80.56717000
5.35739986	80.56717000
5.35759986	80.56717000
5.35779986	80.56717000
5.35799986	80.56717000
5.35819986	80.56717000
5.35839986	80.56717000
5.35859986	80.56717000
5.35879986	80.56717000
5.35899986	80.56717000
5.35919986	80.56717000
5.35939986	80.56717000
5.35959986	80.56717000
5.35979986	80.56717000
5.35999986	80.56717000
5.36019986	80.56717000
5.36039986	80.56717000
5.36059986	78.69094000
5.36079986	80.56717000
5.36099986	80.56717000
5.36119986	78.69094000
5.36139986	78.69094000
5.36159986	78.69094000
5.36179986	78.69094000
5.36199986	78.69094000
5.36219986	78.69094000
5.36239986	78.69094000
5.36259986	78.69094000
5.36279986	78.69094000
5.36299986	78.69094000
5.36319986	78.69094000
5.36339986	78.69094000
5.36359986	78.69094000
5.36379986	78.69094000
5.36399986	78.69094000
5.36419986	78.69094000
5.36439986	80.56717000
5.36459986	78.69094000
5.36479986	78.69094000
5.36499986	78.69094000
5.36519986	78.69094000
5.36539986	78.69094000
5.36559986	78.69094000
5.36579986	78.69094000
5.36599986	78.69094000
5.36619986	78.69094000
5.36639986	78.69094000
5.36659986	78.69094000
5.36679986	78.69094000
5.36699986	78.69094000
5.36719986	78.69094000
5.36739986	78.69094000
5.36759986	78.69094000
5.36779986	78.69094000
5.36799986	78.69094000
5.36819986	78.69094000
5.36839986	78.69094000
5.36859986	78.69094000
5.36879986	78.69094000
5.36899986	78.69094000
5.36919986	78.69094000
5.36939986	78.69094000
5.36959986	78.69094000
5.36979986	78.69094000
5.36999986	78.69094000
5.37019986	78.69094000
5.37039986	78.69094000
5.37059986	78.69094000
5.37079986	78.69094000
5.37099986	78.69094000
5.37119986	78.69094000
5.37139986	78.69094000
5.37159986	78.69094000
5.37179986	78.69094000
5.37199986	78.69094000
5.37219986	78.69094000
5.37239986	78.69094000
5.37259986	78.69094000
5.37279986	78.69094000
5.37299986	78.69094000
5.37319986	78.69094000
5.37339986	78.69094000
5.37359986	78.69094000
5.37379986	78.69094000
5.37399986	78.69094000
5.37419986	78.69094000
5.37439986	78.69094000
5.37459986	78.69094000
5.37479986	78.69094000
5.37499986	78.69094000
5.37519986	78.69094000
5.37539986	78.69094000
5.37559986	78.69094000
5.37579986	78.69094000
5.37599986	80.56717000
5.37619986	78.69094000
5.37639986	80.56717000
5.37659986	80.56717000
5.37679986	80.56717000
5.37699986	80.56717000
5.37719986	80.56717000
5.37739986	80.56717000
5.37759986	80.56717000
5.37779986	80.56717000
5.37799986	80.56717000
5.37819986	80.56717000
5.37839986	80.56717000
5.37859986	80.56717000
5.37879986	80.56717000
5.37899986	80.56717000
5.37919986	80.56717000
5.37939986	80.56717000
5.37959986	80.56717000
5.37979986	80.56717000
5.37999986	80.56717000
5.38019986	78.69094000
5.38039986	78.69094000
5.38059986	78.69094000
5.38079986	78.69094000
5.38099986	78.69094000
5.38119986	78.69094000
5.38139986	78.69094000
5.38159986	78.69094000
5.38179986	78.69094000
5.38199986	78.69094000
5.38219986	78.69094000
5.38239986	76.82086000
5.38259986	76.82086000
5.38279986	76.82086000
5.38299986	76.82086000
5.38319986	76.82086000
5.38339986	76.82086000
5.38359986	76.82086000
5.38379986	76.82086000
5.38399986	76.82086000
5.38419986	76.82086000
5.38439986	76.82086000
5.38459986	76.82086000
5.38479986	76.82086000
5.38499986	76.82086000
5.38519986	76.82086000
5.38539986	76.82086000
5.38559986	76.82086000
5.38579986	76.82086000
5.38599986	76.82086000
5.38619986	76.82086000
5.38639986	76.82086000
5.38659986	76.82086000
5.38679986	76.82086000
5.38699986	76.82086000
5.38719986	76.82086000
5.38739986	76.82086000
5.38759986	76.82086000
5.38779986	76.82086000
5.38799986	76.82086000
5.38819986	76.82086000
5.38839986	78.69094000
5.38859986	78.69094000
5.38879986	78.69094000
5.38899986	78.69094000
5.38919986	78.69094000
5.38939986	78.69094000
5.38959986	78.69094000
5.38979986	78.69094000
5.38999986	78.69094000
5.39019986	78.69094000
5.39039986	78.69094000
5.39059986	78.69094000
5.39079986	78.69094000
5.39099986	78.69094000
5.39119986	78.69094000
5.39139986	78.69094000
5.39159986	78.69094000
5.39179986	78.69094000
5.39199986	78.69094000
5.39219986	78.69094000
5.39239986	78.69094000
5.39259986	78.69094000
5.39279986	78.69094000
5.39299986	78.69094000
5.39319986	78.69094000
5.39339986	78.69094000
5.39359986	78.69094000
5.39379986	78.69094000
5.39399986	78.69094000
5.39419986	78.69094000
5.39439986	78.69094000
5.39459986	78.69094000
5.39479986	80.56717000
5.39499986	80.56717000
5.39519986	80.56717000
5.39539986	80.56717000
5.39559986	80.56717000
5.39579986	80.56717000
5.39599986	80.56717000
5.39619986	80.56717000
5.39639986	80.56717000
5.39659986	80.56717000
5.39679986	80.56717000
5.39699986	80.56717000
5.39719986	80.56717000
5.39739986	80.56717000
5.39759986	80.56717000
5.39779986	80.56717000
5.39799986	80.56717000
5.39819986	80.56717000
5.39839986	80.56717000
5.39859986	80.56717000
5.39879986	80.56717000
5.39899986	80.56717000
5.39919986	80.56717000
5.39939986	78.69094000
5.39959986	78.69094000
5.39979986	78.69094000
5.39999986	78.69094000
5.40019986	78.69094000
5.40039986	78.69094000
5.40059986	78.69094000
5.40079986	78.69094000
5.40099986	78.69094000
5.40119986	78.69094000
5.40139986	78.69094000
5.40159986	78.69094000
5.40179986	78.69094000
5.40199986	78.69094000
5.40219986	76.82086000
5.40239986	76.82086000
5.40259986	76.82086000
5.40279986	76.82086000
5.40299986	76.82086000
5.40319986	76.82086000
5.40339986	76.82086000
5.40359986	78.69094000
5.40379986	78.69094000
5.40399986	76.82086000
5.40419986	78.69094000
5.40439986	78.69094000
5.40459986	78.69094000
5.40479986	78.69094000
5.40499986	78.69094000
5.40519986	78.69094000
5.40539986	78.69094000
5.40559986	78.69094000
5.40579986	78.69094000
5.40599986	78.69094000
5.40619986	78.69094000
5.40639986	78.69094000
5.40659986	78.69094000
5.40679986	78.69094000
5.40699986	80.56717000
5.40719986	80.56717000
5.40739986	80.56717000
5.40759986	80.56717000
5.40779986	80.56717000
5.40799986	80.56717000
5.40819986	80.56717000
5.40839986	80.56717000
5.40859986	80.56717000
5.40879986	80.56717000
5.40899986	80.56717000
5.40919986	80.56717000
5.40939986	80.56717000
5.40959986	80.56717000
5.40979986	80.56717000
5.40999986	80.56717000
5.41019986	80.56717000
5.41039986	80.56717000
5.41059986	80.56717000
5.41079986	80.56717000
5.41099986	80.56717000
5.41119986	80.56717000
5.41139986	80.56717000
5.41159986	80.56717000
5.41179986	80.56717000
5.41199986	80.56717000
5.41219986	80.56717000
5.41239986	80.56717000
5.41259986	80.56717000
5.41279986	80.56717000
5.41299986	80.56717000
5.41319986	80.56717000
5.41339986	80.56717000
5.41359986	82.43725000
5.41379986	80.56717000
5.41399986	82.43725000
5.41419986	82.43725000
5.41439986	82.43725000
5.41459986	82.43725000
5.41479986	82.43725000
5.41499986	82.43725000
5.41519986	82.43725000
5.41539986	82.43725000
5.41559986	82.43725000
5.41579986	82.43725000
5.41599986	82.43725000
5.41619986	82.43725000
5.41639986	82.43725000
5.41659986	82.43725000
5.41679986	82.43725000
5.41699986	82.43725000
5.41719986	82.43725000
5.41739986	82.43725000
5.41759986	82.43725000
5.41779986	82.43725000
5.41799986	82.43725000
5.41819986	82.43725000
5.41839986	80.56717000
5.41859986	80.56717000
5.41879986	80.56717000
5.41899986	80.56717000
5.41919986	80.56717000
5.41939986	80.56717000
5.41959986	80.56717000
5.41979986	80.56717000
5.41999986	78.69094000
5.42019986	78.69094000
5.42039986	78.69094000
5.42059986	78.69094000
5.42079986	78.69094000
5.42099986	78.69094000
5.42119986	78.69094000
5.42139986	78.69094000
5.42159986	78.69094000
5.42179986	76.82086000
5.42199986	76.82086000
5.42219986	76.82086000
5.42239986	76.82086000
5.42259986	76.82086000
5.42279986	76.82086000
5.42299986	76.82086000
5.42319986	76.82086000
5.42339986	76.82086000
5.42359986	76.82086000
5.42379986	76.82086000
5.42399986	76.82086000
5.42419986	76.82086000
5.42439986	76.82086000
5.42459986	76.82086000
5.42479986	76.82086000
5.42499986	76.82086000
5.42519986	76.82086000
5.42539986	76.82086000
5.42559986	76.82086000
5.42579986	76.82086000
5.42599986	76.82086000
5.42619986	76.82086000
5.42639986	76.82086000
5.42659986	76.82086000
5.42679986	76.82086000
5.42699986	76.82086000
5.42719986	76.82086000
5.42739986	76.82086000
5.42759986	76.82086000
5.42779986	76.82086000
5.42799986	76.82086000
5.42819986	76.82086000
5.42839986	76.82086000
5.42859986	76.82086000
5.42879986	76.82086000
5.42899986	76.82086000
5.42919986	76.82086000
5.42939986	78.69094000
5.42959986	78.69094000
5.42979986	78.69094000
5.42999986	78.69094000
5.43019986	76.82086000
5.43039986	78.69094000
5.43059986	78.69094000
5.43079986	78.69094000
5.43099986	78.69094000
5.43119986	78.69094000
5.43139986	78.69094000
5.43159986	78.69094000
5.43179986	78.69094000
5.43199986	78.69094000
5.43219986	78.69094000
5.43239986	78.69094000
5.43259986	78.69094000
5.43279986	78.69094000
5.43299986	78.69094000
5.43319986	78.69094000
5.43339986	80.56717000
5.43359986	80.56717000
5.43379986	80.56717000
5.43399986	80.56717000
5.43419986	80.56717000
5.43439986	80.56717000
5.43459986	80.56717000
5.43479986	80.56717000
5.43499986	80.56717000
5.43519986	80.56717000
5.43539986	80.56717000
5.43559986	80.56717000
5.43579986	80.56717000
5.43599986	80.56717000
5.43619986	80.56717000
5.43639986	80.56717000
5.43659986	80.56717000
5.43679986	80.56717000
5.43699986	80.56717000
5.43719986	80.56717000
5.43739986	80.56717000
5.43759986	80.56717000
5.43779986	80.56717000
5.43799986	80.56717000
5.43819986	80.56717000
5.43839986	80.56717000
5.43859986	80.56717000
5.43879986	80.56717000
5.43899986	78.69094000
5.43919986	78.69094000
5.43939986	78.69094000
5.43959986	78.69094000
5.43979986	78.69094000
5.43999986	78.69094000
5.44019986	78.69094000
5.44039986	78.69094000
5.44059986	78.69094000
5.44079986	78.69094000
5.44099986	78.69094000
5.44119986	78.69094000
5.44139986	78.69094000
5.44159986	78.69094000
5.44179986	78.69094000
5.44199986	78.69094000
5.44219986	78.69094000
5.44239986	78.69094000
5.44259986	78.69094000
5.44279986	78.69094000
5.44299986	78.69094000
5.44319986	78.69094000
5.44339986	78.69094000
5.44359986	78.69094000
5.44379986	78.69094000
5.44399986	78.69094000
5.44419986	78.69094000
5.44439986	78.69094000
5.44459986	78.69094000
5.44479986	78.69094000
5.44499986	78.69094000
5.44519986	78.69094000
5.44539986	78.69094000
5.44559986	78.69094000
5.44579986	78.69094000
5.44599986	78.69094000
5.44619986	78.69094000
5.44639986	78.69094000
5.44659986	78.69094000
5.44679986	78.69094000
5.44699986	78.69094000
5.44719986	78.69094000
5.44739986	78.69094000
5.44759986	78.69094000
5.44779986	78.69094000
5.44799986	78.69094000
5.44819986	78.69094000
5.44839986	78.69094000
5.44859986	78.69094000
5.44879986	78.69094000
5.44899986	78.69094000
5.44919986	78.69094000
5.44939986	78.69094000
5.44959986	78.69094000
5.44979986	78.69094000
5.44999986	78.69094000
5.45019986	78.69094000
5.45039986	78.69094000
5.45059986	78.69094000
5.45079986	78.69094000
5.45099986	78.69094000
5.45119986	78.69094000
5.45139986	78.69094000
5.45159986	78.69094000
5.45179986	78.69094000
5.45199986	78.69094000
5.45219986	78.69094000
5.45239986	80.56717000
5.45259986	78.69094000
5.45279986	78.69094000
5.45299986	78.69094000
5.45319986	78.69094000
5.45339986	78.69094000
5.45359986	78.69094000
5.45379986	80.56717000
5.45399986	80.56717000
5.45419986	80.56717000
5.45439986	80.56717000
5.45459986	80.56717000
5.45479986	80.56717000
5.45499986	80.56717000
5.45519986	80.56717000
5.45539986	80.56717000
5.45559986	80.56717000
5.45579986	80.56717000
5.45599986	80.56717000
5.45619986	80.56717000
5.45639986	80.56717000
5.45659986	80.56717000
5.45679986	80.56717000
5.45699986	80.56717000
5.45719986	80.56717000
5.45739986	80.56717000
5.45759986	80.56717000
5.45779986	78.69094000
5.45799986	78.69094000
5.45819986	78.69094000
5.45839986	78.69094000
5.45859986	78.69094000
5.45879986	78.69094000
5.45899986	78.69094000
5.45919986	78.69094000
5.45939986	78.69094000
5.45959986	78.69094000
5.45979986	78.69094000
5.45999986	78.69094000
5.46019986	78.69094000
5.46039986	78.69094000
5.46059986	78.69094000
5.46079986	78.69094000
5.46099986	78.69094000
5.46119986	78.69094000
5.46139986	78.69094000
5.46159986	78.69094000
5.46179986	78.69094000
5.46199986	78.69094000
5.46219986	78.69094000
5.46239986	78.69094000
5.46259986	78.69094000
5.46279986	78.69094000
5.46299986	78.69094000
5.46319986	78.69094000
5.46339986	78.69094000
5.46359986	78.69094000
5.46379986	78.69094000
5.46399986	78.69094000
5.46419986	78.69094000
5.46439986	78.69094000
5.46459986	78.69094000
5.46479986	78.69094000
5.46499986	78.69094000
5.46519986	78.69094000
5.46539986	78.69094000
5.46559986	78.69094000
5.46579986	78.69094000
5.46599986	78.69094000
5.46619986	78.69094000
5.46639986	78.69094000
5.46659986	78.69094000
5.46679986	78.69094000
5.46699986	78.69094000
5.46719986	78.69094000
5.46739986	78.69094000
5.46759986	78.69094000
5.46779986	78.69094000
5.46799986	78.69094000
5.46819986	78.69094000
5.46839986	78.69094000
5.46859986	78.69094000
5.46879986	78.69094000
5.46899986	78.69094000
5.46919986	78.69094000
5.46939986	78.69094000
5.46959986	78.69094000
5.46979986	78.69094000
5.46999986	78.69094000
5.47019986	78.69094000
5.47039986	78.69094000
5.47059986	78.69094000
5.47079986	78.69094000
5.47099986	78.69094000
5.47119986	78.69094000
5.47139986	78.69094000
5.47159986	78.69094000
5.47179986	78.69094000
5.47199986	78.69094000
5.47219986	78.69094000
5.47239986	78.69094000
5.47259986	78.69094000
5.47279986	78.69094000
5.47299986	78.69094000
5.47319986	78.69094000
5.47339986	78.69094000
5.47359986	78.69094000
5.47379986	78.69094000
5.47399986	78.69094000
5.47419986	78.69094000
5.47439986	78.69094000
5.47459986	78.69094000
5.47479986	78.69094000
5.47499986	78.69094000
5.47519986	78.69094000
5.47539986	78.69094000
5.47559986	78.69094000
5.47579986	78.69094000
5.47599986	78.69094000
5.47619986	78.69094000
5.47639986	78.69094000
5.47659986	78.69094000
5.47679986	78.69094000
5.47699986	78.69094000
5.47719986	78.69094000
5.47739986	78.69094000
5.47759986	78.69094000
5.47779986	78.69094000
5.47799986	78.69094000
5.47819986	78.69094000
5.47839986	78.69094000
5.47859986	78.69094000
5.47879986	78.69094000
5.47899986	78.69094000
5.47919986	78.69094000
5.47939986	78.69094000
5.47959986	78.69094000
5.47979986	78.69094000
5.47999986	78.69094000
5.48019986	78.69094000
5.48039986	78.69094000
5.48059986	78.69094000
5.48079986	78.69094000
5.48099986	78.69094000
5.48119986	78.69094000
5.48139986	78.69094000
5.48159986	78.69094000
5.48179986	78.69094000
5.48199986	78.69094000
5.48219986	78.69094000
5.48239986	78.69094000
5.48259986	78.69094000
5.48279986	78.69094000
5.48299986	78.69094000
5.48319986	78.69094000
5.48339986	78.69094000
5.48359986	78.69094000
5.48379986	78.69094000
5.48399986	78.69094000
5.48419986	78.69094000
5.48439986	78.69094000
5.48459986	78.69094000
5.48479986	78.69094000
5.48499986	78.69094000
5.48519986	78.69094000
5.48539986	78.69094000
5.48559986	78.69094000
5.48579986	78.69094000
5.48599986	78.69094000
5.48619986	78.69094000
5.48639986	78.69094000
5.48659986	78.69094000
5.48679986	78.69094000
5.48699986	78.69094000
5.48719986	78.69094000
5.48739986	78.69094000
5.48759986	78.69094000
5.48779986	78.69094000
5.48799986	78.69094000
5.48819986	76.82086000
5.48839986	76.82086000
5.48859986	78.69094000
5.48879986	76.82086000
5.48899986	78.69094000
5.48919986	78.69094000
5.48939986	78.69094000
5.48959986	78.69094000
5.48979986	78.69094000
5.48999986	78.69094000
5.49019986	78.69094000
5.49039986	78.69094000
5.49059986	76.82086000
5.49079986	76.82086000
5.49099986	78.69094000
5.49119986	78.69094000
5.49139986	78.69094000
5.49159986	78.69094000
5.49179986	76.82086000
5.49199986	78.69094000
5.49219986	78.69094000
5.49239986	78.69094000
5.49259986	78.69094000
5.49279986	78.69094000
5.49299986	78.69094000
5.49319986	78.69094000
5.49339986	78.69094000
5.49359986	78.69094000
5.49379986	78.69094000
5.49399986	78.69094000
5.49419986	78.69094000
5.49439986	78.69094000
5.49459986	78.69094000
5.49479986	78.69094000
5.49499986	78.69094000
5.49519986	78.69094000
5.49539986	78.69094000
5.49559986	78.69094000
5.49579986	78.69094000
5.49599986	78.69094000
5.49619986	78.69094000
5.49639986	78.69094000
5.49659986	78.69094000
5.49679986	78.69094000
5.49699986	78.69094000
5.49719986	78.69094000
5.49739986	78.69094000
5.49759986	78.69094000
5.49779986	80.56717000
5.49799986	80.56717000
5.49819986	78.69094000
5.49839986	80.56717000
5.49859986	78.69094000
5.49879986	78.69094000
5.49899986	80.56717000
5.49919986	80.56717000
5.49939986	80.56717000
5.49959986	80.56717000
5.49979986	80.56717000
5.49999986	80.56717000
5.50019986	80.56717000
5.50039986	80.56717000
5.50059986	80.56717000
5.50079986	80.56717000
5.50099986	80.56717000
5.50119986	80.56717000
5.50139986	80.56717000
5.50159986	80.56717000
5.50179986	80.56717000
5.50199986	80.56717000
5.50219986	80.56717000
5.50239986	80.56717000
5.50259986	80.56717000
5.50279986	80.56717000
5.50299986	80.56717000
5.50319986	80.56717000
5.50339986	80.56717000
5.50359986	78.69094000
5.50379986	80.56717000
5.50399986	78.69094000
5.50419986	78.69094000
5.50439986	78.69094000
5.50459986	78.69094000
5.50479986	78.69094000
5.50499986	78.69094000
5.50519986	78.69094000
5.50539986	78.69094000
5.50559986	78.69094000
5.50579986	78.69094000
5.50599986	78.69094000
5.50619986	78.69094000
5.50639986	78.69094000
5.50659986	78.69094000
5.50679986	78.69094000
5.50699986	78.69094000
5.50719986	78.69094000
5.50739986	78.69094000
5.50759986	78.69094000
5.50779986	78.69094000
5.50799986	78.69094000
5.50819986	78.69094000
5.50839986	78.69094000
5.50859986	78.69094000
5.50879986	78.69094000
5.50899986	78.69094000
5.50919986	78.69094000
5.50939986	78.69094000
5.50959986	78.69094000
5.50979986	78.69094000
5.50999986	78.69094000
5.51019986	78.69094000
5.51039986	78.69094000
5.51059986	78.69094000
5.51079986	78.69094000
5.51099986	78.69094000
5.51119986	78.69094000
5.51139986	78.69094000
5.51159986	78.69094000
5.51179986	78.69094000
5.51199986	78.69094000
5.51219986	78.69094000
5.51239986	78.69094000
5.51259986	78.69094000
5.51279986	78.69094000
5.51299986	78.69094000
5.51319986	78.69094000
5.51339986	78.69094000
5.51359986	78.69094000
5.51379986	78.69094000
5.51399986	78.69094000
5.51419986	78.69094000
5.51439986	78.69094000
5.51459986	78.69094000
5.51479986	78.69094000
5.51499986	78.69094000
5.51519986	78.69094000
5.51539986	78.69094000
5.51559986	78.69094000
5.51579986	78.69094000
5.51599986	78.69094000
5.51619986	78.69094000
5.51639986	78.69094000
5.51659986	78.69094000
5.51679986	78.69094000
5.51699986	78.69094000
5.51719986	78.69094000
5.51739986	78.69094000
5.51759986	78.69094000
5.51779986	78.69094000
5.51799986	78.69094000
5.51819986	78.69094000
5.51839986	78.69094000
5.51859986	78.69094000
5.51879986	78.69094000
5.51899986	78.69094000
5.51919986	78.69094000
5.51939986	78.69094000
5.51959986	78.69094000
5.51979986	78.69094000
5.51999986	78.69094000
5.52019986	78.69094000
5.52039986	78.69094000
5.52059986	78.69094000
5.52079986	78.69094000
5.52099986	78.69094000
5.52119986	78.69094000
5.52139986	78.69094000
5.52159986	78.69094000
5.52179986	78.69094000
5.52199986	78.69094000
5.52219986	78.69094000
5.52239986	78.69094000
5.52259986	78.69094000
5.52279986	78.69094000
5.52299986	78.69094000
5.52319986	78.69094000
5.52339986	78.69094000
5.52359986	78.69094000
5.52379986	78.69094000
5.52399986	78.69094000
5.52419986	76.82086000
5.52439986	76.82086000
5.52459986	76.82086000
5.52479986	76.82086000
5.52499986	76.82086000
5.52519986	76.82086000
5.52539986	76.82086000
5.52559986	76.82086000
5.52579986	76.82086000
5.52599986	76.82086000
5.52619986	76.82086000
5.52639986	76.82086000
5.52659986	76.82086000
5.52679986	76.82086000
5.52699986	76.82086000
5.52719986	76.82086000
5.52739986	76.82086000
5.52759986	76.82086000
5.52779986	76.82086000
5.52799986	76.82086000
5.52819986	76.82086000
5.52839986	76.82086000
5.52859986	76.82086000
5.52879986	76.82086000
5.52899986	76.82086000
5.52919986	76.82086000
5.52939986	76.82086000
5.52959986	76.82086000
5.52979986	76.82086000
5.52999986	76.82086000
5.53019986	76.82086000
5.53039986	76.82086000
5.53059986	76.82086000
5.53079986	76.82086000
5.53099986	76.82086000
5.53119986	76.82086000
5.53139986	78.69094000
5.53159986	78.69094000
5.53179986	78.69094000
5.53199986	78.69094000
5.53219986	78.69094000
5.53239986	78.69094000
5.53259986	78.69094000
5.53279986	78.69094000
5.53299986	78.69094000
5.53319986	78.69094000
5.53339986	78.69094000
5.53359986	78.69094000
5.53379986	78.69094000
5.53399986	78.69094000
5.53419986	78.69094000
5.53439986	80.56717000
5.53459986	80.56717000
5.53479986	80.56717000
5.53499986	78.69094000
5.53519986	78.69094000
5.53539986	78.69094000
5.53559986	80.56717000
5.53579986	80.56717000
5.53599986	80.56717000
5.53619986	80.56717000
5.53639986	80.56717000
5.53659986	80.56717000
5.53679986	80.56717000
5.53699986	80.56717000
5.53719986	80.56717000
5.53739986	80.56717000
5.53759986	80.56717000
5.53779986	80.56717000
5.53799986	80.56717000
5.53819986	80.56717000
5.53839986	80.56717000
5.53859986	80.56717000
5.53879986	80.56717000
5.53899986	80.56717000
5.53919986	80.56717000
5.53939986	80.56717000
5.53959986	80.56717000
5.53979986	80.56717000
5.53999986	80.56717000
5.54019986	80.56717000
5.54039986	80.56717000
5.54059986	80.56717000
5.54079986	80.56717000
5.54099986	80.56717000
5.54119986	80.56717000
5.54139986	80.56717000
5.54159986	80.56717000
5.54179986	80.56717000
5.54199986	78.69094000
5.54219986	78.69094000
5.54239986	78.69094000
5.54259986	78.69094000
5.54279986	78.69094000
5.54299986	78.69094000
5.54319986	78.69094000
5.54339986	78.69094000
5.54359986	78.69094000
5.54379986	78.69094000
5.54399986	78.69094000
5.54419986	78.69094000
5.54439986	78.69094000
5.54459986	78.69094000
5.54479986	76.82086000
5.54499986	78.69094000
5.54519986	76.82086000
5.54539986	76.82086000
5.54559986	76.82086000
5.54579986	76.82086000
5.54599986	76.82086000
5.54619986	76.82086000
5.54639986	76.82086000
5.54659986	76.82086000
5.54679986	76.82086000
5.54699986	76.82086000
5.54719986	76.82086000
5.54739986	76.82086000
5.54759986	76.82086000
5.54779986	76.82086000
5.54799986	76.82086000
5.54819986	76.82086000
5.54839986	78.69094000
5.54859986	76.82086000
5.54879986	76.82086000
5.54899986	76.82086000
5.54919986	76.82086000
5.54939986	76.82086000
5.54959986	76.82086000
5.54979986	76.82086000
5.54999986	76.82086000
5.55019986	76.82086000
5.55039986	78.69094000
5.55059986	78.69094000
5.55079986	78.69094000
5.55099986	78.69094000
5.55119986	78.69094000
5.55139986	78.69094000
5.55159986	78.69094000
5.55179986	78.69094000
5.55199986	78.69094000
5.55219986	78.69094000
5.55239986	78.69094000
5.55259986	78.69094000
5.55279986	78.69094000
5.55299986	78.69094000
5.55319986	78.69094000
5.55339986	78.69094000
5.55359986	78.69094000
5.55379986	78.69094000
5.55399986	78.69094000
5.55419986	80.56717000
5.55439986	80.56717000
5.55459986	80.56717000
5.55479986	80.56717000
5.55499986	80.56717000
5.55519986	80.56717000
5.55539986	80.56717000
5.55559986	80.56717000
5.55579986	80.56717000
5.55599986	80.56717000
5.55619986	80.56717000
5.55639986	80.56717000
5.55659986	80.56717000
5.55679986	80.56717000
5.55699986	80.56717000
5.55719986	80.56717000
5.55739986	80.56717000
5.55759986	80.56717000
5.55779986	80.56717000
5.55799986	80.56717000
5.55819986	80.56717000
5.55839986	80.56717000
5.55859986	80.56717000
5.55879986	80.56717000
5.55899986	80.56717000
5.55919986	80.56717000
5.55939986	80.56717000
5.55959986	80.56717000
5.55979986	80.56717000
5.55999986	80.56717000
5.56019986	80.56717000
5.56039986	80.56717000
5.56059986	80.56717000
5.56079986	80.56717000
5.56099986	80.56717000
5.56119986	80.56717000
5.56139986	80.56717000
5.56159986	80.56717000
5.56179986	80.56717000
5.56199986	80.56717000
5.56219986	80.56717000
5.56239986	80.56717000
5.56259986	80.56717000
5.56279986	80.56717000
5.56299986	80.56717000
5.56319986	78.69094000
5.56339986	78.69094000
5.56359986	78.69094000
5.56379986	78.69094000
5.56399986	78.69094000
5.56419986	78.69094000
5.56439986	78.69094000
5.56459986	78.69094000
5.56479986	78.69094000
5.56499986	78.69094000
5.56519986	78.69094000
5.56539986	78.69094000
5.56559986	78.69094000
5.56579986	78.69094000
5.56599986	78.69094000
5.56619986	76.82086000
5.56639986	76.82086000
5.56659986	76.82086000
5.56679986	76.82086000
5.56699986	76.82086000
5.56719986	76.82086000
5.56739986	76.82086000
5.56759986	76.82086000
5.56779986	76.82086000
5.56799986	76.82086000
5.56819986	76.82086000
5.56839986	76.82086000
5.56859986	76.82086000
5.56879986	76.82086000
5.56899986	76.82086000
5.56919986	76.82086000
5.56939986	76.82086000
5.56959986	76.82086000
5.56979986	76.82086000
5.56999986	76.82086000
5.57019986	76.82086000
5.57039986	76.82086000
5.57059986	76.82086000
5.57079986	76.82086000
5.57099986	76.82086000
5.57119986	76.82086000
5.57139986	76.82086000
5.57159986	76.82086000
5.57179986	76.82086000
5.57199986	76.82086000
5.57219986	76.82086000
5.57239986	76.82086000
5.57259986	76.82086000
5.57279986	76.82086000
5.57299986	76.82086000
5.57319986	76.82086000
5.57339986	76.82086000
5.57359986	78.69094000
5.57379986	78.69094000
5.57399986	78.69094000
5.57419986	78.69094000
5.57439986	78.69094000
5.57459986	78.69094000
5.57479986	78.69094000
5.57499986	78.69094000
5.57519986	78.69094000
5.57539986	78.69094000
5.57559986	78.69094000
5.57579986	78.69094000
5.57599986	78.69094000
5.57619986	78.69094000
5.57639986	78.69094000
5.57659986	78.69094000
5.57679986	78.69094000
5.57699986	80.56717000
5.57719986	78.69094000
5.57739986	78.69094000
5.57759986	78.69094000
5.57779986	78.69094000
5.57799986	78.69094000
5.57819986	78.69094000
5.57839986	78.69094000
5.57859986	78.69094000
5.57879986	78.69094000
5.57899986	78.69094000
5.57919986	78.69094000
5.57939986	78.69094000
5.57959986	78.69094000
5.57979986	78.69094000
5.57999986	78.69094000
5.58019986	78.69094000
5.58039986	78.69094000
5.58059986	78.69094000
5.58079986	80.56717000
5.58099986	80.56717000
5.58119986	80.56717000
5.58139986	80.56717000
5.58159986	80.56717000
5.58179986	78.69094000
5.58199986	80.56717000
5.58219986	78.69094000
5.58239986	80.56717000
5.58259986	78.69094000
5.58279986	78.69094000
5.58299986	78.69094000
5.58319986	80.56717000
5.58339986	80.56717000
5.58359986	80.56717000
5.58379986	80.56717000
5.58399986	80.56717000
5.58419986	80.56717000
5.58439986	80.56717000
5.58459986	80.56717000
5.58479986	80.56717000
5.58499986	80.56717000
5.58519986	80.56717000
5.58539986	80.56717000
5.58559986	80.56717000
5.58579986	80.56717000
5.58599986	80.56717000
5.58619986	80.56717000
5.58639986	80.56717000
5.58659986	80.56717000
5.58679986	80.56717000
5.58699986	80.56717000
5.58719986	80.56717000
5.58739986	80.56717000
5.58759986	80.56717000
5.58779986	80.56717000
5.58799986	78.69094000
5.58819986	80.56717000
5.58839986	78.69094000
5.58859986	80.56717000
5.58879986	78.69094000
5.58899986	78.69094000
5.58919986	78.69094000
5.58939986	78.69094000
5.58959986	78.69094000
5.58979986	78.69094000
5.58999986	78.69094000
5.59019986	78.69094000
5.59039986	78.69094000
5.59059986	78.69094000
5.59079986	78.69094000
5.59099986	78.69094000
5.59119986	78.69094000
5.59139986	78.69094000
5.59159986	78.69094000
5.59179986	78.69094000
5.59199986	78.69094000
5.59219986	78.69094000
5.59239986	78.69094000
5.59259986	78.69094000
5.59279986	78.69094000
5.59299986	78.69094000
5.59319986	78.69094000
5.59339986	78.69094000
5.59359986	78.69094000
5.59379986	78.69094000
5.59399986	78.69094000
5.59419986	78.69094000
5.59439986	78.69094000
5.59459986	78.69094000
5.59479986	78.69094000
5.59499986	78.69094000
5.59519986	78.69094000
5.59539986	78.69094000
5.59559986	78.69094000
5.59579986	78.69094000
5.59599986	80.56717000
5.59619986	78.69094000
5.59639986	80.56717000
5.59659986	80.56717000
5.59679986	80.56717000
5.59699986	80.56717000
5.59719986	80.56717000
5.59739986	80.56717000
5.59759986	80.56717000
5.59779986	80.56717000
5.59799986	80.56717000
5.59819986	80.56717000
5.59839986	80.56717000
5.59859986	80.56717000
5.59879986	80.56717000
5.59899986	80.56717000
5.59919986	80.56717000
5.59939986	80.56717000
5.59959986	80.56717000
5.59979986	80.56717000
5.59999986	80.56717000
5.60019986	80.56717000
5.60039986	80.56717000
5.60059986	80.56717000
5.60079986	80.56717000
5.60099986	80.56717000
5.60119986	80.56717000
5.60139986	80.56717000
5.60159986	80.56717000
5.60179986	80.56717000
5.60199986	80.56717000
5.60219986	80.56717000
5.60239986	80.56717000
5.60259986	80.56717000
5.60279986	80.56717000
5.60299986	80.56717000
5.60319986	80.56717000
5.60339986	80.56717000
5.60359986	80.56717000
5.60379986	80.56717000
5.60399986	80.56717000
5.60419986	80.56717000
5.60439986	80.56717000
5.60459986	80.56717000
5.60479986	80.56717000
5.60499986	80.56717000
5.60519986	80.56717000
5.60539986	80.56717000
5.60559986	80.56717000
5.60579986	80.56717000
5.60599986	80.56717000
5.60619986	80.56717000
5.60639986	78.69094000
5.60659986	80.56717000
5.60679986	80.56717000
5.60699986	78.69094000
5.60719986	78.69094000
5.60739986	78.69094000
5.60759986	78.69094000
5.60779986	78.69094000
5.60799986	78.69094000
5.60819986	78.69094000
5.60839986	78.69094000
5.60859986	78.69094000
5.60879986	78.69094000
5.60899986	78.69094000
5.60919986	78.69094000
5.60939986	78.69094000
5.60959986	78.69094000
5.60979986	78.69094000
5.60999986	78.69094000
5.61019986	78.69094000
5.61039986	78.69094000
5.61059986	78.69094000
5.61079986	78.69094000
5.61099986	78.69094000
5.61119986	78.69094000
5.61139986	78.69094000
5.61159986	78.69094000
5.61179986	78.69094000
5.61199986	78.69094000
5.61219986	78.69094000
5.61239986	78.69094000
5.61259986	78.69094000
5.61279986	78.69094000
5.61299986	78.69094000
5.61319986	76.82086000
5.61339986	78.69094000
5.61359986	78.69094000
5.61379986	78.69094000
5.61399986	78.69094000
5.61419986	78.69094000
5.61439986	78.69094000
5.61459986	78.69094000
5.61479986	78.69094000
5.61499986	78.69094000
5.61519986	78.69094000
5.61539986	78.69094000
5.61559986	80.56717000
5.61579986	78.69094000
5.61599986	78.69094000
5.61619986	78.69094000
5.61639986	78.69094000
5.61659986	80.56717000
5.61679986	78.69094000
5.61699986	78.69094000
5.61719986	80.56717000
5.61739986	80.56717000
5.61759986	80.56717000
5.61779986	80.56717000
5.61799986	80.56717000
5.61819986	80.56717000
5.61839986	80.56717000
5.61859986	80.56717000
5.61879986	80.56717000
5.61899986	78.69094000
5.61919986	78.69094000
5.61939986	78.69094000
5.61959986	78.69094000
5.61979986	78.69094000
5.61999986	78.69094000
5.62019986	78.69094000
5.62039986	80.56717000
5.62059986	78.69094000
5.62079986	78.69094000
5.62099986	78.69094000
5.62119986	78.69094000
5.62139986	78.69094000
5.62159986	78.69094000
5.62179986	78.69094000
5.62199986	78.69094000
5.62219986	78.69094000
5.62239986	78.69094000
5.62259986	78.69094000
5.62279986	78.69094000
5.62299986	80.56717000
5.62319986	80.56717000
5.62339986	78.69094000
5.62359986	78.69094000
5.62379986	80.56717000
5.62399986	80.56717000
5.62419986	78.69094000
5.62439986	80.56717000
5.62459986	80.56717000
5.62479986	78.69094000
5.62499986	80.56717000
5.62519986	80.56717000
5.62539986	80.56717000
5.62559986	80.56717000
5.62579986	80.56717000
5.62599986	80.56717000
5.62619986	80.56717000
5.62639986	80.56717000
5.62659986	80.56717000
5.62679986	80.56717000
5.62699986	80.56717000
5.62719986	80.56717000
5.62739986	80.56717000
5.62759986	80.56717000
5.62779986	80.56717000
5.62799986	80.56717000
5.62819986	80.56717000
5.62839986	80.56717000
5.62859986	80.56717000
5.62879986	80.56717000
5.62899986	80.56717000
5.62919986	78.69094000
5.62939986	78.69094000
5.62959986	78.69094000
5.62979986	78.69094000
5.62999986	78.69094000
5.63019986	78.69094000
5.63039986	78.69094000
5.63059986	78.69094000
5.63079986	78.69094000
5.63099986	78.69094000
5.63119986	78.69094000
5.63139986	78.69094000
5.63159986	78.69094000
5.63179986	78.69094000
5.63199986	78.69094000
5.63219986	78.69094000
5.63239986	78.69094000
5.63259986	78.69094000
5.63279986	78.69094000
5.63299986	78.69094000
5.63319986	78.69094000
5.63339986	78.69094000
5.63359986	78.69094000
5.63379986	78.69094000
5.63399986	78.69094000
5.63419986	78.69094000
5.63439986	78.69094000
5.63459986	80.56717000
5.63479986	80.56717000
5.63499986	80.56717000
5.63519986	80.56717000
5.63539986	80.56717000
5.63559986	80.56717000
5.63579986	80.56717000
5.63599986	80.56717000
5.63619986	80.56717000
5.63639986	80.56717000
5.63659986	82.43725000
5.63679986	80.56717000
5.63699986	82.43725000
5.63719986	82.43725000
5.63739986	82.43725000
5.63759986	82.43725000
5.63779986	82.43725000
5.63799986	82.43725000
5.63819986	82.43725000
5.63839986	82.43725000
5.63859986	82.43725000
5.63879986	82.43725000
5.63899986	80.56717000
5.63919986	82.43725000
5.63939986	80.56717000
5.63959986	80.56717000
5.63979986	80.56717000
5.63999986	80.56717000
5.64019986	80.56717000
5.64039986	80.56717000
5.64059986	80.56717000
5.64079986	80.56717000
5.64099986	82.43725000
5.64119986	82.43725000
5.64139986	80.56717000
5.64159986	80.56717000
5.64179986	80.56717000
5.64199986	80.56717000
5.64219986	80.56717000
5.64239986	80.56717000
5.64259986	80.56717000
5.64279986	80.56717000
5.64299986	80.56717000
5.64319986	80.56717000
5.64339986	80.56717000
5.64359986	80.56717000
5.64379986	80.56717000
5.64399986	80.56717000
5.64419986	80.56717000
5.64439986	80.56717000
5.64459986	80.56717000
5.64479986	80.56717000
5.64499986	80.56717000
5.64519986	80.56717000
5.64539986	80.56717000
5.64559986	80.56717000
5.64579986	80.56717000
5.64599986	80.56717000
5.64619986	80.56717000
5.64639986	80.56717000
5.64659986	80.56717000
5.64679986	80.56717000
5.64699986	80.56717000
5.64719986	80.56717000
5.64739986	80.56717000
5.64759986	78.69094000
5.64779986	78.69094000
5.64799986	78.69094000
5.64819986	78.69094000
5.64839986	78.69094000
5.64859986	78.69094000
5.64879986	78.69094000
5.64899986	78.69094000
5.64919986	78.69094000
5.64939986	78.69094000
5.64959986	78.69094000
5.64979986	76.82086000
5.64999986	76.82086000
5.65019986	76.82086000
5.65039986	76.82086000
5.65059986	76.82086000
5.65079986	76.82086000
5.65099986	76.82086000
5.65119986	78.69094000
5.65139986	76.82086000
5.65159986	76.82086000
5.65179986	76.82086000
5.65199986	76.82086000
5.65219986	78.69094000
5.65239986	78.69094000
5.65259986	78.69094000
5.65279986	78.69094000
5.65299986	78.69094000
5.65319986	78.69094000
5.65339986	78.69094000
5.65359986	78.69094000
5.65379986	78.69094000
5.65399986	78.69094000
5.65419986	78.69094000
5.65439986	78.69094000
5.65459986	78.69094000
5.65479986	78.69094000
5.65499986	78.69094000
5.65519986	78.69094000
5.65539986	78.69094000
5.65559986	78.69094000
5.65579986	80.56717000
5.65599986	80.56717000
5.65619986	80.56717000
5.65639986	80.56717000
5.65659986	80.56717000
5.65679986	80.56717000
5.65699986	80.56717000
5.65719986	80.56717000
5.65739986	80.56717000
5.65759986	80.56717000
5.65779986	80.56717000
5.65799986	80.56717000
5.65819986	80.56717000
5.65839986	80.56717000
5.65859986	80.56717000
5.65879986	80.56717000
5.65899986	80.56717000
5.65919986	80.56717000
5.65939986	80.56717000
5.65959986	80.56717000
5.65979986	80.56717000
5.65999986	80.56717000
5.66019986	80.56717000
5.66039986	80.56717000
5.66059986	80.56717000
5.66079986	80.56717000
5.66099986	78.69094000
5.66119986	78.69094000
5.66139986	78.69094000
5.66159986	78.69094000
5.66179986	78.69094000
5.66199986	80.56717000
5.66219986	80.56717000
5.66239986	80.56717000
5.66259986	80.56717000
5.66279986	80.56717000
5.66299986	80.56717000
5.66319986	80.56717000
5.66339986	80.56717000
5.66359986	80.56717000
5.66379986	80.56717000
5.66399986	80.56717000
5.66419986	80.56717000
5.66439986	80.56717000
5.66459986	80.56717000
5.66479986	80.56717000
5.66499986	80.56717000
5.66519986	80.56717000
5.66539986	80.56717000
5.66559986	80.56717000
5.66579986	78.69094000
5.66599986	80.56717000
5.66619986	78.69094000
5.66639986	78.69094000
5.66659986	78.69094000
5.66679986	78.69094000
5.66699986	78.69094000
5.66719986	78.69094000
5.66739986	78.69094000
5.66759986	78.69094000
5.66779986	78.69094000
5.66799986	78.69094000
5.66819986	78.69094000
5.66839986	78.69094000
5.66859986	78.69094000
5.66879986	78.69094000
5.66899986	78.69094000
5.66919986	78.69094000
5.66939986	78.69094000
5.66959986	78.69094000
5.66979986	78.69094000
5.66999986	78.69094000
5.67019986	78.69094000
5.67039986	78.69094000
5.67059986	78.69094000
5.67079986	78.69094000
5.67099986	78.69094000
5.67119986	78.69094000
5.67139986	78.69094000
5.67159986	78.69094000
5.67179986	78.69094000
5.67199986	78.69094000
5.67219986	78.69094000
5.67239986	78.69094000
5.67259986	78.69094000
5.67279986	78.69094000
5.67299986	78.69094000
5.67319986	78.69094000
5.67339986	80.56717000
5.67359986	80.56717000
5.67379986	80.56717000
5.67399986	80.56717000
5.67419986	80.56717000
5.67439986	80.56717000
5.67459986	80.56717000
5.67479986	80.56717000
5.67499986	80.56717000
5.67519986	80.56717000
5.67539986	80.56717000
5.67559986	80.56717000
5.67579986	80.56717000
5.67599986	80.56717000
5.67619986	80.56717000
5.67639986	80.56717000
5.67659986	80.56717000
5.67679986	78.69094000
5.67699986	80.56717000
5.67719986	80.56717000
5.67739986	80.56717000
5.67759986	78.69094000
5.67779986	78.69094000
5.67799986	80.56717000
5.67819986	80.56717000
5.67839986	78.69094000
5.67859986	78.69094000
5.67879986	78.69094000
5.67899986	78.69094000
5.67919986	78.69094000
5.67939986	78.69094000
5.67959986	78.69094000
5.67979986	78.69094000
5.67999986	78.69094000
5.68019986	78.69094000
5.68039986	78.69094000
5.68059986	78.69094000
5.68079986	78.69094000
5.68099986	78.69094000
5.68119986	80.56717000
5.68139986	80.56717000
5.68159986	80.56717000
5.68179986	80.56717000
5.68199986	80.56717000
5.68219986	80.56717000
5.68239986	80.56717000
5.68259986	80.56717000
5.68279986	80.56717000
5.68299986	80.56717000
5.68319986	80.56717000
5.68339986	80.56717000
5.68359986	80.56717000
5.68379986	80.56717000
5.68399986	80.56717000
5.68419986	80.56717000
5.68439986	80.56717000
5.68459986	80.56717000
5.68479986	80.56717000
5.68499986	80.56717000
5.68519986	80.56717000
5.68539986	80.56717000
5.68559986	80.56717000
5.68579986	80.56717000
5.68599986	80.56717000
5.68619986	80.56717000
5.68639986	80.56717000
5.68659986	80.56717000
5.68679986	80.56717000
5.68699986	80.56717000
5.68719986	80.56717000
5.68739986	80.56717000
5.68759986	80.56717000
5.68779986	80.56717000
5.68799986	80.56717000
5.68819986	80.56717000
5.68839986	80.56717000
5.68859986	80.56717000
5.68879986	80.56717000
5.68899986	80.56717000
5.68919986	80.56717000
5.68939986	78.69094000
5.68959986	80.56717000
5.68979986	80.56717000
5.68999986	78.69094000
5.69019986	78.69094000
5.69039986	80.56717000
5.69059986	80.56717000
5.69079986	80.56717000
5.69099986	80.56717000
5.69119986	80.56717000
5.69139986	80.56717000
5.69159986	80.56717000
5.69179986	80.56717000
5.69199986	80.56717000
5.69219986	80.56717000
5.69239986	80.56717000
5.69259986	80.56717000
5.69279986	80.56717000
5.69299986	80.56717000
5.69319986	80.56717000
5.69339986	80.56717000
5.69359986	80.56717000
5.69379986	80.56717000
5.69399986	80.56717000
5.69419986	80.56717000
5.69439986	80.56717000
5.69459986	80.56717000
5.69479986	80.56717000
5.69499986	80.56717000
5.69519986	80.56717000
5.69539986	80.56717000
5.69559986	80.56717000
5.69579986	80.56717000
5.69599986	80.56717000
5.69619986	80.56717000
5.69639986	82.43725000
5.69659986	82.43725000
5.69679986	80.56717000
5.69699986	80.56717000
5.69719986	80.56717000
5.69739986	80.56717000
5.69759986	80.56717000
5.69779986	80.56717000
5.69799986	80.56717000
5.69819986	80.56717000
5.69839986	80.56717000
5.69859986	80.56717000
5.69879986	80.56717000
5.69899986	80.56717000
5.69919986	80.56717000
5.69939986	80.56717000
5.69959986	80.56717000
5.69979986	80.56717000
5.69999986	80.56717000
5.70019986	80.56717000
5.70039986	80.56717000
5.70059986	80.56717000
5.70079986	80.56717000
5.70099986	80.56717000
5.70119986	80.56717000
5.70139986	80.56717000
5.70159986	80.56717000
5.70179986	80.56717000
5.70199986	80.56717000
5.70219986	80.56717000
5.70239986	80.56717000
5.70259986	80.56717000
5.70279986	80.56717000
5.70299986	80.56717000
5.70319986	80.56717000
5.70339986	80.56717000
5.70359986	80.56717000
5.70379986	80.56717000
5.70399986	80.56717000
5.70419986	80.56717000
5.70439986	80.56717000
5.70459986	80.56717000
5.70479986	80.56717000
5.70499986	80.56717000
5.70519986	80.56717000
5.70539986	80.56717000
5.70559986	80.56717000
5.70579986	80.56717000
5.70599986	78.69094000
5.70619986	80.56717000
5.70639986	80.56717000
5.70659986	80.56717000
5.70679986	80.56717000
5.70699986	80.56717000
5.70719986	80.56717000
5.70739986	80.56717000
5.70759986	80.56717000
5.70779986	80.56717000
5.70799986	80.56717000
5.70819986	80.56717000
5.70839986	80.56717000
5.70859986	80.56717000
5.70879986	80.56717000
5.70899986	80.56717000
5.70919986	80.56717000
5.70939986	80.56717000
5.70959986	80.56717000
5.70979986	80.56717000
5.70999986	80.56717000
5.71019986	80.56717000
5.71039986	80.56717000
5.71059986	78.69094000
5.71079986	78.69094000
5.71099986	80.56717000
5.71119986	80.56717000
5.71139986	80.56717000
5.71159986	80.56717000
5.71179986	80.56717000
5.71199986	80.56717000
5.71219986	80.56717000
5.71239986	80.56717000
5.71259986	80.56717000
5.71279986	80.56717000
5.71299986	80.56717000
5.71319986	80.56717000
5.71339986	80.56717000
5.71359986	80.56717000
5.71379986	82.43725000
5.71399986	80.56717000
5.71419986	80.56717000
5.71439986	80.56717000
5.71459986	82.43725000
5.71479986	82.43725000
5.71499986	82.43725000
5.71519986	82.43725000
5.71539986	82.43725000
5.71559986	82.43725000
5.71579986	82.43725000
5.71599986	80.56717000
5.71619986	80.56717000
5.71639986	80.56717000
5.71659986	80.56717000
5.71679986	80.56717000
5.71699986	80.56717000
5.71719986	80.56717000
5.71739986	80.56717000
5.71759986	80.56717000
5.71779986	80.56717000
5.71799986	80.56717000
5.71819986	80.56717000
5.71839986	80.56717000
5.71859986	80.56717000
5.71879986	80.56717000
5.71899986	82.43725000
5.71919986	82.43725000
5.71939986	82.43725000
5.71959986	82.43725000
5.71979986	80.56717000
5.71999986	80.56717000
5.72019986	80.56717000
5.72039986	80.56717000
5.72059986	80.56717000
5.72079986	80.56717000
5.72099986	80.56717000
5.72119986	80.56717000
5.72139986	80.56717000
5.72159986	80.56717000
5.72179986	80.56717000
5.72199986	80.56717000
5.72219986	80.56717000
5.72239986	80.56717000
5.72259986	80.56717000
5.72279986	80.56717000
5.72299986	80.56717000
5.72319986	80.56717000
5.72339986	80.56717000
5.72359986	80.56717000
5.72379986	80.56717000
5.72399986	80.56717000
5.72419986	80.56717000
5.72439986	80.56717000
5.72459986	82.43725000
5.72479986	82.43725000
5.72499986	82.43725000
5.72519986	82.43725000
5.72539986	82.43725000
5.72559986	82.43725000
5.72579986	82.43725000
5.72599986	82.43725000
5.72619986	82.43725000
5.72639986	82.43725000
5.72659986	80.56717000
5.72679986	80.56717000
5.72699986	80.56717000
5.72719986	80.56717000
5.72739986	80.56717000
5.72759986	80.56717000
5.72779986	80.56717000
5.72799986	80.56717000
5.72819986	80.56717000
5.72839986	80.56717000
5.72859986	80.56717000
5.72879986	80.56717000
5.72899986	80.56717000
5.72919986	80.56717000
5.72939986	80.56717000
5.72959986	80.56717000
5.72979986	80.56717000
5.72999986	80.56717000
5.73019986	80.56717000
5.73039986	80.56717000
5.73059986	80.56717000
5.73079986	78.69094000
5.73099986	80.56717000
5.73119986	80.56717000
5.73139986	78.69094000
5.73159986	80.56717000
5.73179986	80.56717000
5.73199986	80.56717000
5.73219986	80.56717000
5.73239986	80.56717000
5.73259986	78.69094000
5.73279986	78.69094000
5.73299986	78.69094000
5.73319986	78.69094000
5.73339986	78.69094000
5.73359986	78.69094000
5.73379986	78.69094000
5.73399986	78.69094000
5.73419986	78.69094000
5.73439986	78.69094000
5.73459986	78.69094000
5.73479986	78.69094000
5.73499986	78.69094000
5.73519986	78.69094000
5.73539986	78.69094000
5.73559986	78.69094000
5.73579986	80.56717000
5.73599986	78.69094000
5.73619986	80.56717000
5.73639986	80.56717000
5.73659986	80.56717000
5.73679986	80.56717000
5.73699986	80.56717000
5.73719986	80.56717000
5.73739986	80.56717000
5.73759986	80.56717000
5.73779986	80.56717000
5.73799986	80.56717000
5.73819986	80.56717000
5.73839986	80.56717000
5.73859986	78.69094000
5.73879986	80.56717000
5.73899986	80.56717000
5.73919986	80.56717000
5.73939986	80.56717000
5.73959986	80.56717000
5.73979986	80.56717000
5.73999985	80.56717000
5.74019985	80.56717000
5.74039985	80.56717000
5.74059985	80.56717000
5.74079985	80.56717000
5.74099985	80.56717000
5.74119985	80.56717000
5.74139985	80.56717000
5.74159985	80.56717000
5.74179985	80.56717000
5.74199985	80.56717000
5.74219985	80.56717000
5.74239985	80.56717000
5.74259985	80.56717000
5.74279985	80.56717000
5.74299985	80.56717000
5.74319985	80.56717000
5.74339985	82.43725000
5.74359985	80.56717000
5.74379985	82.43725000
5.74399985	82.43725000
5.74419985	82.43725000
5.74439985	82.43725000
5.74459985	82.43725000
5.74479985	82.43725000
5.74499985	82.43725000
5.74519985	82.43725000
5.74539985	80.56717000
5.74559985	82.43725000
5.74579985	80.56717000
5.74599985	82.43725000
5.74619985	82.43725000
5.74639985	82.43725000
5.74659985	82.43725000
5.74679985	82.43725000
5.74699985	82.43725000
5.74719985	82.43725000
5.74739985	82.43725000
5.74759985	82.43725000
5.74779985	82.43725000
5.74799985	80.56717000
5.74819985	80.56717000
5.74839985	80.56717000
5.74859985	80.56717000
5.74879985	80.56717000
5.74899985	80.56717000
5.74919985	80.56717000
5.74939985	80.56717000
5.74959985	80.56717000
5.74979985	80.56717000
5.74999985	80.56717000
5.75019985	80.56717000
5.75039985	80.56717000
5.75059985	80.56717000
5.75079985	80.56717000
5.75099985	78.69094000
5.75119985	78.69094000
5.75139985	78.69094000
5.75159985	78.69094000
5.75179985	78.69094000
5.75199985	78.69094000
5.75219985	78.69094000
5.75239985	78.69094000
5.75259985	78.69094000
5.75279985	78.69094000
5.75299985	78.69094000
5.75319985	78.69094000
5.75339985	78.69094000
5.75359985	78.69094000
5.75379985	78.69094000
5.75399985	78.69094000
5.75419985	78.69094000
5.75439985	78.69094000
5.75459985	78.69094000
5.75479985	78.69094000
5.75499985	78.69094000
5.75519985	78.69094000
5.75539985	78.69094000
5.75559985	78.69094000
5.75579985	78.69094000
5.75599985	78.69094000
5.75619985	78.69094000
5.75639985	78.69094000
5.75659985	78.69094000
5.75679985	78.69094000
5.75699985	78.69094000
5.75719985	78.69094000
5.75739985	78.69094000
5.75759985	78.69094000
5.75779985	78.69094000
5.75799985	78.69094000
5.75819985	78.69094000
5.75839985	80.56717000
5.75859985	78.69094000
5.75879985	80.56717000
5.75899985	80.56717000
5.75919985	80.56717000
5.75939985	80.56717000
5.75959985	80.56717000
5.75979985	80.56717000
5.75999985	80.56717000
5.76019985	80.56717000
5.76039985	80.56717000
5.76059985	80.56717000
5.76079985	80.56717000
5.76099985	80.56717000
5.76119985	80.56717000
5.76139985	80.56717000
5.76159985	80.56717000
5.76179985	80.56717000
5.76199985	80.56717000
5.76219985	80.56717000
5.76239985	80.56717000
5.76259985	80.56717000
5.76279985	80.56717000
5.76299985	80.56717000
5.76319985	80.56717000
5.76339985	80.56717000
5.76359985	80.56717000
5.76379985	80.56717000
5.76399985	80.56717000
5.76419985	80.56717000
5.76439985	80.56717000
5.76459985	80.56717000
5.76479985	80.56717000
5.76499985	80.56717000
5.76519985	80.56717000
5.76539985	80.56717000
5.76559985	80.56717000
5.76579985	80.56717000
5.76599985	80.56717000
5.76619985	80.56717000
5.76639985	80.56717000
5.76659985	80.56717000
5.76679985	80.56717000
5.76699985	80.56717000
5.76719985	80.56717000
5.76739985	80.56717000
5.76759985	80.56717000
5.76779985	80.56717000
5.76799985	80.56717000
5.76819985	80.56717000
5.76839985	80.56717000
5.76859985	80.56717000
5.76879985	80.56717000
5.76899985	80.56717000
5.76919985	80.56717000
5.76939985	80.56717000
5.76959985	80.56717000
5.76979985	80.56717000
5.76999985	80.56717000
5.77019985	80.56717000
5.77039985	80.56717000
5.77059985	78.69094000
5.77079985	78.69094000
5.77099985	78.69094000
5.77119985	78.69094000
5.77139985	78.69094000
5.77159985	78.69094000
5.77179985	78.69094000
5.77199985	78.69094000
5.77219985	78.69094000
5.77239985	78.69094000
5.77259985	78.69094000
5.77279985	78.69094000
5.77299985	78.69094000
5.77319985	78.69094000
5.77339985	78.69094000
5.77359985	78.69094000
5.77379985	78.69094000
5.77399985	78.69094000
5.77419985	78.69094000
5.77439985	78.69094000
5.77459985	78.69094000
5.77479985	78.69094000
5.77499985	78.69094000
5.77519985	78.69094000
5.77539985	78.69094000
5.77559985	78.69094000
5.77579985	78.69094000
5.77599985	80.56717000
5.77619985	80.56717000
5.77639985	80.56717000
5.77659985	80.56717000
5.77679985	80.56717000
5.77699985	80.56717000
5.77719985	80.56717000
5.77739985	80.56717000
5.77759985	80.56717000
5.77779985	80.56717000
5.77799985	80.56717000
5.77819985	80.56717000
5.77839985	80.56717000
5.77859985	80.56717000
5.77879985	80.56717000
5.77899985	80.56717000
5.77919985	80.56717000
5.77939985	80.56717000
5.77959985	80.56717000
5.77979985	80.56717000
5.77999985	80.56717000
5.78019985	80.56717000
5.78039985	80.56717000
5.78059985	80.56717000
5.78079985	80.56717000
5.78099985	80.56717000
5.78119985	82.43725000
5.78139985	80.56717000
5.78159985	80.56717000
5.78179985	80.56717000
5.78199985	82.43725000
5.78219985	82.43725000
5.78239985	80.56717000
5.78259985	80.56717000
5.78279985	80.56717000
5.78299985	82.43725000
5.78319985	82.43725000
5.78339985	82.43725000
5.78359985	82.43725000
5.78379985	82.43725000
5.78399985	80.56717000
5.78419985	82.43725000
5.78439985	82.43725000
5.78459985	82.43725000
5.78479985	82.43725000
5.78499985	80.56717000
5.78519985	82.43725000
5.78539985	80.56717000
5.78559985	80.56717000
5.78579985	80.56717000
5.78599985	80.56717000
5.78619985	80.56717000
5.78639985	80.56717000
5.78659985	80.56717000
5.78679985	80.56717000
5.78699985	80.56717000
5.78719985	80.56717000
5.78739985	80.56717000
5.78759985	80.56717000
5.78779985	80.56717000
5.78799985	80.56717000
5.78819985	80.56717000
5.78839985	80.56717000
5.78859985	78.69094000
5.78879985	78.69094000
5.78899985	78.69094000
5.78919985	78.69094000
5.78939985	78.69094000
5.78959985	78.69094000
5.78979985	78.69094000
5.78999985	78.69094000
5.79019985	78.69094000
5.79039985	78.69094000
5.79059985	78.69094000
5.79079985	78.69094000
5.79099985	78.69094000
5.79119985	78.69094000
5.79139985	78.69094000
5.79159985	78.69094000
5.79179985	78.69094000
5.79199985	78.69094000
5.79219985	78.69094000
5.79239985	78.69094000
5.79259985	78.69094000
5.79279985	78.69094000
5.79299985	78.69094000
5.79319985	78.69094000
5.79339985	78.69094000
5.79359985	78.69094000
5.79379985	78.69094000
5.79399985	78.69094000
5.79419985	78.69094000
5.79439985	78.69094000
5.79459985	78.69094000
5.79479985	78.69094000
5.79499985	78.69094000
5.79519985	78.69094000
5.79539985	78.69094000
5.79559985	78.69094000
5.79579985	78.69094000
5.79599985	78.69094000
5.79619985	78.69094000
5.79639985	80.56717000
5.79659985	80.56717000
5.79679985	80.56717000
5.79699985	80.56717000
5.79719985	80.56717000
5.79739985	80.56717000
5.79759985	80.56717000
5.79779985	80.56717000
5.79799985	80.56717000
5.79819985	80.56717000
5.79839985	80.56717000
5.79859985	80.56717000
5.79879985	80.56717000
5.79899985	80.56717000
5.79919985	80.56717000
5.79939985	80.56717000
5.79959985	80.56717000
5.79979985	80.56717000
5.79999985	80.56717000
5.80019985	80.56717000
5.80039985	80.56717000
5.80059985	80.56717000
5.80079985	80.56717000
5.80099985	80.56717000
5.80119985	80.56717000
5.80139985	80.56717000
5.80159985	80.56717000
5.80179985	80.56717000
5.80199985	80.56717000
5.80219985	80.56717000
5.80239985	80.56717000
5.80259985	80.56717000
5.80279985	80.56717000
5.80299985	80.56717000
5.80319985	80.56717000
5.80339985	80.56717000
5.80359985	80.56717000
5.80379985	80.56717000
5.80399985	80.56717000
5.80419985	80.56717000
5.80439985	80.56717000
5.80459985	80.56717000
5.80479985	80.56717000
5.80499985	80.56717000
5.80519985	80.56717000
5.80539985	80.56717000
5.80559985	80.56717000
5.80579985	80.56717000
5.80599985	78.69094000
5.80619985	78.69094000
5.80639985	80.56717000
5.80659985	78.69094000
5.80679985	78.69094000
5.80699985	78.69094000
5.80719985	78.69094000
5.80739985	78.69094000
5.80759985	78.69094000
5.80779985	78.69094000
5.80799985	78.69094000
5.80819985	78.69094000
5.80839985	78.69094000
5.80859985	78.69094000
5.80879985	78.69094000
5.80899985	78.69094000
5.80919985	78.69094000
5.80939985	78.69094000
5.80959985	78.69094000
5.80979985	78.69094000
5.80999985	78.69094000
5.81019985	76.82086000
5.81039985	76.82086000
5.81059985	76.82086000
5.81079985	76.82086000
5.81099985	76.82086000
5.81119985	76.82086000
5.81139985	76.82086000
5.81159985	76.82086000
5.81179985	76.82086000
5.81199985	76.82086000
5.81219985	76.82086000
5.81239985	76.82086000
5.81259985	76.82086000
5.81279985	76.82086000
5.81299985	76.82086000
5.81319985	76.82086000
5.81339985	76.82086000
5.81359985	78.69094000
5.81379985	78.69094000
5.81399985	78.69094000
5.81419985	78.69094000
5.81439985	78.69094000
5.81459985	78.69094000
5.81479985	78.69094000
5.81499985	78.69094000
5.81519985	78.69094000
5.81539985	78.69094000
5.81559985	80.56717000
5.81579985	80.56717000
5.81599985	80.56717000
5.81619985	80.56717000
5.81639985	80.56717000
5.81659985	80.56717000
5.81679985	80.56717000
5.81699985	80.56717000
5.81719985	80.56717000
5.81739985	80.56717000
5.81759985	80.56717000
5.81779985	80.56717000
5.81799985	80.56717000
5.81819985	80.56717000
5.81839985	80.56717000
5.81859985	80.56717000
5.81879985	82.43725000
5.81899985	82.43725000
5.81919985	82.43725000
5.81939985	82.43725000
5.81959985	80.56717000
5.81979985	80.56717000
5.81999985	80.56717000
5.82019985	80.56717000
5.82039985	82.43725000
5.82059985	82.43725000
5.82079985	80.56717000
5.82099985	80.56717000
5.82119985	80.56717000
5.82139985	80.56717000
5.82159985	80.56717000
5.82179985	80.56717000
5.82199985	80.56717000
5.82219985	80.56717000
5.82239985	80.56717000
5.82259985	80.56717000
5.82279985	80.56717000
5.82299985	80.56717000
5.82319985	80.56717000
5.82339985	80.56717000
5.82359985	80.56717000
5.82379985	80.56717000
5.82399985	80.56717000
5.82419985	80.56717000
5.82439985	80.56717000
5.82459985	80.56717000
5.82479985	80.56717000
5.82499985	80.56717000
5.82519985	80.56717000
5.82539985	80.56717000
5.82559985	80.56717000
5.82579985	80.56717000
5.82599985	80.56717000
5.82619985	80.56717000
5.82639985	80.56717000
5.82659985	78.69094000
5.82679985	78.69094000
5.82699985	78.69094000
5.82719985	78.69094000
5.82739985	78.69094000
5.82759985	78.69094000
5.82779985	78.69094000
5.82799985	78.69094000
5.82819985	78.69094000
5.82839985	78.69094000
5.82859985	78.69094000
5.82879985	78.69094000
5.82899985	78.69094000
5.82919985	78.69094000
5.82939985	78.69094000
5.82959985	78.69094000
5.82979985	78.69094000
5.82999985	78.69094000
5.83019985	78.69094000
5.83039985	78.69094000
5.83059985	78.69094000
5.83079985	78.69094000
5.83099985	78.69094000
5.83119985	78.69094000
5.83139985	78.69094000
5.83159985	78.69094000
5.83179985	78.69094000
5.83199985	78.69094000
5.83219985	78.69094000
5.83239985	78.69094000
5.83259985	78.69094000
5.83279985	78.69094000
5.83299985	78.69094000
5.83319985	78.69094000
5.83339985	78.69094000
5.83359985	78.69094000
5.83379985	78.69094000
5.83399985	78.69094000
5.83419985	78.69094000
5.83439985	78.69094000
5.83459985	78.69094000
5.83479985	78.69094000
5.83499985	78.69094000
5.83519985	78.69094000
5.83539985	78.69094000
5.83559985	78.69094000
5.83579985	80.56717000
5.83599985	78.69094000
5.83619985	80.56717000
5.83639985	80.56717000
5.83659985	80.56717000
5.83679985	80.56717000
5.83699985	80.56717000
5.83719985	80.56717000
5.83739985	80.56717000
5.83759985	80.56717000
5.83779985	80.56717000
5.83799985	80.56717000
5.83819985	80.56717000
5.83839985	78.69094000
5.83859985	80.56717000
5.83879985	80.56717000
5.83899985	78.69094000
5.83919985	80.56717000
5.83939985	78.69094000
5.83959985	78.69094000
5.83979985	78.69094000
5.83999985	78.69094000
5.84019985	78.69094000
5.84039985	78.69094000
5.84059985	78.69094000
5.84079985	78.69094000
5.84099985	78.69094000
5.84119985	78.69094000
5.84139985	78.69094000
5.84159985	78.69094000
5.84179985	78.69094000
5.84199985	78.69094000
5.84219985	78.69094000
5.84239985	78.69094000
5.84259985	78.69094000
5.84279985	78.69094000
5.84299985	78.69094000
5.84319985	78.69094000
5.84339985	78.69094000
5.84359985	78.69094000
5.84379985	78.69094000
5.84399985	78.69094000
5.84419985	78.69094000
5.84439985	78.69094000
5.84459985	78.69094000
5.84479985	78.69094000
5.84499985	78.69094000
5.84519985	78.69094000
5.84539985	78.69094000
5.84559985	78.69094000
5.84579985	78.69094000
5.84599985	78.69094000
5.84619985	78.69094000
5.84639985	78.69094000
5.84659985	78.69094000
5.84679985	78.69094000
5.84699985	78.69094000
5.84719985	78.69094000
5.84739985	78.69094000
5.84759985	78.69094000
5.84779985	78.69094000
5.84799985	78.69094000
5.84819985	78.69094000
5.84839985	78.69094000
5.84859985	78.69094000
5.84879985	78.69094000
5.84899985	78.69094000
5.84919985	78.69094000
5.84939985	78.69094000
5.84959985	78.69094000
5.84979985	78.69094000
5.84999985	78.69094000
5.85019985	78.69094000
5.85039985	78.69094000
5.85059985	78.69094000
5.85079985	78.69094000
5.85099985	78.69094000
5.85119985	78.69094000
5.85139985	78.69094000
5.85159985	78.69094000
5.85179985	78.69094000
5.85199985	78.69094000
5.85219985	78.69094000
5.85239985	78.69094000
5.85259985	78.69094000
5.85279985	78.69094000
5.85299985	78.69094000
5.85319985	78.69094000
5.85339985	78.69094000
5.85359985	78.69094000
5.85379985	78.69094000
5.85399985	78.69094000
5.85419985	78.69094000
5.85439985	78.69094000
5.85459985	78.69094000
5.85479985	78.69094000
5.85499985	78.69094000
5.85519985	78.69094000
5.85539985	78.69094000
5.85559985	78.69094000
5.85579985	78.69094000
5.85599985	78.69094000
5.85619985	78.69094000
5.85639985	78.69094000
5.85659985	78.69094000
5.85679985	78.69094000
5.85699985	80.56717000
5.85719985	78.69094000
5.85739985	78.69094000
5.85759985	78.69094000
5.85779985	78.69094000
5.85799985	78.69094000
5.85819985	78.69094000
5.85839985	78.69094000
5.85859985	78.69094000
5.85879985	78.69094000
5.85899985	78.69094000
5.85919985	78.69094000
5.85939985	78.69094000
5.85959985	78.69094000
5.85979985	78.69094000
5.85999985	78.69094000
5.86019985	78.69094000
5.86039985	78.69094000
5.86059985	78.69094000
5.86079985	78.69094000
5.86099985	78.69094000
5.86119985	78.69094000
5.86139985	78.69094000
5.86159985	78.69094000
5.86179985	78.69094000
5.86199985	78.69094000
5.86219985	78.69094000
5.86239985	78.69094000
5.86259985	78.69094000
5.86279985	78.69094000
5.86299985	78.69094000
5.86319985	78.69094000
5.86339985	78.69094000
5.86359985	78.69094000
5.86379985	78.69094000
5.86399985	78.69094000
5.86419985	78.69094000
5.86439985	78.69094000
5.86459985	78.69094000
5.86479985	78.69094000
5.86499985	78.69094000
5.86519985	78.69094000
5.86539985	80.56717000
5.86559985	80.56717000
5.86579985	80.56717000
5.86599985	80.56717000
5.86619985	80.56717000
5.86639985	80.56717000
5.86659985	80.56717000
5.86679985	80.56717000
5.86699985	80.56717000
5.86719985	80.56717000
5.86739985	80.56717000
5.86759985	80.56717000
5.86779985	80.56717000
5.86799985	80.56717000
5.86819985	80.56717000
5.86839985	80.56717000
5.86859985	80.56717000
5.86879985	80.56717000
5.86899985	80.56717000
5.86919985	80.56717000
5.86939985	80.56717000
5.86959985	80.56717000
5.86979985	80.56717000
5.86999985	80.56717000
5.87019985	80.56717000
5.87039985	80.56717000
5.87059985	80.56717000
5.87079985	78.69094000
5.87099985	78.69094000
5.87119985	80.56717000
5.87139985	80.56717000
5.87159985	80.56717000
5.87179985	80.56717000
5.87199985	80.56717000
5.87219985	80.56717000
5.87239985	80.56717000
5.87259985	80.56717000
5.87279985	78.69094000
5.87299985	80.56717000
5.87319985	78.69094000
5.87339985	78.69094000
5.87359985	78.69094000
5.87379985	78.69094000
5.87399985	78.69094000
5.87419985	78.69094000
5.87439985	78.69094000
5.87459985	78.69094000
5.87479985	78.69094000
5.87499985	78.69094000
5.87519985	78.69094000
5.87539985	80.56717000
5.87559985	80.56717000
5.87579985	80.56717000
5.87599985	80.56717000
5.87619985	80.56717000
5.87639985	78.69094000
5.87659985	78.69094000
5.87679985	78.69094000
5.87699985	78.69094000
5.87719985	80.56717000
5.87739985	78.69094000
5.87759985	78.69094000
5.87779985	78.69094000
5.87799985	80.56717000
5.87819985	78.69094000
5.87839985	78.69094000
5.87859985	80.56717000
5.87879985	78.69094000
5.87899985	78.69094000
5.87919985	78.69094000
5.87939985	78.69094000
5.87959985	78.69094000
5.87979985	78.69094000
5.87999985	78.69094000
5.88019985	78.69094000
5.88039985	78.69094000
5.88059985	78.69094000
5.88079985	78.69094000
5.88099985	78.69094000
5.88119985	78.69094000
5.88139985	78.69094000
5.88159985	78.69094000
5.88179985	78.69094000
5.88199985	78.69094000
5.88219985	78.69094000
5.88239985	78.69094000
5.88259985	78.69094000
5.88279985	78.69094000
5.88299985	78.69094000
5.88319985	78.69094000
5.88339985	78.69094000
5.88359985	78.69094000
5.88379985	78.69094000
5.88399985	78.69094000
5.88419985	78.69094000
5.88439985	78.69094000
5.88459985	78.69094000
5.88479985	78.69094000
5.88499985	78.69094000
5.88519985	78.69094000
5.88539985	78.69094000
5.88559985	78.69094000
5.88579985	80.56717000
5.88599985	78.69094000
5.88619985	80.56717000
5.88639985	80.56717000
5.88659985	80.56717000
5.88679985	80.56717000
5.88699985	80.56717000
5.88719985	80.56717000
5.88739985	80.56717000
5.88759985	80.56717000
5.88779985	80.56717000
5.88799985	80.56717000
5.88819985	80.56717000
5.88839985	80.56717000
5.88859985	80.56717000
5.88879985	80.56717000
5.88899985	80.56717000
5.88919985	80.56717000
5.88939985	80.56717000
5.88959985	80.56717000
5.88979985	80.56717000
5.88999985	80.56717000
5.89019985	80.56717000
5.89039985	80.56717000
5.89059985	78.69094000
5.89079985	78.69094000
5.89099985	78.69094000
5.89119985	78.69094000
5.89139985	78.69094000
5.89159985	78.69094000
5.89179985	78.69094000
5.89199985	78.69094000
5.89219985	78.69094000
5.89239985	78.69094000
5.89259985	78.69094000
5.89279985	78.69094000
5.89299985	78.69094000
5.89319985	78.69094000
5.89339985	78.69094000
5.89359985	78.69094000
5.89379985	78.69094000
5.89399985	76.82086000
5.89419985	76.82086000
5.89439985	78.69094000
5.89459985	76.82086000
5.89479985	78.69094000
5.89499985	78.69094000
5.89519985	78.69094000
5.89539985	78.69094000
5.89559985	78.69094000
5.89579985	78.69094000
5.89599985	78.69094000
5.89619985	78.69094000
5.89639985	78.69094000
5.89659985	78.69094000
5.89679985	78.69094000
5.89699985	78.69094000
5.89719985	78.69094000
5.89739985	78.69094000
5.89759985	78.69094000
5.89779985	76.82086000
5.89799985	78.69094000
5.89819985	78.69094000
5.89839985	78.69094000
5.89859985	78.69094000
5.89879985	78.69094000
5.89899985	78.69094000
5.89919985	76.82086000
5.89939985	78.69094000
5.89959985	78.69094000
5.89979985	78.69094000
5.89999985	78.69094000
5.90019985	78.69094000
5.90039985	78.69094000
5.90059985	78.69094000
5.90079985	78.69094000
5.90099985	78.69094000
5.90119985	78.69094000
5.90139985	78.69094000
5.90159985	78.69094000
5.90179985	78.69094000
5.90199985	78.69094000
5.90219985	78.69094000
5.90239985	78.69094000
5.90259985	78.69094000
5.90279985	78.69094000
5.90299985	78.69094000
5.90319985	78.69094000
5.90339985	78.69094000
5.90359985	78.69094000
5.90379985	78.69094000
5.90399985	78.69094000
5.90419985	78.69094000
5.90439985	80.56717000
5.90459985	80.56717000
5.90479985	80.56717000
5.90499985	80.56717000
5.90519985	80.56717000
5.90539985	80.56717000
5.90559985	80.56717000
5.90579985	80.56717000
5.90599985	80.56717000
5.90619985	80.56717000
5.90639985	80.56717000
5.90659985	80.56717000
5.90679985	82.43725000
5.90699985	82.43725000
5.90719985	82.43725000
5.90739985	82.43725000
5.90759985	82.43725000
5.90779985	82.43725000
5.90799985	82.43725000
5.90819985	82.43725000
5.90839985	82.43725000
5.90859985	80.56717000
5.90879985	80.56717000
5.90899985	80.56717000
5.90919985	80.56717000
5.90939985	80.56717000
5.90959985	80.56717000
5.90979985	80.56717000
5.90999985	80.56717000
5.91019985	80.56717000
5.91039985	80.56717000
5.91059985	78.69094000
5.91079985	78.69094000
5.91099985	78.69094000
5.91119985	78.69094000
5.91139985	78.69094000
5.91159985	76.82086000
5.91179985	76.82086000
5.91199985	76.82086000
5.91219985	76.82086000
5.91239985	76.82086000
5.91259985	76.82086000
5.91279985	76.82086000
5.91299985	76.82086000
5.91319985	76.82086000
5.91339985	76.82086000
5.91359985	76.82086000
5.91379985	76.82086000
5.91399985	76.82086000
5.91419985	76.82086000
5.91439985	76.82086000
5.91459985	76.82086000
5.91479985	76.82086000
5.91499985	76.82086000
5.91519985	76.82086000
5.91539985	76.82086000
5.91559985	76.82086000
5.91579985	76.82086000
5.91599985	76.82086000
5.91619985	76.82086000
5.91639985	78.69094000
5.91659985	78.69094000
5.91679985	78.69094000
5.91699985	78.69094000
5.91719985	78.69094000
5.91739985	78.69094000
5.91759985	78.69094000
5.91779985	78.69094000
5.91799985	78.69094000
5.91819985	78.69094000
5.91839985	78.69094000
5.91859985	78.69094000
5.91879985	78.69094000
5.91899985	78.69094000
5.91919985	78.69094000
5.91939985	78.69094000
5.91959985	78.69094000
5.91979985	78.69094000
5.91999985	78.69094000
5.92019985	78.69094000
5.92039985	78.69094000
5.92059985	78.69094000
5.92079985	78.69094000
5.92099985	78.69094000
5.92119985	78.69094000
5.92139985	78.69094000
5.92159985	78.69094000
5.92179985	78.69094000
5.92199985	78.69094000
5.92219985	78.69094000
5.92239985	78.69094000
5.92259985	78.69094000
5.92279985	78.69094000
5.92299985	78.69094000
5.92319985	78.69094000
5.92339985	78.69094000
5.92359985	80.56717000
5.92379985	80.56717000
5.92399985	80.56717000
5.92419985	80.56717000
5.92439985	80.56717000
5.92459985	80.56717000
5.92479985	80.56717000
5.92499985	80.56717000
5.92519985	80.56717000
5.92539985	80.56717000
5.92559985	80.56717000
5.92579985	80.56717000
5.92599985	80.56717000
5.92619985	80.56717000
5.92639985	80.56717000
5.92659985	80.56717000
5.92679985	80.56717000
5.92699985	80.56717000
5.92719985	80.56717000
5.92739985	80.56717000
5.92759985	80.56717000
5.92779985	80.56717000
5.92799985	80.56717000
5.92819985	80.56717000
5.92839985	80.56717000
5.92859985	80.56717000
5.92879985	78.69094000
5.92899985	78.69094000
5.92919985	78.69094000
5.92939985	78.69094000
5.92959985	78.69094000
5.92979985	78.69094000
5.92999985	78.69094000
5.93019985	78.69094000
5.93039985	78.69094000
5.93059985	78.69094000
5.93079985	76.82086000
5.93099985	76.82086000
5.93119985	76.82086000
5.93139985	76.82086000
5.93159985	76.82086000
5.93179985	76.82086000
5.93199985	76.82086000
5.93219985	76.82086000
5.93239985	76.82086000
5.93259985	76.82086000
5.93279985	76.82086000
5.93299985	76.82086000
5.93319985	76.82086000
5.93339985	76.82086000
5.93359985	76.82086000
5.93379985	76.82086000
5.93399985	76.82086000
5.93419985	76.82086000
5.93439985	76.82086000
5.93459985	76.82086000
5.93479985	76.82086000
5.93499985	76.82086000
5.93519985	76.82086000
5.93539985	76.82086000
5.93559985	78.69094000
5.93579985	78.69094000
5.93599985	78.69094000
5.93619985	78.69094000
5.93639985	78.69094000
5.93659985	78.69094000
5.93679985	78.69094000
5.93699985	78.69094000
5.93719985	80.56717000
5.93739985	80.56717000
5.93759985	80.56717000
5.93779985	80.56717000
5.93799985	80.56717000
5.93819985	80.56717000
5.93839985	80.56717000
5.93859985	80.56717000
5.93879985	80.56717000
5.93899985	80.56717000
5.93919985	78.69094000
5.93939985	80.56717000
5.93959985	80.56717000
5.93979985	80.56717000
5.93999985	80.56717000
5.94019985	80.56717000
5.94039985	80.56717000
5.94059985	80.56717000
5.94079985	80.56717000
5.94099985	80.56717000
5.94119985	80.56717000
5.94139985	80.56717000
5.94159985	78.69094000
5.94179985	78.69094000
5.94199985	78.69094000
5.94219985	78.69094000
5.94239985	78.69094000
5.94259985	80.56717000
5.94279985	80.56717000
5.94299985	80.56717000
5.94319985	80.56717000
5.94339985	80.56717000
5.94359985	80.56717000
5.94379985	80.56717000
5.94399985	80.56717000
5.94419985	80.56717000
5.94439985	80.56717000
5.94459985	80.56717000
5.94479985	80.56717000
5.94499985	80.56717000
5.94519985	80.56717000
5.94539985	80.56717000
5.94559985	80.56717000
5.94579985	80.56717000
5.94599985	80.56717000
5.94619985	80.56717000
5.94639985	80.56717000
5.94659985	80.56717000
5.94679985	80.56717000
5.94699985	80.56717000
5.94719985	80.56717000
5.94739985	80.56717000
5.94759985	80.56717000
5.94779985	80.56717000
5.94799985	80.56717000
5.94819985	80.56717000
5.94839985	80.56717000
5.94859985	78.69094000
5.94879985	78.69094000
5.94899985	78.69094000
5.94919985	78.69094000
5.94939985	78.69094000
5.94959985	78.69094000
5.94979985	78.69094000
5.94999985	78.69094000
5.95019985	78.69094000
5.95039985	78.69094000
5.95059985	78.69094000
5.95079985	76.82086000
5.95099985	76.82086000
5.95119985	76.82086000
5.95139985	76.82086000
5.95159985	76.82086000
5.95179985	76.82086000
5.95199985	76.82086000
5.95219985	76.82086000
5.95239985	76.82086000
5.95259985	76.82086000
5.95279985	76.82086000
5.95299985	76.82086000
5.95319985	76.82086000
5.95339985	76.82086000
5.95359985	76.82086000
5.95379985	76.82086000
5.95399985	76.82086000
5.95419985	76.82086000
5.95439985	78.69094000
5.95459985	78.69094000
5.95479985	78.69094000
5.95499985	78.69094000
5.95519985	78.69094000
5.95539985	78.69094000
5.95559985	78.69094000
5.95579985	78.69094000
5.95599985	78.69094000
5.95619985	78.69094000
5.95639985	78.69094000
5.95659985	78.69094000
5.95679985	78.69094000
5.95699985	78.69094000
5.95719985	78.69094000
5.95739985	80.56717000
5.95759985	78.69094000
5.95779985	80.56717000
5.95799985	78.69094000
5.95819985	80.56717000
5.95839985	80.56717000
5.95859985	80.56717000
5.95879985	80.56717000
5.95899985	80.56717000
5.95919985	80.56717000
5.95939985	80.56717000
5.95959985	80.56717000
5.95979985	80.56717000
5.95999985	80.56717000
5.96019985	80.56717000
5.96039985	80.56717000
5.96059985	78.69094000
5.96079985	78.69094000
5.96099985	78.69094000
5.96119985	78.69094000
5.96139985	78.69094000
5.96159985	78.69094000
5.96179985	78.69094000
5.96199985	78.69094000
5.96219985	78.69094000
5.96239985	78.69094000
5.96259985	78.69094000
5.96279985	78.69094000
5.96299985	78.69094000
5.96319985	78.69094000
5.96339985	78.69094000
5.96359985	78.69094000
5.96379985	78.69094000
5.96399985	78.69094000
5.96419985	78.69094000
5.96439985	78.69094000
5.96459985	78.69094000
5.96479985	78.69094000
5.96499985	80.56717000
5.96519985	80.56717000
5.96539985	80.56717000
5.96559985	80.56717000
5.96579985	80.56717000
5.96599985	80.56717000
5.96619985	80.56717000
5.96639985	80.56717000
5.96659985	80.56717000
5.96679985	80.56717000
5.96699985	80.56717000
5.96719985	80.56717000
5.96739985	80.56717000
5.96759985	80.56717000
5.96779985	80.56717000
5.96799985	80.56717000
5.96819985	80.56717000
5.96839985	78.69094000
5.96859985	78.69094000
5.96879985	78.69094000
5.96899985	78.69094000
5.96919985	78.69094000
5.96939985	78.69094000
5.96959985	78.69094000
5.96979985	78.69094000
5.96999985	78.69094000
5.97019985	78.69094000
5.97039985	78.69094000
5.97059985	76.82086000
5.97079985	76.82086000
5.97099985	78.69094000
5.97119985	78.69094000
5.97139985	76.82086000
5.97159985	76.82086000
5.97179985	78.69094000
5.97199985	78.69094000
5.97219985	78.69094000
5.97239985	78.69094000
5.97259985	76.82086000
5.97279985	78.69094000
5.97299985	78.69094000
5.97319985	78.69094000
5.97339985	78.69094000
5.97359985	78.69094000
5.97379985	78.69094000
5.97399985	78.69094000
5.97419985	78.69094000
5.97439985	78.69094000
5.97459985	78.69094000
5.97479985	78.69094000
5.97499985	78.69094000
5.97519985	78.69094000
5.97539985	78.69094000
5.97559985	78.69094000
5.97579985	78.69094000
5.97599985	78.69094000
5.97619985	80.56717000
5.97639985	80.56717000
5.97659985	80.56717000
5.97679985	80.56717000
5.97699985	80.56717000
5.97719985	80.56717000
5.97739985	80.56717000
5.97759985	80.56717000
5.97779985	80.56717000
5.97799985	80.56717000
5.97819985	80.56717000
5.97839985	80.56717000
5.97859985	80.56717000
5.97879985	80.56717000
5.97899985	80.56717000
5.97919985	80.56717000
5.97939985	80.56717000
5.97959985	80.56717000
5.97979985	80.56717000
5.97999985	80.56717000
5.98019985	80.56717000
5.98039985	78.69094000
5.98059985	78.69094000
5.98079985	78.69094000
5.98099985	78.69094000
5.98119985	78.69094000
5.98139985	78.69094000
5.98159985	78.69094000
5.98179985	78.69094000
5.98199985	78.69094000
5.98219985	78.69094000
5.98239985	78.69094000
5.98259985	78.69094000
5.98279985	78.69094000
5.98299985	78.69094000
5.98319985	78.69094000
5.98339985	78.69094000
5.98359985	78.69094000
5.98379985	78.69094000
5.98399985	78.69094000
5.98419985	78.69094000
5.98439985	78.69094000
5.98459985	78.69094000
5.98479985	78.69094000
5.98499985	78.69094000
5.98519985	78.69094000
5.98539985	78.69094000
5.98559985	78.69094000
5.98579985	78.69094000
5.98599985	78.69094000
5.98619985	78.69094000
5.98639985	78.69094000
5.98659985	78.69094000
5.98679985	78.69094000
5.98699985	78.69094000
5.98719985	78.69094000
5.98739985	78.69094000
5.98759985	78.69094000
5.98779985	78.69094000
5.98799985	78.69094000
5.98819985	78.69094000
5.98839985	78.69094000
5.98859985	78.69094000
5.98879985	78.69094000
5.98899985	78.69094000
5.98919985	78.69094000
5.98939985	78.69094000
5.98959985	78.69094000
5.98979985	78.69094000
5.98999985	78.69094000
5.99019985	78.69094000
5.99039985	76.82086000
5.99059985	78.69094000
5.99079985	78.69094000
5.99099985	78.69094000
5.99119985	78.69094000
5.99139985	76.82086000
5.99159985	78.69094000
5.99179985	76.82086000
5.99199985	76.82086000
5.99219985	76.82086000
5.99239985	76.82086000
5.99259985	76.82086000
5.99279985	76.82086000
5.99299985	76.82086000
5.99319985	76.82086000
5.99339985	78.69094000
5.99359985	78.69094000
5.99379985	78.69094000
5.99399985	78.69094000
5.99419985	78.69094000
5.99439985	78.69094000
5.99459985	78.69094000
5.99479985	78.69094000
5.99499985	78.69094000
5.99519985	78.69094000
5.99539985	78.69094000
5.99559985	78.69094000
5.99579985	78.69094000
5.99599985	78.69094000
5.99619985	78.69094000
5.99639985	78.69094000
5.99659985	78.69094000
5.99679985	78.69094000
5.99699985	78.69094000
5.99719985	78.69094000
5.99739985	78.69094000
5.99759985	78.69094000
5.99779985	78.69094000
5.99799985	78.69094000
5.99819985	78.69094000
5.99839985	78.69094000
5.99859985	78.69094000
5.99879985	78.69094000
5.99899985	78.69094000
5.99919985	78.69094000
5.99939985	78.69094000
5.99959985	78.69094000
5.99979985	78.69094000
5.99999985	78.69094000
6.00019985	78.69094000
6.00039985	78.69094000
6.00059985	78.69094000
6.00079985	78.69094000
6.00099985	78.69094000
6.00119985	78.69094000
6.00139985	78.69094000
6.00159985	78.69094000
6.00179985	78.69094000
6.00199985	78.69094000
6.00219985	78.69094000
6.00239985	78.69094000
6.00259985	78.69094000
6.00279985	78.69094000
6.00299985	78.69094000
6.00319985	78.69094000
6.00339985	78.69094000
6.00359985	78.69094000
6.00379985	78.69094000
6.00399985	78.69094000
6.00419985	78.69094000
6.00439985	78.69094000
6.00459985	78.69094000
6.00479985	78.69094000
6.00499985	78.69094000
6.00519985	80.56717000
6.00539985	80.56717000
6.00559985	80.56717000
6.00579985	80.56717000
6.00599985	80.56717000
6.00619985	80.56717000
6.00639985	80.56717000
6.00659985	80.56717000
6.00679985	80.56717000
6.00699985	80.56717000
6.00719985	80.56717000
6.00739985	80.56717000
6.00759985	80.56717000
6.00779985	80.56717000
6.00799985	80.56717000
6.00819985	80.56717000
6.00839985	80.56717000
6.00859985	80.56717000
6.00879985	80.56717000
6.00899985	80.56717000
6.00919985	80.56717000
6.00939985	80.56717000
6.00959985	80.56717000
6.00979985	80.56717000
6.00999985	80.56717000
6.01019985	80.56717000
6.01039985	80.56717000
6.01059985	80.56717000
6.01079985	80.56717000
6.01099985	80.56717000
6.01119985	80.56717000
6.01139985	80.56717000
6.01159985	80.56717000
6.01179985	80.56717000
6.01199985	80.56717000
6.01219985	80.56717000
6.01239985	80.56717000
6.01259985	80.56717000
6.01279985	78.69094000
6.01299985	78.69094000
6.01319985	80.56717000
6.01339985	80.56717000
6.01359985	78.69094000
6.01379985	78.69094000
6.01399985	78.69094000
6.01419985	78.69094000
6.01439985	78.69094000
6.01459985	78.69094000
6.01479985	78.69094000
6.01499985	78.69094000
6.01519985	78.69094000
6.01539985	78.69094000
6.01559985	78.69094000
6.01579985	78.69094000
6.01599985	78.69094000
6.01619985	78.69094000
6.01639985	78.69094000
6.01659985	78.69094000
6.01679985	78.69094000
6.01699985	78.69094000
6.01719985	78.69094000
6.01739985	78.69094000
6.01759985	78.69094000
6.01779985	78.69094000
6.01799985	78.69094000
6.01819985	78.69094000
6.01839985	78.69094000
6.01859985	78.69094000
6.01879985	78.69094000
6.01899985	78.69094000
6.01919985	78.69094000
6.01939985	78.69094000
6.01959985	78.69094000
6.01979985	78.69094000
6.01999985	78.69094000
6.02019985	78.69094000
6.02039985	78.69094000
6.02059985	78.69094000
6.02079985	78.69094000
6.02099985	78.69094000
6.02119985	78.69094000
6.02139985	78.69094000
6.02159985	78.69094000
6.02179985	78.69094000
6.02199985	78.69094000
6.02219985	78.69094000
6.02239985	78.69094000
6.02259985	78.69094000
6.02279985	78.69094000
6.02299985	78.69094000
6.02319985	78.69094000
6.02339985	78.69094000
6.02359985	78.69094000
6.02379985	78.69094000
6.02399985	78.69094000
6.02419985	78.69094000
6.02439985	78.69094000
6.02459985	78.69094000
6.02479985	78.69094000
6.02499985	78.69094000
6.02519985	78.69094000
6.02539985	78.69094000
6.02559985	80.56717000
6.02579985	80.56717000
6.02599985	80.56717000
6.02619985	80.56717000
6.02639985	80.56717000
6.02659985	80.56717000
6.02679985	80.56717000
6.02699985	80.56717000
6.02719985	80.56717000
6.02739985	80.56717000
6.02759985	80.56717000
6.02779985	80.56717000
6.02799985	80.56717000
6.02819985	80.56717000
6.02839985	80.56717000
6.02859985	80.56717000
6.02879985	80.56717000
6.02899985	80.56717000
6.02919985	80.56717000
6.02939985	82.43725000
6.02959985	80.56717000
6.02979985	80.56717000
6.02999985	80.56717000
6.03019985	80.56717000
6.03039985	80.56717000
6.03059985	80.56717000
6.03079985	80.56717000
6.03099985	80.56717000
6.03119985	80.56717000
6.03139985	80.56717000
6.03159985	80.56717000
6.03179985	80.56717000
6.03199985	80.56717000
6.03219985	80.56717000
6.03239985	80.56717000
6.03259985	80.56717000
6.03279985	80.56717000
6.03299985	80.56717000
6.03319985	80.56717000
6.03339985	80.56717000
6.03359985	80.56717000
6.03379985	80.56717000
6.03399985	80.56717000
6.03419985	80.56717000
6.03439985	80.56717000
6.03459985	80.56717000
6.03479985	80.56717000
6.03499985	80.56717000
6.03519985	80.56717000
6.03539985	80.56717000
6.03559985	80.56717000
6.03579985	80.56717000
6.03599985	80.56717000
6.03619985	78.69094000
6.03639985	80.56717000
6.03659985	80.56717000
6.03679985	80.56717000
6.03699985	78.69094000
6.03719985	80.56717000
6.03739985	78.69094000
6.03759985	80.56717000
6.03779985	78.69094000
6.03799985	78.69094000
6.03819985	78.69094000
6.03839985	78.69094000
6.03859985	78.69094000
6.03879985	78.69094000
6.03899985	78.69094000
6.03919985	78.69094000
6.03939985	78.69094000
6.03959985	78.69094000
6.03979985	78.69094000
6.03999985	78.69094000
6.04019985	78.69094000
6.04039985	78.69094000
6.04059985	78.69094000
6.04079985	78.69094000
6.04099985	78.69094000
6.04119985	78.69094000
6.04139985	78.69094000
6.04159985	78.69094000
6.04179985	78.69094000
6.04199985	78.69094000
6.04219985	78.69094000
6.04239985	78.69094000
6.04259985	78.69094000
6.04279985	78.69094000
6.04299985	78.69094000
6.04319985	78.69094000
6.04339985	78.69094000
6.04359985	78.69094000
6.04379985	78.69094000
6.04399985	78.69094000
6.04419985	78.69094000
6.04439985	78.69094000
6.04459985	78.69094000
6.04479985	78.69094000
6.04499985	78.69094000
6.04519985	78.69094000
6.04539985	78.69094000
6.04559985	78.69094000
6.04579985	78.69094000
6.04599985	78.69094000
6.04619985	78.69094000
6.04639985	78.69094000
6.04659985	80.56717000
6.04679985	80.56717000
6.04699985	80.56717000
6.04719985	80.56717000
6.04739985	80.56717000
6.04759985	80.56717000
6.04779985	80.56717000
6.04799985	80.56717000
6.04819985	80.56717000
6.04839985	80.56717000
6.04859985	80.56717000
6.04879985	80.56717000
6.04899985	80.56717000
6.04919985	80.56717000
6.04939985	80.56717000
6.04959985	80.56717000
6.04979985	80.56717000
6.04999985	80.56717000
6.05019985	80.56717000
6.05039985	80.56717000
6.05059985	80.56717000
6.05079985	80.56717000
6.05099985	80.56717000
6.05119985	80.56717000
6.05139985	80.56717000
6.05159985	80.56717000
6.05179985	80.56717000
6.05199985	80.56717000
6.05219985	80.56717000
6.05239985	80.56717000
6.05259985	80.56717000
6.05279985	80.56717000
6.05299985	80.56717000
6.05319985	80.56717000
6.05339985	80.56717000
6.05359985	80.56717000
6.05379985	80.56717000
6.05399985	80.56717000
6.05419985	80.56717000
6.05439985	80.56717000
6.05459985	80.56717000
6.05479985	80.56717000
6.05499985	80.56717000
6.05519985	78.69094000
6.05539985	78.69094000
6.05559985	78.69094000
6.05579985	78.69094000
6.05599985	78.69094000
6.05619985	78.69094000
6.05639985	80.56717000
6.05659985	78.69094000
6.05679985	78.69094000
6.05699985	78.69094000
6.05719985	78.69094000
6.05739985	80.56717000
6.05759985	78.69094000
6.05779985	80.56717000
6.05799985	80.56717000
6.05819985	80.56717000
6.05839985	80.56717000
6.05859985	80.56717000
6.05879985	80.56717000
6.05899985	80.56717000
6.05919985	80.56717000
6.05939985	80.56717000
6.05959985	80.56717000
6.05979985	80.56717000
6.05999985	80.56717000
6.06019985	80.56717000
6.06039985	80.56717000
6.06059985	80.56717000
6.06079985	80.56717000
6.06099985	80.56717000
6.06119985	80.56717000
6.06139985	80.56717000
6.06159985	80.56717000
6.06179985	80.56717000
6.06199985	80.56717000
6.06219985	80.56717000
6.06239985	80.56717000
6.06259985	80.56717000
6.06279985	80.56717000
6.06299985	80.56717000
6.06319985	80.56717000
6.06339985	80.56717000
6.06359985	80.56717000
6.06379985	80.56717000
6.06399985	80.56717000
6.06419985	80.56717000
6.06439985	78.69094000
6.06459985	78.69094000
6.06479985	78.69094000
6.06499985	80.56717000
6.06519985	78.69094000
6.06539985	80.56717000
6.06559985	78.69094000
6.06579985	78.69094000
6.06599985	80.56717000
6.06619985	80.56717000
6.06639985	80.56717000
6.06659985	80.56717000
6.06679985	80.56717000
6.06699985	80.56717000
6.06719985	80.56717000
6.06739985	80.56717000
6.06759985	80.56717000
6.06779985	80.56717000
6.06799985	80.56717000
6.06819985	80.56717000
6.06839985	80.56717000
6.06859985	80.56717000
6.06879985	80.56717000
6.06899985	80.56717000
6.06919985	80.56717000
6.06939985	80.56717000
6.06959985	80.56717000
6.06979985	80.56717000
6.06999985	80.56717000
6.07019985	80.56717000
6.07039985	80.56717000
6.07059985	80.56717000
6.07079985	80.56717000
6.07099985	80.56717000
6.07119985	80.56717000
6.07139985	80.56717000
6.07159985	80.56717000
6.07179985	80.56717000
6.07199985	80.56717000
6.07219985	80.56717000
6.07239985	80.56717000
6.07259985	80.56717000
6.07279985	78.69094000
6.07299985	78.69094000
6.07319985	78.69094000
6.07339985	78.69094000
6.07359985	78.69094000
6.07379985	78.69094000
6.07399985	78.69094000
6.07419985	78.69094000
6.07439985	78.69094000
6.07459985	78.69094000
6.07479985	78.69094000
6.07499985	78.69094000
6.07519985	78.69094000
6.07539985	78.69094000
6.07559985	78.69094000
6.07579985	78.69094000
6.07599985	78.69094000
6.07619985	78.69094000
6.07639985	78.69094000
6.07659985	78.69094000
6.07679985	78.69094000
6.07699985	78.69094000
6.07719985	78.69094000
6.07739985	78.69094000
6.07759985	78.69094000
6.07779985	78.69094000
6.07799985	78.69094000
6.07819985	78.69094000
6.07839985	78.69094000
6.07859985	78.69094000
6.07879985	78.69094000
6.07899985	78.69094000
6.07919985	78.69094000
6.07939985	78.69094000
6.07959985	78.69094000
6.07979985	78.69094000
6.07999985	78.69094000
6.08019985	78.69094000
6.08039985	78.69094000
6.08059985	78.69094000
6.08079985	78.69094000
6.08099985	78.69094000
6.08119985	78.69094000
6.08139985	78.69094000
6.08159985	78.69094000
6.08179985	78.69094000
6.08199985	78.69094000
6.08219985	78.69094000
6.08239985	78.69094000
6.08259985	78.69094000
6.08279985	78.69094000
6.08299985	78.69094000
6.08319985	80.56717000
6.08339985	78.69094000
6.08359985	78.69094000
6.08379985	78.69094000
6.08399985	78.69094000
6.08419985	80.56717000
6.08439985	78.69094000
6.08459985	78.69094000
6.08479985	80.56717000
6.08499985	80.56717000
6.08519985	80.56717000
6.08539985	80.56717000
6.08559985	80.56717000
6.08579985	80.56717000
6.08599985	80.56717000
6.08619985	80.56717000
6.08639985	80.56717000
6.08659985	80.56717000
6.08679985	80.56717000
6.08699985	80.56717000
6.08719985	80.56717000
6.08739985	80.56717000
6.08759985	82.43725000
6.08779985	80.56717000
6.08799985	80.56717000
6.08819985	80.56717000
6.08839985	80.56717000
6.08859985	82.43725000
6.08879985	82.43725000
6.08899985	82.43725000
6.08919985	80.56717000
6.08939985	80.56717000
6.08959985	80.56717000
6.08979985	80.56717000
6.08999985	80.56717000
6.09019985	82.43725000
6.09039985	80.56717000
6.09059985	80.56717000
6.09079985	80.56717000
6.09099985	80.56717000
6.09119985	80.56717000
6.09139985	80.56717000
6.09159985	80.56717000
6.09179985	80.56717000
6.09199985	80.56717000
6.09219985	80.56717000
6.09239985	80.56717000
6.09259985	80.56717000
6.09279985	80.56717000
6.09299985	80.56717000
6.09319985	80.56717000
6.09339985	80.56717000
6.09359985	78.69094000
6.09379985	78.69094000
6.09399985	78.69094000
6.09419985	78.69094000
6.09439985	78.69094000
6.09459985	78.69094000
6.09479985	78.69094000
6.09499985	78.69094000
6.09519985	80.56717000
6.09539985	80.56717000
6.09559985	80.56717000
6.09579985	80.56717000
6.09599985	80.56717000
6.09619985	80.56717000
6.09639985	80.56717000
6.09659985	80.56717000
6.09679985	80.56717000
6.09699985	80.56717000
6.09719985	80.56717000
6.09739985	80.56717000
6.09759985	80.56717000
6.09779985	80.56717000
6.09799985	80.56717000
6.09819985	80.56717000
6.09839985	80.56717000
6.09859985	80.56717000
6.09879985	80.56717000
6.09899985	80.56717000
6.09919985	80.56717000
6.09939985	80.56717000
6.09959985	80.56717000
6.09979985	80.56717000
6.09999985	80.56717000
6.10019985	80.56717000
6.10039985	80.56717000
6.10059985	80.56717000
6.10079985	80.56717000
6.10099985	80.56717000
6.10119985	80.56717000
6.10139985	80.56717000
6.10159985	80.56717000
6.10179985	80.56717000
6.10199985	80.56717000
6.10219985	80.56717000
6.10239985	80.56717000
6.10259985	80.56717000
6.10279985	80.56717000
6.10299985	80.56717000
6.10319985	80.56717000
6.10339985	80.56717000
6.10359985	80.56717000
6.10379985	80.56717000
6.10399985	80.56717000
6.10419985	80.56717000
6.10439985	80.56717000
6.10459985	80.56717000
6.10479985	80.56717000
6.10499985	80.56717000
6.10519985	80.56717000
6.10539985	80.56717000
6.10559985	80.56717000
6.10579985	80.56717000
6.10599985	80.56717000
6.10619985	80.56717000
6.10639985	80.56717000
6.10659985	80.56717000
6.10679985	80.56717000
6.10699985	80.56717000
6.10719985	80.56717000
6.10739985	80.56717000
6.10759985	80.56717000
6.10779985	80.56717000
6.10799985	80.56717000
6.10819985	80.56717000
6.10839985	80.56717000
6.10859985	80.56717000
6.10879985	80.56717000
6.10899985	80.56717000
6.10919985	80.56717000
6.10939985	80.56717000
6.10959985	80.56717000
6.10979985	80.56717000
6.10999985	80.56717000
6.11019985	80.56717000
6.11039985	80.56717000
6.11059985	80.56717000
6.11079985	80.56717000
6.11099985	80.56717000
6.11119985	80.56717000
6.11139985	80.56717000
6.11159985	80.56717000
6.11179985	80.56717000
6.11199985	80.56717000
6.11219985	80.56717000
6.11239985	80.56717000
6.11259985	80.56717000
6.11279985	80.56717000
6.11299985	80.56717000
6.11319985	80.56717000
6.11339985	80.56717000
6.11359985	80.56717000
6.11379985	80.56717000
6.11399985	80.56717000
6.11419985	80.56717000
6.11439985	80.56717000
6.11459985	80.56717000
6.11479985	80.56717000
6.11499985	80.56717000
6.11519985	80.56717000
6.11539985	80.56717000
6.11559985	80.56717000
6.11579985	80.56717000
6.11599985	80.56717000
6.11619985	80.56717000
6.11639985	80.56717000
6.11659985	80.56717000
6.11679985	80.56717000
6.11699985	80.56717000
6.11719985	80.56717000
6.11739985	80.56717000
6.11759985	80.56717000
6.11779985	80.56717000
6.11799985	80.56717000
6.11819985	80.56717000
6.11839985	80.56717000
6.11859985	80.56717000
6.11879985	80.56717000
6.11899985	80.56717000
6.11919985	80.56717000
6.11939985	80.56717000
6.11959985	80.56717000
6.11979985	80.56717000
6.11999985	80.56717000
6.12019985	80.56717000
6.12039985	80.56717000
6.12059985	80.56717000
6.12079985	80.56717000
6.12099985	80.56717000
6.12119985	80.56717000
6.12139985	80.56717000
6.12159985	80.56717000
6.12179985	80.56717000
6.12199985	80.56717000
6.12219985	80.56717000
6.12239985	80.56717000
6.12259985	80.56717000
6.12279985	80.56717000
6.12299985	80.56717000
6.12319985	80.56717000
6.12339985	80.56717000
6.12359985	80.56717000
6.12379985	80.56717000
6.12399985	80.56717000
6.12419985	80.56717000
6.12439985	80.56717000
6.12459985	80.56717000
6.12479985	80.56717000
6.12499985	80.56717000
6.12519985	80.56717000
6.12539985	80.56717000
6.12559985	80.56717000
6.12579985	80.56717000
6.12599985	80.56717000
6.12619985	80.56717000
6.12639985	80.56717000
6.12659985	80.56717000
6.12679985	80.56717000
6.12699985	80.56717000
6.12719985	80.56717000
6.12739985	82.43725000
6.12759985	80.56717000
6.12779985	82.43725000
6.12799985	82.43725000
6.12819985	82.43725000
6.12839985	80.56717000
6.12859985	80.56717000
6.12879985	80.56717000
6.12899985	82.43725000
6.12919985	80.56717000
6.12939985	80.56717000
6.12959985	80.56717000
6.12979985	80.56717000
6.12999985	80.56717000
6.13019985	80.56717000
6.13039985	80.56717000
6.13059985	80.56717000
6.13079985	80.56717000
6.13099985	80.56717000
6.13119985	80.56717000
6.13139985	80.56717000
6.13159985	80.56717000
6.13179985	80.56717000
6.13199985	80.56717000
6.13219985	80.56717000
6.13239985	80.56717000
6.13259985	80.56717000
6.13279985	80.56717000
6.13299985	80.56717000
6.13319985	80.56717000
6.13339985	80.56717000
6.13359985	80.56717000
6.13379985	80.56717000
6.13399985	80.56717000
6.13419985	80.56717000
6.13439985	80.56717000
6.13459985	80.56717000
6.13479985	80.56717000
6.13499985	80.56717000
6.13519985	80.56717000
6.13539985	80.56717000
6.13559985	80.56717000
6.13579984	80.56717000
6.13599984	80.56717000
6.13619984	80.56717000
6.13639984	80.56717000
6.13659984	80.56717000
6.13679984	80.56717000
6.13699984	80.56717000
6.13719984	80.56717000
6.13739984	80.56717000
6.13759984	80.56717000
6.13779984	80.56717000
6.13799984	80.56717000
6.13819984	80.56717000
6.13839984	80.56717000
6.13859984	80.56717000
6.13879984	80.56717000
6.13899984	80.56717000
6.13919984	80.56717000
6.13939984	80.56717000
6.13959984	80.56717000
6.13979984	80.56717000
6.13999984	80.56717000
6.14019984	80.56717000
6.14039984	80.56717000
6.14059984	80.56717000
6.14079984	80.56717000
6.14099984	80.56717000
6.14119984	80.56717000
6.14139984	80.56717000
6.14159984	80.56717000
6.14179984	80.56717000
6.14199984	80.56717000
6.14219984	80.56717000
6.14239984	80.56717000
6.14259984	80.56717000
6.14279984	80.56717000
6.14299984	80.56717000
6.14319984	80.56717000
6.14339984	80.56717000
6.14359984	80.56717000
6.14379984	80.56717000
6.14399984	80.56717000
6.14419984	80.56717000
6.14439984	80.56717000
6.14459984	80.56717000
6.14479984	80.56717000
6.14499984	80.56717000
6.14519984	80.56717000
6.14539984	80.56717000
6.14559984	80.56717000
6.14579984	80.56717000
6.14599984	80.56717000
6.14619984	80.56717000
6.14639984	80.56717000
6.14659984	80.56717000
6.14679984	80.56717000
6.14699984	80.56717000
6.14719984	80.56717000
6.14739984	80.56717000
6.14759984	80.56717000
6.14779984	80.56717000
6.14799984	80.56717000
6.14819984	80.56717000
6.14839984	80.56717000
6.14859984	80.56717000
6.14879984	80.56717000
6.14899984	80.56717000
6.14919984	78.69094000
6.14939984	78.69094000
6.14959984	78.69094000
6.14979984	78.69094000
6.14999984	78.69094000
6.15019984	78.69094000
6.15039984	78.69094000
6.15059984	78.69094000
6.15079984	78.69094000
6.15099984	78.69094000
6.15119984	78.69094000
6.15139984	78.69094000
6.15159984	78.69094000
6.15179984	78.69094000
6.15199984	78.69094000
6.15219984	78.69094000
6.15239984	78.69094000
6.15259984	78.69094000
6.15279984	78.69094000
6.15299984	78.69094000
6.15319984	78.69094000
6.15339984	78.69094000
6.15359984	78.69094000
6.15379984	78.69094000
6.15399984	78.69094000
6.15419984	78.69094000
6.15439984	78.69094000
6.15459984	80.56717000
6.15479984	80.56717000
6.15499984	80.56717000
6.15519984	80.56717000
6.15539984	80.56717000
6.15559984	80.56717000
6.15579984	80.56717000
6.15599984	80.56717000
6.15619984	80.56717000
6.15639984	80.56717000
6.15659984	80.56717000
6.15679984	82.43725000
6.15699984	82.43725000
6.15719984	82.43725000
6.15739984	82.43725000
6.15759984	82.43725000
6.15779984	82.43725000
6.15799984	82.43725000
6.15819984	82.43725000
6.15839984	82.43725000
6.15859984	82.43725000
6.15879984	82.43725000
6.15899984	82.43725000
6.15919984	82.43725000
6.15939984	82.43725000
6.15959984	82.43725000
6.15979984	80.56717000
6.15999984	82.43725000
6.16019984	80.56717000
6.16039984	80.56717000
6.16059984	82.43725000
6.16079984	80.56717000
6.16099984	80.56717000
6.16119984	80.56717000
6.16139984	80.56717000
6.16159984	80.56717000
6.16179984	80.56717000
6.16199984	80.56717000
6.16219984	80.56717000
6.16239984	80.56717000
6.16259984	80.56717000
6.16279984	80.56717000
6.16299984	80.56717000
6.16319984	80.56717000
6.16339984	80.56717000
6.16359984	80.56717000
6.16379984	80.56717000
6.16399984	80.56717000
6.16419984	80.56717000
6.16439984	80.56717000
6.16459984	80.56717000
6.16479984	80.56717000
6.16499984	80.56717000
6.16519984	80.56717000
6.16539984	80.56717000
6.16559984	80.56717000
6.16579984	80.56717000
6.16599984	80.56717000
6.16619984	80.56717000
6.16639984	80.56717000
6.16659984	80.56717000
6.16679984	80.56717000
6.16699984	80.56717000
6.16719984	80.56717000
6.16739984	80.56717000
6.16759984	80.56717000
6.16779984	80.56717000
6.16799984	80.56717000
6.16819984	80.56717000
6.16839984	80.56717000
6.16859984	80.56717000
6.16879984	80.56717000
6.16899984	80.56717000
6.16919984	80.56717000
6.16939984	80.56717000
6.16959984	80.56717000
6.16979984	80.56717000
6.16999984	80.56717000
6.17019984	80.56717000
6.17039984	80.56717000
6.17059984	80.56717000
6.17079984	80.56717000
6.17099984	78.69094000
6.17119984	78.69094000
6.17139984	80.56717000
6.17159984	78.69094000
6.17179984	78.69094000
6.17199984	78.69094000
6.17219984	78.69094000
6.17239984	78.69094000
6.17259984	78.69094000
6.17279984	78.69094000
6.17299984	78.69094000
6.17319984	78.69094000
6.17339984	80.56717000
6.17359984	80.56717000
6.17379984	80.56717000
6.17399984	80.56717000
6.17419984	80.56717000
6.17439984	80.56717000
6.17459984	80.56717000
6.17479984	80.56717000
6.17499984	80.56717000
6.17519984	80.56717000
6.17539984	80.56717000
6.17559984	80.56717000
6.17579984	80.56717000
6.17599984	80.56717000
6.17619984	80.56717000
6.17639984	82.43725000
6.17659984	82.43725000
6.17679984	82.43725000
6.17699984	82.43725000
6.17719984	82.43725000
6.17739984	82.43725000
6.17759984	82.43725000
6.17779984	82.43725000
6.17799984	82.43725000
6.17819984	82.43725000
6.17839984	82.43725000
6.17859984	82.43725000
6.17879984	82.43725000
6.17899984	82.43725000
6.17919984	80.56717000
6.17939984	82.43725000
6.17959984	82.43725000
6.17979984	80.56717000
6.17999984	80.56717000
6.18019984	80.56717000
6.18039984	80.56717000
6.18059984	80.56717000
6.18079984	80.56717000
6.18099984	80.56717000
6.18119984	80.56717000
6.18139984	80.56717000
6.18159984	80.56717000
6.18179984	80.56717000
6.18199984	80.56717000
6.18219984	80.56717000
6.18239984	80.56717000
6.18259984	80.56717000
6.18279984	80.56717000
6.18299984	80.56717000
6.18319984	80.56717000
6.18339984	80.56717000
6.18359984	80.56717000
6.18379984	80.56717000
6.18399984	80.56717000
6.18419984	80.56717000
6.18439984	80.56717000
6.18459984	80.56717000
6.18479984	80.56717000
6.18499984	80.56717000
6.18519984	80.56717000
6.18539984	80.56717000
6.18559984	80.56717000
6.18579984	82.43725000
6.18599984	82.43725000
6.18619984	82.43725000
6.18639984	82.43725000
6.18659984	82.43725000
6.18679984	82.43725000
6.18699984	82.43725000
6.18719984	80.56717000
6.18739984	80.56717000
6.18759984	80.56717000
6.18779984	80.56717000
6.18799984	80.56717000
6.18819984	80.56717000
6.18839984	80.56717000
6.18859984	80.56717000
6.18879984	80.56717000
6.18899984	80.56717000
6.18919984	80.56717000
6.18939984	80.56717000
6.18959984	80.56717000
6.18979984	80.56717000
6.18999984	80.56717000
6.19019984	80.56717000
6.19039984	80.56717000
6.19059984	80.56717000
6.19079984	78.69094000
6.19099984	78.69094000
6.19119984	78.69094000
6.19139984	78.69094000
6.19159984	78.69094000
6.19179984	78.69094000
6.19199984	78.69094000
6.19219984	78.69094000
6.19239984	78.69094000
6.19259984	78.69094000
6.19279984	78.69094000
6.19299984	78.69094000
6.19319984	80.56717000
6.19339984	80.56717000
6.19359984	80.56717000
6.19379984	80.56717000
6.19399984	80.56717000
6.19419984	80.56717000
6.19439984	80.56717000
6.19459984	80.56717000
6.19479984	80.56717000
6.19499984	80.56717000
6.19519984	80.56717000
6.19539984	80.56717000
6.19559984	80.56717000
6.19579984	80.56717000
6.19599984	80.56717000
6.19619984	80.56717000
6.19639984	80.56717000
6.19659984	80.56717000
6.19679984	80.56717000
6.19699984	80.56717000
6.19719984	80.56717000
6.19739984	80.56717000
6.19759984	80.56717000
6.19779984	80.56717000
6.19799984	80.56717000
6.19819984	80.56717000
6.19839984	80.56717000
6.19859984	80.56717000
6.19879984	80.56717000
6.19899984	80.56717000
6.19919984	80.56717000
6.19939984	80.56717000
6.19959984	80.56717000
6.19979984	80.56717000
6.19999984	80.56717000
6.20019984	80.56717000
6.20039984	78.69094000
6.20059984	80.56717000
6.20079984	80.56717000
6.20099984	80.56717000
6.20119984	78.69094000
6.20139984	80.56717000
6.20159984	80.56717000
6.20179984	80.56717000
6.20199984	80.56717000
6.20219984	80.56717000
6.20239984	80.56717000
6.20259984	80.56717000
6.20279984	80.56717000
6.20299984	80.56717000
6.20319984	80.56717000
6.20339984	80.56717000
6.20359984	80.56717000
6.20379984	80.56717000
6.20399984	80.56717000
6.20419984	80.56717000
6.20439984	80.56717000
6.20459984	80.56717000
6.20479984	80.56717000
6.20499984	80.56717000
6.20519984	80.56717000
6.20539984	80.56717000
6.20559984	80.56717000
6.20579984	80.56717000
6.20599984	80.56717000
6.20619984	80.56717000
6.20639984	80.56717000
6.20659984	80.56717000
6.20679984	82.43725000
6.20699984	82.43725000
6.20719984	82.43725000
6.20739984	82.43725000
6.20759984	80.56717000
6.20779984	80.56717000
6.20799984	80.56717000
6.20819984	80.56717000
6.20839984	80.56717000
6.20859984	80.56717000
6.20879984	80.56717000
6.20899984	80.56717000
6.20919984	80.56717000
6.20939984	80.56717000
6.20959984	80.56717000
6.20979984	80.56717000
6.20999984	80.56717000
6.21019984	80.56717000
6.21039984	80.56717000
6.21059984	80.56717000
6.21079984	80.56717000
6.21099984	78.69094000
6.21119984	78.69094000
6.21139984	78.69094000
6.21159984	78.69094000
6.21179984	78.69094000
6.21199984	78.69094000
6.21219984	78.69094000
6.21239984	78.69094000
6.21259984	78.69094000
6.21279984	78.69094000
6.21299984	78.69094000
6.21319984	78.69094000
6.21339984	78.69094000
6.21359984	78.69094000
6.21379984	78.69094000
6.21399984	78.69094000
6.21419984	78.69094000
6.21439984	78.69094000
6.21459984	78.69094000
6.21479984	78.69094000
6.21499984	80.56717000
6.21519984	80.56717000
6.21539984	80.56717000
6.21559984	80.56717000
6.21579984	80.56717000
6.21599984	80.56717000
6.21619984	80.56717000
6.21639984	80.56717000
6.21659984	80.56717000
6.21679984	80.56717000
6.21699984	80.56717000
6.21719984	80.56717000
6.21739984	80.56717000
6.21759984	80.56717000
6.21779984	80.56717000
6.21799984	80.56717000
6.21819984	80.56717000
6.21839984	80.56717000
6.21859984	80.56717000
6.21879984	80.56717000
6.21899984	80.56717000
6.21919984	80.56717000
6.21939984	80.56717000
6.21959984	80.56717000
6.21979984	80.56717000
6.21999984	80.56717000
6.22019984	80.56717000
6.22039984	80.56717000
6.22059984	80.56717000
6.22079984	80.56717000
6.22099984	80.56717000
6.22119984	80.56717000
6.22139984	78.69094000
6.22159984	80.56717000
6.22179984	78.69094000
6.22199984	78.69094000
6.22219984	80.56717000
6.22239984	78.69094000
6.22259984	80.56717000
6.22279984	78.69094000
6.22299984	80.56717000
6.22319984	80.56717000
6.22339984	80.56717000
6.22359984	80.56717000
6.22379984	80.56717000
6.22399984	80.56717000
6.22419984	80.56717000
6.22439984	80.56717000
6.22459984	80.56717000
6.22479984	80.56717000
6.22499984	80.56717000
6.22519984	80.56717000
6.22539984	80.56717000
6.22559984	80.56717000
6.22579984	80.56717000
6.22599984	80.56717000
6.22619984	80.56717000
6.22639984	80.56717000
6.22659984	80.56717000
6.22679984	80.56717000
6.22699984	80.56717000
6.22719984	82.43725000
6.22739984	80.56717000
6.22759984	82.43725000
6.22779984	80.56717000
6.22799984	80.56717000
6.22819984	80.56717000
6.22839984	80.56717000
6.22859984	80.56717000
6.22879984	80.56717000
6.22899984	80.56717000
6.22919984	80.56717000
6.22939984	80.56717000
6.22959984	80.56717000
6.22979984	80.56717000
6.22999984	80.56717000
6.23019984	80.56717000
6.23039984	80.56717000
6.23059984	80.56717000
6.23079984	80.56717000
6.23099984	80.56717000
6.23119984	80.56717000
6.23139984	80.56717000
6.23159984	78.69094000
6.23179984	80.56717000
6.23199984	78.69094000
6.23219984	78.69094000
6.23239984	78.69094000
6.23259984	78.69094000
6.23279984	78.69094000
6.23299984	78.69094000
6.23319984	78.69094000
6.23339984	78.69094000
6.23359984	78.69094000
6.23379984	78.69094000
6.23399984	78.69094000
6.23419984	78.69094000
6.23439984	78.69094000
6.23459984	78.69094000
6.23479984	78.69094000
6.23499984	78.69094000
6.23519984	78.69094000
6.23539984	78.69094000
6.23559984	78.69094000
6.23579984	78.69094000
6.23599984	78.69094000
6.23619984	78.69094000
6.23639984	78.69094000
6.23659984	78.69094000
6.23679984	78.69094000
6.23699984	78.69094000
6.23719984	78.69094000
6.23739984	78.69094000
6.23759984	78.69094000
6.23779984	78.69094000
6.23799984	80.56717000
6.23819984	78.69094000
6.23839984	78.69094000
6.23859984	78.69094000
6.23879984	78.69094000
6.23899984	78.69094000
6.23919984	78.69094000
6.23939984	78.69094000
6.23959984	78.69094000
6.23979984	78.69094000
6.23999984	78.69094000
6.24019984	78.69094000
6.24039984	78.69094000
6.24059984	78.69094000
6.24079984	78.69094000
6.24099984	78.69094000
6.24119984	78.69094000
6.24139984	78.69094000
6.24159984	78.69094000
6.24179984	78.69094000
6.24199984	78.69094000
6.24219984	78.69094000
6.24239984	78.69094000
6.24259984	78.69094000
6.24279984	78.69094000
6.24299984	78.69094000
6.24319984	80.56717000
6.24339984	78.69094000
6.24359984	80.56717000
6.24379984	80.56717000
6.24399984	80.56717000
6.24419984	80.56717000
6.24439984	80.56717000
6.24459984	80.56717000
6.24479984	80.56717000
6.24499984	80.56717000
6.24519984	80.56717000
6.24539984	80.56717000
6.24559984	80.56717000
6.24579984	80.56717000
6.24599984	80.56717000
6.24619984	82.43725000
6.24639984	82.43725000
6.24659984	82.43725000
6.24679984	82.43725000
6.24699984	82.43725000
6.24719984	82.43725000
6.24739984	82.43725000
6.24759984	82.43725000
6.24779984	80.56717000
6.24799984	80.56717000
6.24819984	80.56717000
6.24839984	80.56717000
6.24859984	80.56717000
6.24879984	80.56717000
6.24899984	80.56717000
6.24919984	80.56717000
6.24939984	80.56717000
6.24959984	80.56717000
6.24979984	80.56717000
6.24999984	80.56717000
6.25019984	80.56717000
6.25039984	80.56717000
6.25059984	80.56717000
6.25079984	80.56717000
6.25099984	80.56717000
6.25119984	80.56717000
6.25139984	80.56717000
6.25159984	80.56717000
6.25179984	78.69094000
6.25199984	78.69094000
6.25219984	78.69094000
6.25239984	78.69094000
6.25259984	78.69094000
6.25279984	78.69094000
6.25299984	78.69094000
6.25319984	78.69094000
6.25339984	78.69094000
6.25359984	78.69094000
6.25379984	78.69094000
6.25399984	78.69094000
6.25419984	78.69094000
6.25439984	78.69094000
6.25459984	78.69094000
6.25479984	78.69094000
6.25499984	78.69094000
6.25519984	78.69094000
6.25539984	78.69094000
6.25559984	78.69094000
6.25579984	80.56717000
6.25599984	78.69094000
6.25619984	78.69094000
6.25639984	78.69094000
6.25659984	78.69094000
6.25679984	78.69094000
6.25699984	78.69094000
6.25719984	78.69094000
6.25739984	78.69094000
6.25759984	78.69094000
6.25779984	78.69094000
6.25799984	78.69094000
6.25819984	78.69094000
6.25839984	78.69094000
6.25859984	78.69094000
6.25879984	78.69094000
6.25899984	78.69094000
6.25919984	78.69094000
6.25939984	78.69094000
6.25959984	78.69094000
6.25979984	78.69094000
6.25999984	78.69094000
6.26019984	78.69094000
6.26039984	78.69094000
6.26059984	78.69094000
6.26079984	78.69094000
6.26099984	78.69094000
6.26119984	78.69094000
6.26139984	78.69094000
6.26159984	78.69094000
6.26179984	78.69094000
6.26199984	78.69094000
6.26219984	78.69094000
6.26239984	78.69094000
6.26259984	78.69094000
6.26279984	78.69094000
6.26299984	78.69094000
6.26319984	78.69094000
6.26339984	78.69094000
6.26359984	78.69094000
6.26379984	78.69094000
6.26399984	78.69094000
6.26419984	78.69094000
6.26439984	78.69094000
6.26459984	80.56717000
6.26479984	80.56717000
6.26499984	78.69094000
6.26519984	80.56717000
6.26539984	80.56717000
6.26559984	80.56717000
6.26579984	80.56717000
6.26599984	80.56717000
6.26619984	80.56717000
6.26639984	80.56717000
6.26659984	80.56717000
6.26679984	80.56717000
6.26699984	80.56717000
6.26719984	80.56717000
6.26739984	80.56717000
6.26759984	80.56717000
6.26779984	80.56717000
6.26799984	82.43725000
6.26819984	82.43725000
6.26839984	80.56717000
6.26859984	80.56717000
6.26879984	80.56717000
6.26899984	80.56717000
6.26919984	80.56717000
6.26939984	80.56717000
6.26959984	80.56717000
6.26979984	80.56717000
6.26999984	80.56717000
6.27019984	80.56717000
6.27039984	80.56717000
6.27059984	80.56717000
6.27079984	80.56717000
6.27099984	80.56717000
6.27119984	80.56717000
6.27139984	80.56717000
6.27159984	80.56717000
6.27179984	80.56717000
6.27199984	80.56717000
6.27219984	80.56717000
6.27239984	80.56717000
6.27259984	80.56717000
6.27279984	80.56717000
6.27299984	80.56717000
6.27319984	80.56717000
6.27339984	80.56717000
6.27359984	80.56717000
6.27379984	80.56717000
6.27399984	80.56717000
6.27419984	78.69094000
6.27439984	78.69094000
6.27459984	80.56717000
6.27479984	80.56717000
6.27499984	80.56717000
6.27519984	80.56717000
6.27539984	80.56717000
6.27559984	80.56717000
6.27579984	80.56717000
6.27599984	80.56717000
6.27619984	80.56717000
6.27639984	80.56717000
6.27659984	80.56717000
6.27679984	80.56717000
6.27699984	80.56717000
6.27719984	80.56717000
6.27739984	80.56717000
6.27759984	80.56717000
6.27779984	80.56717000
6.27799984	80.56717000
6.27819984	80.56717000
6.27839984	80.56717000
6.27859984	80.56717000
6.27879984	80.56717000
6.27899984	80.56717000
6.27919984	80.56717000
6.27939984	80.56717000
6.27959984	80.56717000
6.27979984	80.56717000
6.27999984	80.56717000
6.28019984	80.56717000
6.28039984	80.56717000
6.28059984	80.56717000
6.28079984	80.56717000
6.28099984	80.56717000
6.28119984	80.56717000
6.28139984	80.56717000
6.28159984	80.56717000
6.28179984	80.56717000
6.28199984	80.56717000
6.28219984	80.56717000
6.28239984	80.56717000
6.28259984	80.56717000
6.28279984	80.56717000
6.28299984	80.56717000
6.28319984	80.56717000
6.28339984	80.56717000
6.28359984	80.56717000
6.28379984	80.56717000
6.28399984	80.56717000
6.28419984	80.56717000
6.28439984	80.56717000
6.28459984	78.69094000
6.28479984	80.56717000
6.28499984	80.56717000
6.28519984	80.56717000
6.28539984	80.56717000
6.28559984	80.56717000
6.28579984	80.56717000
6.28599984	80.56717000
6.28619984	80.56717000
6.28639984	80.56717000
6.28659984	80.56717000
6.28679984	80.56717000
6.28699984	80.56717000
6.28719984	80.56717000
6.28739984	80.56717000
6.28759984	80.56717000
6.28779984	80.56717000
6.28799984	80.56717000
6.28819984	80.56717000
6.28839984	80.56717000
6.28859984	80.56717000
6.28879984	80.56717000
6.28899984	80.56717000
6.28919984	80.56717000
6.28939984	80.56717000
6.28959984	80.56717000
6.28979984	80.56717000
6.28999984	80.56717000
6.29019984	80.56717000
6.29039984	80.56717000
6.29059984	80.56717000
6.29079984	80.56717000
6.29099984	78.69094000
6.29119984	78.69094000
6.29139984	78.69094000
6.29159984	78.69094000
6.29179984	78.69094000
6.29199984	78.69094000
6.29219984	78.69094000
6.29239984	78.69094000
6.29259984	78.69094000
6.29279984	78.69094000
6.29299984	78.69094000
6.29319984	78.69094000
6.29339984	78.69094000
6.29359984	78.69094000
6.29379984	78.69094000
6.29399984	78.69094000
6.29419984	78.69094000
6.29439984	78.69094000
6.29459984	78.69094000
6.29479984	78.69094000
6.29499984	78.69094000
6.29519984	78.69094000
6.29539984	78.69094000
6.29559984	78.69094000
6.29579984	78.69094000
6.29599984	80.56717000
6.29619984	78.69094000
6.29639984	80.56717000
6.29659984	80.56717000
6.29679984	80.56717000
6.29699984	80.56717000
6.29719984	80.56717000
6.29739984	80.56717000
6.29759984	80.56717000
6.29779984	80.56717000
6.29799984	80.56717000
6.29819984	80.56717000
6.29839984	80.56717000
6.29859984	80.56717000
6.29879984	80.56717000
6.29899984	80.56717000
6.29919984	80.56717000
6.29939984	82.43725000
6.29959984	80.56717000
6.29979984	80.56717000
6.29999984	80.56717000
6.30019984	80.56717000
6.30039984	80.56717000
6.30059984	80.56717000
6.30079984	80.56717000
6.30099984	80.56717000
6.30119984	80.56717000
6.30139984	80.56717000
6.30159984	80.56717000
6.30179984	80.56717000
6.30199984	78.69094000
6.30219984	78.69094000
6.30239984	78.69094000
6.30259984	78.69094000
6.30279984	78.69094000
6.30299984	78.69094000
6.30319984	78.69094000
6.30339984	78.69094000
6.30359984	78.69094000
6.30379984	78.69094000
6.30399984	78.69094000
6.30419984	78.69094000
6.30439984	78.69094000
6.30459984	78.69094000
6.30479984	78.69094000
6.30499984	78.69094000
6.30519984	78.69094000
6.30539984	78.69094000
6.30559984	78.69094000
6.30579984	78.69094000
6.30599984	80.56717000
6.30619984	80.56717000
6.30639984	80.56717000
6.30659984	80.56717000
6.30679984	80.56717000
6.30699984	80.56717000
6.30719984	80.56717000
6.30739984	80.56717000
6.30759984	80.56717000
6.30779984	80.56717000
6.30799984	80.56717000
6.30819984	80.56717000
6.30839984	80.56717000
6.30859984	80.56717000
6.30879984	80.56717000
6.30899984	80.56717000
6.30919984	80.56717000
6.30939984	80.56717000
6.30959984	80.56717000
6.30979984	80.56717000
6.30999984	80.56717000
6.31019984	80.56717000
6.31039984	80.56717000
6.31059984	78.69094000
6.31079984	78.69094000
6.31099984	78.69094000
6.31119984	78.69094000
6.31139984	78.69094000
6.31159984	80.56717000
6.31179984	78.69094000
6.31199984	78.69094000
6.31219984	78.69094000
6.31239984	78.69094000
6.31259984	78.69094000
6.31279984	76.82086000
6.31299984	78.69094000
6.31319984	78.69094000
6.31339984	78.69094000
6.31359984	78.69094000
6.31379984	78.69094000
6.31399984	78.69094000
6.31419984	78.69094000
6.31439984	78.69094000
6.31459984	78.69094000
6.31479984	78.69094000
6.31499984	78.69094000
6.31519984	78.69094000
6.31539984	78.69094000
6.31559984	78.69094000
6.31579984	78.69094000
6.31599984	78.69094000
6.31619984	80.56717000
6.31639984	80.56717000
6.31659984	78.69094000
6.31679984	78.69094000
6.31699984	80.56717000
6.31719984	80.56717000
6.31739984	80.56717000
6.31759984	80.56717000
6.31779984	80.56717000
6.31799984	80.56717000
6.31819984	80.56717000
6.31839984	80.56717000
6.31859984	80.56717000
6.31879984	80.56717000
6.31899984	80.56717000
6.31919984	80.56717000
6.31939984	80.56717000
6.31959984	80.56717000
6.31979984	80.56717000
6.31999984	80.56717000
6.32019984	80.56717000
6.32039984	80.56717000
6.32059984	80.56717000
6.32079984	78.69094000
6.32099984	78.69094000
6.32119984	78.69094000
6.32139984	78.69094000
6.32159984	78.69094000
6.32179984	78.69094000
6.32199984	78.69094000
6.32219984	78.69094000
6.32239984	78.69094000
6.32259984	78.69094000
6.32279984	78.69094000
6.32299984	78.69094000
6.32319984	78.69094000
6.32339984	78.69094000
6.32359984	78.69094000
6.32379984	78.69094000
6.32399984	78.69094000
6.32419984	78.69094000
6.32439984	78.69094000
6.32459984	78.69094000
6.32479984	78.69094000
6.32499984	78.69094000
6.32519984	78.69094000
6.32539984	78.69094000
6.32559984	78.69094000
6.32579984	78.69094000
6.32599984	80.56717000
6.32619984	80.56717000
6.32639984	80.56717000
6.32659984	80.56717000
6.32679984	80.56717000
6.32699984	80.56717000
6.32719984	80.56717000
6.32739984	80.56717000
6.32759984	80.56717000
6.32779984	82.43725000
6.32799984	82.43725000
6.32819984	82.43725000
6.32839984	80.56717000
6.32859984	80.56717000
6.32879984	80.56717000
6.32899984	80.56717000
6.32919984	80.56717000
6.32939984	80.56717000
6.32959984	80.56717000
6.32979984	82.43725000
6.32999984	80.56717000
6.33019984	80.56717000
6.33039984	80.56717000
6.33059984	80.56717000
6.33079984	80.56717000
6.33099984	80.56717000
6.33119984	80.56717000
6.33139984	80.56717000
6.33159984	80.56717000
6.33179984	78.69094000
6.33199984	78.69094000
6.33219984	78.69094000
6.33239984	78.69094000
6.33259984	78.69094000
6.33279984	78.69094000
6.33299984	76.82086000
6.33319984	76.82086000
6.33339984	76.82086000
6.33359984	76.82086000
6.33379984	76.82086000
6.33399984	78.69094000
6.33419984	76.82086000
6.33439984	76.82086000
6.33459984	76.82086000
6.33479984	76.82086000
6.33499984	76.82086000
6.33519984	76.82086000
6.33539984	76.82086000
6.33559984	76.82086000
6.33579984	78.69094000
6.33599984	78.69094000
6.33619984	78.69094000
6.33639984	78.69094000
6.33659984	78.69094000
6.33679984	76.82086000
6.33699984	76.82086000
6.33719984	76.82086000
6.33739984	76.82086000
6.33759984	78.69094000
6.33779984	78.69094000
6.33799984	78.69094000
6.33819984	80.56717000
6.33839984	78.69094000
6.33859984	78.69094000
6.33879984	78.69094000
6.33899984	78.69094000
6.33919984	78.69094000
6.33939984	78.69094000
6.33959984	80.56717000
6.33979984	80.56717000
6.33999984	80.56717000
6.34019984	80.56717000
6.34039984	80.56717000
6.34059984	78.69094000
6.34079984	78.69094000
6.34099984	78.69094000
6.34119984	78.69094000
6.34139984	78.69094000
6.34159984	78.69094000
6.34179984	78.69094000
6.34199984	78.69094000
6.34219984	78.69094000
6.34239984	78.69094000
6.34259984	78.69094000
6.34279984	78.69094000
6.34299984	78.69094000
6.34319984	78.69094000
6.34339984	78.69094000
6.34359984	78.69094000
6.34379984	78.69094000
6.34399984	78.69094000
6.34419984	78.69094000
6.34439984	78.69094000
6.34459984	78.69094000
6.34479984	78.69094000
6.34499984	78.69094000
6.34519984	78.69094000
6.34539984	78.69094000
6.34559984	78.69094000
6.34579984	78.69094000
6.34599984	78.69094000
6.34619984	80.56717000
6.34639984	80.56717000
6.34659984	80.56717000
6.34679984	80.56717000
6.34699984	80.56717000
6.34719984	80.56717000
6.34739984	80.56717000
6.34759984	80.56717000
6.34779984	80.56717000
6.34799984	82.43725000
6.34819984	80.56717000
6.34839984	80.56717000
6.34859984	80.56717000
6.34879984	80.56717000
6.34899984	80.56717000
6.34919984	80.56717000
6.34939984	80.56717000
6.34959984	80.56717000
6.34979984	80.56717000
6.34999984	80.56717000
6.35019984	80.56717000
6.35039984	80.56717000
6.35059984	80.56717000
6.35079984	80.56717000
6.35099984	78.69094000
6.35119984	78.69094000
6.35139984	78.69094000
6.35159984	78.69094000
6.35179984	78.69094000
6.35199984	78.69094000
6.35219984	78.69094000
6.35239984	78.69094000
6.35259984	78.69094000
6.35279984	78.69094000
6.35299984	78.69094000
6.35319984	78.69094000
6.35339984	78.69094000
6.35359984	78.69094000
6.35379984	78.69094000
6.35399984	78.69094000
6.35419984	78.69094000
6.35439984	78.69094000
6.35459984	78.69094000
6.35479984	78.69094000
6.35499984	78.69094000
6.35519984	76.82086000
6.35539984	78.69094000
6.35559984	78.69094000
6.35579984	78.69094000
6.35599984	78.69094000
6.35619984	78.69094000
6.35639984	78.69094000
6.35659984	78.69094000
6.35679984	78.69094000
6.35699984	78.69094000
6.35719984	78.69094000
6.35739984	78.69094000
6.35759984	78.69094000
6.35779984	80.56717000
6.35799984	80.56717000
6.35819984	80.56717000
6.35839984	80.56717000
6.35859984	80.56717000
6.35879984	80.56717000
6.35899984	80.56717000
6.35919984	80.56717000
6.35939984	80.56717000
6.35959984	80.56717000
6.35979984	80.56717000
6.35999984	80.56717000
6.36019984	80.56717000
6.36039984	80.56717000
6.36059984	80.56717000
6.36079984	80.56717000
6.36099984	80.56717000
6.36119984	78.69094000
6.36139984	78.69094000
6.36159984	80.56717000
6.36179984	80.56717000
6.36199984	80.56717000
6.36219984	80.56717000
6.36239984	78.69094000
6.36259984	78.69094000
6.36279984	78.69094000
6.36299984	78.69094000
6.36319984	80.56717000
6.36339984	80.56717000
6.36359984	80.56717000
6.36379984	80.56717000
6.36399984	80.56717000
6.36419984	78.69094000
6.36439984	78.69094000
6.36459984	78.69094000
6.36479984	78.69094000
6.36499984	78.69094000
6.36519984	78.69094000
6.36539984	78.69094000
6.36559984	80.56717000
6.36579984	80.56717000
6.36599984	80.56717000
6.36619984	80.56717000
6.36639984	80.56717000
6.36659984	80.56717000
6.36679984	80.56717000
6.36699984	80.56717000
6.36719984	80.56717000
6.36739984	80.56717000
6.36759984	80.56717000
6.36779984	80.56717000
6.36799984	80.56717000
6.36819984	80.56717000
6.36839984	80.56717000
6.36859984	80.56717000
6.36879984	80.56717000
6.36899984	80.56717000
6.36919984	80.56717000
6.36939984	80.56717000
6.36959984	80.56717000
6.36979984	80.56717000
6.36999984	80.56717000
6.37019984	80.56717000
6.37039984	80.56717000
6.37059984	80.56717000
6.37079984	80.56717000
6.37099984	78.69094000
6.37119984	80.56717000
6.37139984	80.56717000
6.37159984	78.69094000
6.37179984	78.69094000
6.37199984	78.69094000
6.37219984	78.69094000
6.37239984	78.69094000
6.37259984	78.69094000
6.37279984	78.69094000
6.37299984	78.69094000
6.37319984	78.69094000
6.37339984	78.69094000
6.37359984	78.69094000
6.37379984	78.69094000
6.37399984	78.69094000
6.37419984	78.69094000
6.37439984	78.69094000
6.37459984	78.69094000
6.37479984	78.69094000
6.37499984	78.69094000
6.37519984	78.69094000
6.37539984	78.69094000
6.37559984	78.69094000
6.37579984	78.69094000
6.37599984	78.69094000
6.37619984	78.69094000
6.37639984	78.69094000
6.37659984	78.69094000
6.37679984	78.69094000
6.37699984	78.69094000
6.37719984	78.69094000
6.37739984	78.69094000
6.37759984	78.69094000
6.37779984	78.69094000
6.37799984	78.69094000
6.37819984	78.69094000
6.37839984	78.69094000
6.37859984	78.69094000
6.37879984	78.69094000
6.37899984	78.69094000
6.37919984	78.69094000
6.37939984	78.69094000
6.37959984	78.69094000
6.37979984	78.69094000
6.37999984	78.69094000
6.38019984	78.69094000
6.38039984	76.82086000
6.38059984	76.82086000
6.38079984	76.82086000
6.38099984	76.82086000
6.38119984	76.82086000
6.38139984	76.82086000
6.38159984	76.82086000
6.38179984	76.82086000
6.38199984	76.82086000
6.38219984	76.82086000
6.38239984	76.82086000
6.38259984	76.82086000
6.38279984	76.82086000
6.38299984	76.82086000
6.38319984	76.82086000
6.38339984	76.82086000
6.38359984	76.82086000
6.38379984	76.82086000
6.38399984	76.82086000
6.38419984	76.82086000
6.38439984	74.94463000
6.38459984	76.82086000
6.38479984	76.82086000
6.38499984	76.82086000
6.38519984	76.82086000
6.38539984	76.82086000
6.38559984	76.82086000
6.38579984	76.82086000
6.38599984	76.82086000
6.38619984	76.82086000
6.38639984	76.82086000
6.38659984	78.69094000
6.38679984	78.69094000
6.38699984	78.69094000
6.38719984	78.69094000
6.38739984	78.69094000
6.38759984	78.69094000
6.38779984	78.69094000
6.38799984	78.69094000
6.38819984	78.69094000
6.38839984	78.69094000
6.38859984	78.69094000
6.38879984	78.69094000
6.38899984	78.69094000
6.38919984	78.69094000
6.38939984	78.69094000
6.38959984	78.69094000
6.38979984	78.69094000
6.38999984	78.69094000
6.39019984	78.69094000
6.39039984	78.69094000
6.39059984	78.69094000
6.39079984	80.56717000
6.39099984	80.56717000
6.39119984	78.69094000
6.39139984	78.69094000
6.39159984	78.69094000
6.39179984	78.69094000
6.39199984	78.69094000
6.39219984	78.69094000
6.39239984	78.69094000
6.39259984	78.69094000
6.39279984	78.69094000
6.39299984	78.69094000
6.39319984	78.69094000
6.39339984	78.69094000
6.39359984	78.69094000
6.39379984	78.69094000
6.39399984	78.69094000
6.39419984	78.69094000
6.39439984	78.69094000
6.39459984	78.69094000
6.39479984	78.69094000
6.39499984	78.69094000
6.39519984	78.69094000
6.39539984	78.69094000
6.39559984	78.69094000
6.39579984	78.69094000
6.39599984	78.69094000
6.39619984	78.69094000
6.39639984	78.69094000
6.39659984	78.69094000
6.39679984	78.69094000
6.39699984	78.69094000
6.39719984	78.69094000
6.39739984	78.69094000
6.39759984	78.69094000
6.39779984	78.69094000
6.39799984	80.56717000
6.39819984	80.56717000
6.39839984	80.56717000
6.39859984	80.56717000
6.39879984	80.56717000
6.39899984	80.56717000
6.39919984	80.56717000
6.39939984	80.56717000
6.39959984	80.56717000
6.39979984	80.56717000
6.39999984	80.56717000
6.40019984	80.56717000
6.40039984	80.56717000
6.40059984	80.56717000
6.40079984	80.56717000
6.40099984	80.56717000
6.40119984	78.69094000
6.40139984	80.56717000
6.40159984	78.69094000
6.40179984	78.69094000
6.40199984	80.56717000
6.40219984	80.56717000
6.40239984	78.69094000
6.40259984	80.56717000
6.40279984	80.56717000
6.40299984	80.56717000
6.40319984	80.56717000
6.40339984	80.56717000
6.40359984	78.69094000
6.40379984	78.69094000
6.40399984	78.69094000
6.40419984	78.69094000
6.40439984	78.69094000
6.40459984	78.69094000
6.40479984	78.69094000
6.40499984	78.69094000
6.40519984	78.69094000
6.40539984	78.69094000
6.40559984	78.69094000
6.40579984	78.69094000
6.40599984	78.69094000
6.40619984	78.69094000
6.40639984	78.69094000
6.40659984	78.69094000
6.40679984	78.69094000
6.40699984	78.69094000
6.40719984	80.56717000
6.40739984	80.56717000
6.40759984	78.69094000
6.40779984	78.69094000
6.40799984	78.69094000
6.40819984	78.69094000
6.40839984	78.69094000
6.40859984	78.69094000
6.40879984	78.69094000
6.40899984	78.69094000
6.40919984	78.69094000
6.40939984	78.69094000
6.40959984	78.69094000
6.40979984	78.69094000
6.40999984	78.69094000
6.41019984	78.69094000
6.41039984	78.69094000
6.41059984	78.69094000
6.41079984	78.69094000
6.41099984	78.69094000
6.41119984	78.69094000
6.41139984	78.69094000
6.41159984	78.69094000
6.41179984	78.69094000
6.41199984	78.69094000
6.41219984	76.82086000
6.41239984	76.82086000
6.41259984	76.82086000
6.41279984	78.69094000
6.41299984	78.69094000
6.41319984	78.69094000
6.41339984	78.69094000
6.41359984	78.69094000
6.41379984	78.69094000
6.41399984	78.69094000
6.41419984	78.69094000
6.41439984	78.69094000
6.41459984	78.69094000
6.41479984	78.69094000
6.41499984	78.69094000
6.41519984	78.69094000
6.41539984	78.69094000
6.41559984	78.69094000
6.41579984	78.69094000
6.41599984	78.69094000
6.41619984	78.69094000
6.41639984	78.69094000
6.41659984	78.69094000
6.41679984	78.69094000
6.41699984	78.69094000
6.41719984	78.69094000
6.41739984	78.69094000
6.41759984	78.69094000
6.41779984	80.56717000
6.41799984	78.69094000
6.41819984	80.56717000
6.41839984	78.69094000
6.41859984	78.69094000
6.41879984	78.69094000
6.41899984	78.69094000
6.41919984	78.69094000
6.41939984	78.69094000
6.41959984	78.69094000
6.41979984	78.69094000
6.41999984	78.69094000
6.42019984	78.69094000
6.42039984	78.69094000
6.42059984	78.69094000
6.42079984	78.69094000
6.42099984	78.69094000
6.42119984	78.69094000
6.42139984	78.69094000
6.42159984	78.69094000
6.42179984	78.69094000
6.42199984	78.69094000
6.42219984	78.69094000
6.42239984	78.69094000
6.42259984	78.69094000
6.42279984	78.69094000
6.42299984	78.69094000
6.42319984	78.69094000
6.42339984	78.69094000
6.42359984	78.69094000
6.42379984	78.69094000
6.42399984	78.69094000
6.42419984	76.82086000
6.42439984	76.82086000
6.42459984	76.82086000
6.42479984	76.82086000
6.42499984	76.82086000
6.42519984	76.82086000
6.42539984	78.69094000
6.42559984	78.69094000
6.42579984	78.69094000
6.42599984	78.69094000
6.42619984	78.69094000
6.42639984	78.69094000
6.42659984	78.69094000
6.42679984	78.69094000
6.42699984	78.69094000
6.42719984	78.69094000
6.42739984	78.69094000
6.42759984	78.69094000
6.42779984	78.69094000
6.42799984	78.69094000
6.42819984	78.69094000
6.42839984	78.69094000
6.42859984	78.69094000
6.42879984	78.69094000
6.42899984	78.69094000
6.42919984	78.69094000
6.42939984	78.69094000
6.42959984	78.69094000
6.42979984	78.69094000
6.42999984	78.69094000
6.43019984	78.69094000
6.43039984	78.69094000
6.43059984	80.56717000
6.43079984	80.56717000
6.43099984	78.69094000
6.43119984	78.69094000
6.43139984	78.69094000
6.43159984	78.69094000
6.43179984	78.69094000
6.43199984	78.69094000
6.43219984	78.69094000
6.43239984	78.69094000
6.43259984	78.69094000
6.43279984	78.69094000
6.43299984	78.69094000
6.43319984	78.69094000
6.43339984	78.69094000
6.43359984	78.69094000
6.43379984	78.69094000
6.43399984	78.69094000
6.43419984	76.82086000
6.43439984	76.82086000
6.43459984	78.69094000
6.43479984	78.69094000
6.43499984	78.69094000
6.43519984	78.69094000
6.43539984	78.69094000
6.43559984	78.69094000
6.43579984	78.69094000
6.43599984	78.69094000
6.43619984	78.69094000
6.43639984	78.69094000
6.43659984	78.69094000
6.43679984	78.69094000
6.43699984	78.69094000
6.43719984	78.69094000
6.43739984	78.69094000
6.43759984	78.69094000
6.43779984	78.69094000
6.43799984	78.69094000
6.43819984	78.69094000
6.43839984	78.69094000
6.43859984	78.69094000
6.43879984	78.69094000
6.43899984	78.69094000
6.43919984	78.69094000
6.43939984	78.69094000
6.43959984	78.69094000
6.43979984	78.69094000
6.43999984	78.69094000
6.44019984	78.69094000
6.44039984	78.69094000
6.44059984	76.82086000
6.44079984	78.69094000
6.44099984	76.82086000
6.44119984	78.69094000
6.44139984	78.69094000
6.44159984	78.69094000
6.44179984	78.69094000
6.44199984	78.69094000
6.44219984	78.69094000
6.44239984	78.69094000
6.44259984	78.69094000
6.44279984	78.69094000
6.44299984	78.69094000
6.44319984	76.82086000
6.44339984	76.82086000
6.44359984	76.82086000
6.44379984	76.82086000
6.44399984	76.82086000
6.44419984	76.82086000
6.44439984	76.82086000
6.44459984	76.82086000
6.44479984	78.69094000
6.44499984	76.82086000
6.44519984	76.82086000
6.44539984	78.69094000
6.44559984	78.69094000
6.44579984	78.69094000
6.44599984	78.69094000
6.44619984	78.69094000
6.44639984	78.69094000
6.44659984	78.69094000
6.44679984	78.69094000
6.44699984	78.69094000
6.44719984	78.69094000
6.44739984	78.69094000
6.44759984	78.69094000
6.44779984	80.56717000
6.44799984	80.56717000
6.44819984	80.56717000
6.44839984	78.69094000
6.44859984	80.56717000
6.44879984	78.69094000
6.44899984	80.56717000
6.44919984	80.56717000
6.44939984	80.56717000
6.44959984	80.56717000
6.44979984	80.56717000
6.44999984	80.56717000
6.45019984	80.56717000
6.45039984	80.56717000
6.45059984	80.56717000
6.45079984	80.56717000
6.45099984	80.56717000
6.45119984	80.56717000
6.45139984	80.56717000
6.45159984	80.56717000
6.45179984	80.56717000
6.45199984	80.56717000
6.45219984	80.56717000
6.45239984	78.69094000
6.45259984	78.69094000
6.45279984	78.69094000
6.45299984	78.69094000
6.45319984	78.69094000
6.45339984	78.69094000
6.45359984	78.69094000
6.45379984	78.69094000
6.45399984	80.56717000
6.45419984	80.56717000
6.45439984	80.56717000
6.45459984	78.69094000
6.45479984	78.69094000
6.45499984	78.69094000
6.45519984	78.69094000
6.45539984	78.69094000
6.45559984	78.69094000
6.45579984	78.69094000
6.45599984	76.82086000
6.45619984	76.82086000
6.45639984	76.82086000
6.45659984	76.82086000
6.45679984	76.82086000
6.45699984	78.69094000
6.45719984	78.69094000
6.45739984	78.69094000
6.45759984	78.69094000
6.45779984	78.69094000
6.45799984	78.69094000
6.45819984	78.69094000
6.45839984	78.69094000
6.45859984	78.69094000
6.45879984	78.69094000
6.45899984	78.69094000
6.45919984	78.69094000
6.45939984	78.69094000
6.45959984	78.69094000
6.45979984	78.69094000
6.45999984	78.69094000
6.46019984	78.69094000
6.46039984	78.69094000
6.46059984	78.69094000
6.46079984	78.69094000
6.46099984	78.69094000
6.46119984	78.69094000
6.46139984	78.69094000
6.46159984	78.69094000
6.46179984	78.69094000
6.46199984	78.69094000
6.46219984	78.69094000
6.46239984	78.69094000
6.46259984	78.69094000
6.46279984	78.69094000
6.46299984	78.69094000
6.46319984	78.69094000
6.46339984	78.69094000
6.46359984	78.69094000
6.46379984	78.69094000
6.46399984	78.69094000
6.46419984	78.69094000
6.46439984	78.69094000
6.46459984	78.69094000
6.46479984	78.69094000
6.46499984	78.69094000
6.46519984	78.69094000
6.46539984	78.69094000
6.46559984	78.69094000
6.46579984	78.69094000
6.46599984	78.69094000
6.46619984	80.56717000
6.46639984	80.56717000
6.46659984	80.56717000
6.46679984	80.56717000
6.46699984	78.69094000
6.46719984	78.69094000
6.46739984	78.69094000
6.46759984	78.69094000
6.46779984	78.69094000
6.46799984	78.69094000
6.46819984	78.69094000
6.46839984	78.69094000
6.46859984	78.69094000
6.46879984	78.69094000
6.46899984	78.69094000
6.46919984	78.69094000
6.46939984	78.69094000
6.46959984	78.69094000
6.46979984	78.69094000
6.46999984	78.69094000
6.47019984	78.69094000
6.47039984	80.56717000
6.47059984	78.69094000
6.47079984	78.69094000
6.47099984	78.69094000
6.47119984	78.69094000
6.47139984	78.69094000
6.47159984	78.69094000
6.47179984	78.69094000
6.47199984	78.69094000
6.47219984	78.69094000
6.47239984	76.82086000
6.47259984	76.82086000
6.47279984	76.82086000
6.47299984	76.82086000
6.47319984	76.82086000
6.47339984	76.82086000
6.47359984	76.82086000
6.47379984	76.82086000
6.47399984	76.82086000
6.47419984	76.82086000
6.47439984	76.82086000
6.47459984	76.82086000
6.47479984	76.82086000
6.47499984	76.82086000
6.47519984	76.82086000
6.47539984	76.82086000
6.47559984	76.82086000
6.47579984	76.82086000
6.47599984	76.82086000
6.47619984	76.82086000
6.47639984	76.82086000
6.47659984	76.82086000
6.47679984	76.82086000
6.47699984	76.82086000
6.47719984	76.82086000
6.47739984	76.82086000
6.47759984	76.82086000
6.47779984	76.82086000
6.47799984	76.82086000
6.47819984	76.82086000
6.47839984	76.82086000
6.47859984	76.82086000
6.47879984	76.82086000
6.47899984	76.82086000
6.47919984	76.82086000
6.47939984	76.82086000
6.47959984	76.82086000
6.47979984	76.82086000
6.47999984	76.82086000
6.48019984	76.82086000
6.48039984	76.82086000
6.48059984	76.82086000
6.48079984	76.82086000
6.48099984	76.82086000
6.48119984	76.82086000
6.48139984	76.82086000
6.48159984	76.82086000
6.48179984	78.69094000
6.48199984	78.69094000
6.48219984	78.69094000
6.48239984	78.69094000
6.48259984	78.69094000
6.48279984	78.69094000
6.48299984	78.69094000
6.48319984	78.69094000
6.48339984	78.69094000
6.48359984	76.82086000
6.48379984	76.82086000
6.48399984	76.82086000
6.48419984	76.82086000
6.48439984	76.82086000
6.48459984	78.69094000
6.48479984	76.82086000
6.48499984	76.82086000
6.48519984	78.69094000
6.48539984	78.69094000
6.48559984	78.69094000
6.48579984	78.69094000
6.48599984	78.69094000
6.48619984	78.69094000
6.48639984	78.69094000
6.48659984	78.69094000
6.48679984	78.69094000
6.48699984	78.69094000
6.48719984	78.69094000
6.48739984	78.69094000
6.48759984	78.69094000
6.48779984	78.69094000
6.48799984	78.69094000
6.48819984	78.69094000
6.48839984	78.69094000
6.48859984	78.69094000
6.48879984	78.69094000
6.48899984	78.69094000
6.48919984	78.69094000
6.48939984	78.69094000
6.48959984	78.69094000
6.48979984	78.69094000
6.48999984	78.69094000
6.49019984	78.69094000
6.49039984	78.69094000
6.49059984	78.69094000
6.49079984	78.69094000
6.49099984	78.69094000
6.49119984	78.69094000
6.49139984	78.69094000
6.49159984	78.69094000
6.49179984	78.69094000
6.49199984	78.69094000
6.49219984	78.69094000
6.49239984	78.69094000
6.49259984	78.69094000
6.49279984	78.69094000
6.49299984	78.69094000
6.49319984	78.69094000
6.49339984	78.69094000
6.49359984	76.82086000
6.49379984	76.82086000
6.49399984	76.82086000
6.49419984	78.69094000
6.49439984	78.69094000
6.49459984	78.69094000
6.49479984	78.69094000
6.49499984	78.69094000
6.49519984	78.69094000
6.49539984	78.69094000
6.49559984	78.69094000
6.49579984	76.82086000
6.49599984	78.69094000
6.49619984	76.82086000
6.49639984	76.82086000
6.49659984	76.82086000
6.49679984	76.82086000
6.49699984	78.69094000
6.49719984	78.69094000
6.49739984	78.69094000
6.49759984	78.69094000
6.49779984	78.69094000
6.49799984	78.69094000
6.49819984	78.69094000
6.49839984	78.69094000
6.49859984	78.69094000
6.49879984	78.69094000
6.49899984	78.69094000
6.49919984	78.69094000
6.49939984	78.69094000
6.49959984	78.69094000
6.49979984	76.82086000
6.49999984	76.82086000
6.50019984	76.82086000
6.50039984	76.82086000
6.50059984	76.82086000
6.50079984	76.82086000
6.50099984	76.82086000
6.50119984	76.82086000
6.50139984	76.82086000
6.50159984	76.82086000
6.50179984	76.82086000
6.50199984	76.82086000
6.50219984	76.82086000
6.50239984	76.82086000
6.50259984	76.82086000
6.50279984	76.82086000
6.50299984	76.82086000
6.50319984	76.82086000
6.50339984	76.82086000
6.50359984	76.82086000
6.50379984	76.82086000
6.50399984	76.82086000
6.50419984	78.69094000
6.50439984	78.69094000
6.50459984	78.69094000
6.50479984	78.69094000
6.50499984	78.69094000
6.50519984	78.69094000
6.50539984	78.69094000
6.50559984	78.69094000
6.50579984	78.69094000
6.50599984	78.69094000
6.50619984	78.69094000
6.50639984	78.69094000
6.50659984	78.69094000
6.50679984	78.69094000
6.50699984	78.69094000
6.50719984	78.69094000
6.50739984	78.69094000
6.50759984	78.69094000
6.50779984	78.69094000
6.50799984	78.69094000
6.50819984	78.69094000
6.50839984	80.56717000
6.50859984	80.56717000
6.50879984	80.56717000
6.50899984	80.56717000
6.50919984	78.69094000
6.50939984	78.69094000
6.50959984	78.69094000
6.50979984	78.69094000
6.50999984	78.69094000
6.51019984	80.56717000
6.51039984	78.69094000
6.51059984	78.69094000
6.51079984	78.69094000
6.51099984	78.69094000
6.51119984	78.69094000
6.51139984	78.69094000
6.51159984	76.82086000
6.51179984	78.69094000
6.51199984	76.82086000
6.51219984	76.82086000
6.51239984	76.82086000
6.51259984	76.82086000
6.51279984	76.82086000
6.51299984	76.82086000
6.51319984	76.82086000
6.51339984	76.82086000
6.51359984	76.82086000
6.51379984	76.82086000
6.51399984	76.82086000
6.51419984	76.82086000
6.51439984	76.82086000
6.51459984	76.82086000
6.51479984	76.82086000
6.51499984	76.82086000
6.51519984	76.82086000
6.51539984	76.82086000
6.51559984	76.82086000
6.51579984	76.82086000
6.51599984	76.82086000
6.51619984	76.82086000
6.51639984	76.82086000
6.51659984	76.82086000
6.51679984	76.82086000
6.51699984	76.82086000
6.51719984	76.82086000
6.51739984	76.82086000
6.51759984	76.82086000
6.51779984	76.82086000
6.51799984	76.82086000
6.51819984	76.82086000
6.51839984	76.82086000
6.51859984	76.82086000
6.51879984	76.82086000
6.51899984	76.82086000
6.51919984	76.82086000
6.51939984	76.82086000
6.51959984	76.82086000
6.51979984	76.82086000
6.51999984	76.82086000
6.52019984	76.82086000
6.52039984	76.82086000
6.52059984	76.82086000
6.52079984	76.82086000
6.52099984	76.82086000
6.52119984	76.82086000
6.52139984	76.82086000
6.52159984	76.82086000
6.52179984	76.82086000
6.52199984	76.82086000
6.52219984	76.82086000
6.52239984	76.82086000
6.52259984	76.82086000
6.52279984	76.82086000
6.52299984	76.82086000
6.52319984	76.82086000
6.52339984	76.82086000
6.52359984	76.82086000
6.52379984	76.82086000
6.52399984	76.82086000
6.52419984	76.82086000
6.52439984	76.82086000
6.52459984	76.82086000
6.52479984	78.69094000
6.52499984	78.69094000
6.52519984	78.69094000
6.52539984	78.69094000
6.52559984	78.69094000
6.52579984	78.69094000
6.52599984	78.69094000
6.52619984	78.69094000
6.52639984	78.69094000
6.52659984	78.69094000
6.52679984	78.69094000
6.52699984	78.69094000
6.52719984	78.69094000
6.52739984	78.69094000
6.52759984	78.69094000
6.52779984	78.69094000
6.52799984	78.69094000
6.52819984	78.69094000
6.52839984	78.69094000
6.52859984	78.69094000
6.52879984	78.69094000
6.52899984	78.69094000
6.52919984	78.69094000
6.52939984	78.69094000
6.52959984	78.69094000
6.52979984	78.69094000
6.52999984	78.69094000
6.53019984	78.69094000
6.53039984	78.69094000
6.53059984	78.69094000
6.53079984	78.69094000
6.53099984	78.69094000
6.53119984	78.69094000
6.53139984	78.69094000
6.53159983	78.69094000
6.53179983	78.69094000
6.53199983	78.69094000
6.53219983	78.69094000
6.53239983	76.82086000
6.53259983	76.82086000
6.53279983	76.82086000
6.53299983	76.82086000
6.53319983	78.69094000
6.53339983	78.69094000
6.53359983	76.82086000
6.53379983	76.82086000
6.53399983	78.69094000
6.53419983	76.82086000
6.53439983	76.82086000
6.53459983	78.69094000
6.53479983	78.69094000
6.53499983	78.69094000
6.53519983	76.82086000
6.53539983	76.82086000
6.53559983	78.69094000
6.53579983	76.82086000
6.53599983	76.82086000
6.53619983	76.82086000
6.53639983	76.82086000
6.53659983	76.82086000
6.53679983	76.82086000
6.53699983	76.82086000
6.53719983	76.82086000
6.53739983	78.69094000
6.53759983	78.69094000
6.53779983	78.69094000
6.53799983	76.82086000
6.53819983	78.69094000
6.53839983	76.82086000
6.53859983	78.69094000
6.53879983	76.82086000
6.53899983	76.82086000
6.53919983	76.82086000
6.53939983	76.82086000
6.53959983	76.82086000
6.53979983	76.82086000
6.53999983	76.82086000
6.54019983	76.82086000
6.54039983	76.82086000
6.54059983	76.82086000
6.54079983	76.82086000
6.54099983	76.82086000
6.54119983	76.82086000
6.54139983	76.82086000
6.54159983	76.82086000
6.54179983	76.82086000
6.54199983	76.82086000
6.54219983	74.94463000
6.54239983	76.82086000
6.54259983	76.82086000
6.54279983	74.94463000
6.54299983	76.82086000
6.54319983	76.82086000
6.54339983	74.94463000
6.54359983	76.82086000
6.54379983	76.82086000
6.54399983	76.82086000
6.54419983	76.82086000
6.54439983	76.82086000
6.54459983	76.82086000
6.54479983	76.82086000
6.54499983	76.82086000
6.54519983	76.82086000
6.54539983	76.82086000
6.54559983	76.82086000
6.54579983	76.82086000
6.54599983	76.82086000
6.54619983	76.82086000
6.54639983	76.82086000
6.54659983	78.69094000
6.54679983	78.69094000
6.54699983	78.69094000
6.54719983	78.69094000
6.54739983	78.69094000
6.54759983	78.69094000
6.54779983	78.69094000
6.54799983	78.69094000
6.54819983	78.69094000
6.54839983	78.69094000
6.54859983	76.82086000
6.54879983	76.82086000
6.54899983	76.82086000
6.54919983	76.82086000
6.54939983	76.82086000
6.54959983	76.82086000
6.54979983	76.82086000
6.54999983	78.69094000
6.55019983	78.69094000
6.55039983	76.82086000
6.55059983	76.82086000
6.55079983	76.82086000
6.55099983	76.82086000
6.55119983	76.82086000
6.55139983	76.82086000
6.55159983	76.82086000
6.55179983	76.82086000
6.55199983	76.82086000
6.55219983	76.82086000
6.55239983	76.82086000
6.55259983	76.82086000
6.55279983	76.82086000
6.55299983	76.82086000
6.55319983	76.82086000
6.55339983	76.82086000
